timestamp,btc,eth
2026-09-07 09:00:00,77.49805743489188,72.90464697849065
2026-09-07 09:00:01,77.49634097902313,72.9017832476411
2026-09-07 09:00:02,77.48928211015978,72.89984437709663
2026-09-07 09:00:03,77.49772085901348,72.90369814070833
2026-09-07 09:00:04,77.50559091764256,72.9059595122681
2026-09-07 09:00:05,77.50858725477228,72.90764317307911
2026-09-07 09:00:06,77.49594053677413,72.9154155323798
2026-09-07 09:00:07,77.49978369095534,72.91994884297168
2026-09-07 09:00:08,77.4869463905824,72.90409888818222
2026-09-07 09:00:09,77.48019496969751,72.89984375380607
2026-09-07 09:00:10,77.48251247845336,72.89942598798214
2026-09-07 09:00:11,77.48646569071884,72.89358969071344
2026-09-07 09:00:12,77.48880810638778,72.89717059346967
2026-09-07 09:00:13,77.48379036628499,72.91277835241974
2026-09-07 09:00:14,77.48801407900567,72.92365773427201
2026-09-07 09:00:15,77.48330604240495,72.9169352889867
2026-09-07 09:00:16,77.48069484688416,72.91596744976356
2026-09-07 09:00:17,77.48549111964347,72.9182248801696
2026-09-07 09:00:18,77.48209588344365,72.90952716162161
2026-09-07 09:00:19,77.47814506926281,72.92062344577853
2026-09-07 09:00:20,77.4720140835493,72.92284767402607
2026-09-07 09:00:21,77.4752500334833,72.90930677208235
2026-09-07 09:00:22,77.47561748201011,72.92117857052138
2026-09-07 09:00:23,77.46033372716292,72.918254878622
2026-09-07 09:00:24,77.45952814007025,72.91082635681202
2026-09-07 09:00:25,77.46330124696789,72.9102597688606
2026-09-07 09:00:26,77.45218969843964,72.91778331487932
2026-09-07 09:00:27,77.45726684299,72.92638025052372
2026-09-07 09:00:28,77.46819583375377,72.92967267085403
2026-09-07 09:00:29,77.46910042702247,72.91786266775513
2026-09-07 09:00:30,77.47376975538299,72.91230187563741
2026-09-07 09:00:31,77.47033446274314,72.90080710343047
2026-09-07 09:00:32,77.46299273109463,72.8959803267657
2026-09-07 09:00:33,77.4727710172829,72.8775201481352
2026-09-07 09:00:34,77.46171084552232,72.8796939357944
2026-09-07 09:00:35,77.47266134714624,72.88494891758478
2026-09-07 09:00:36,77.45824619326821,72.8620733750559
2026-09-07 09:00:37,77.46095717318249,72.85538615762522
2026-09-07 09:00:38,77.45246199138342,72.86426210493585
2026-09-07 09:00:39,77.46081987023399,72.86568980588147
2026-09-07 09:00:40,77.46268410470854,72.86963455953006
2026-09-07 09:00:41,77.47477788033946,72.87525700265381
2026-09-07 09:00:42,77.47871305256324,72.88023222820279
2026-09-07 09:00:43,77.46681285841771,72.89187659292142
2026-09-07 09:00:44,77.47405926855677,72.89668835915877
2026-09-07 09:00:45,77.4590829787785,72.8909300084407
2026-09-07 09:00:46,77.46547286394937,72.87447477782499
2026-09-07 09:00:47,77.46407633645822,72.88373604124055
2026-09-07 09:00:48,77.45412885278203,72.89836477225364
2026-09-07 09:00:49,77.45831570755024,72.89699993300451
2026-09-07 09:00:50,77.46077989778472,72.90290440060873
2026-09-07 09:00:51,77.46169289821553,72.91331564854346
2026-09-07 09:00:52,77.45667382474555,72.90954576864738
2026-09-07 09:00:53,77.46457617345118,72.90978875746882
2026-09-07 09:00:54,77.45789612509095,72.91839032662102
2026-09-07 09:00:55,77.46901412947571,72.91434670174169
2026-09-07 09:00:56,77.45854403937675,72.91312144279291
2026-09-07 09:00:57,77.45741317815964,72.91041250560896
2026-09-07 09:00:58,77.46807036127733,72.90107939463694
2026-09-07 09:00:59,77.47763491615558,72.88955428082436
2026-09-07 09:01:00,77.47166260351626,72.8952917748826
2026-09-07 09:01:01,77.48022671313983,72.90309690783582
2026-09-07 09:01:02,77.48284608959877,72.90439000509717
2026-09-07 09:01:03,77.48400285869674,72.90961753364871
2026-09-07 09:01:04,77.48266537650167,72.91213841438523
2026-09-07 09:01:05,77.48701134211801,72.91214547756194
2026-09-07 09:01:06,77.49280909969852,72.91728810429633
2026-09-07 09:01:07,77.50807019153768,72.92024106339319
2026-09-07 09:01:08,77.50482397498611,72.91685424912893
2026-09-07 09:01:09,77.50472412122669,72.92525057106796
2026-09-07 09:01:10,77.50216900390808,72.92875731802938
2026-09-07 09:01:11,77.51611601411349,72.90544594895275
2026-09-07 09:01:12,77.50758349248804,72.90766188285657
2026-09-07 09:01:13,77.51060697566996,72.90982950102723
2026-09-07 09:01:14,77.50733363973761,72.91578331766694
2026-09-07 09:01:15,77.50947496265184,72.91103797904381
2026-09-07 09:01:16,77.52792397035444,72.91426507787072
2026-09-07 09:01:17,77.52371541205697,72.91336064757422
2026-09-07 09:01:18,77.5220021907935,72.91278984414723
2026-09-07 09:01:19,77.50129161870599,72.90836416659221
2026-09-07 09:01:20,77.50894713565033,72.8977443875789
2026-09-07 09:01:21,77.5084404301557,72.90640860598442
2026-09-07 09:01:22,77.51493970929033,72.91995973358789
2026-09-07 09:01:23,77.50202362267162,72.91674721803346
2026-09-07 09:01:24,77.49943530111817,72.92241203021632
2026-09-07 09:01:25,77.50772234773906,72.89802907628396
2026-09-07 09:01:26,77.51598668323673,72.8848761726163
2026-09-07 09:01:27,77.52117289271753,72.87132056419455
2026-09-07 09:01:28,77.52250767867109,72.88217240507433
2026-09-07 09:01:29,77.52137359975428,72.88390799558563
2026-09-07 09:01:30,77.52742557033075,72.88519185678985
2026-09-07 09:01:31,77.52675336019617,72.89912254506
2026-09-07 09:01:32,77.53471439101143,72.89645215163851
2026-09-07 09:01:33,77.55556410092527,72.88603146932005
2026-09-07 09:01:34,77.56251120922926,72.88361684771199
2026-09-07 09:01:35,77.56351635459994,72.89002153480783
2026-09-07 09:01:36,77.56520412434432,72.89582379821692
2026-09-07 09:01:37,77.55360195150361,72.8821083260945
2026-09-07 09:01:38,77.55827257030553,72.87335817698522
2026-09-07 09:01:39,77.55047412440403,72.86000450666549
2026-09-07 09:01:40,77.56009286121316,72.86678453388049
2026-09-07 09:01:41,77.57128310050803,72.85826709168288
2026-09-07 09:01:42,77.57129037411512,72.84791118336372
2026-09-07 09:01:43,77.5771100512841,72.8623448707492
2026-09-07 09:01:44,77.57034617314625,72.87651715009828
2026-09-07 09:01:45,77.57785244883146,72.8749011323136
2026-09-07 09:01:46,77.56287056450869,72.88767939926402
2026-09-07 09:01:47,77.56213895360862,72.88220204245775
2026-09-07 09:01:48,77.56517413669897,72.8859260226683
2026-09-07 09:01:49,77.57655520912402,72.87665777879965
2026-09-07 09:01:50,77.58518826144407,72.89016983528543
2026-09-07 09:01:51,77.59622375205151,72.88852816676159
2026-09-07 09:01:52,77.59056914626629,72.89778253877734
2026-09-07 09:01:53,77.5914440961992,72.89891046121188
2026-09-07 09:01:54,77.60226750392411,72.89651611321717
2026-09-07 09:01:55,77.58481317124624,72.89299737939425
2026-09-07 09:01:56,77.57072677558955,72.90043679188291
2026-09-07 09:01:57,77.57313503806739,72.8948823422669
2026-09-07 09:01:58,77.57306173538497,72.90244772202986
2026-09-07 09:01:59,77.57366115044046,72.91450270616373
2026-09-07 09:02:00,77.57319516522277,72.92395819325542
2026-09-07 09:02:01,77.58452715519924,72.93859305887224
2026-09-07 09:02:02,77.57942205353788,72.94659288532573
2026-09-07 09:02:03,77.56516895620403,72.93674225654313
2026-09-07 09:02:04,77.55025923949584,72.94646114447094
2026-09-07 09:02:05,77.54090256764619,72.94634451660762
2026-09-07 09:02:06,77.53944247050173,72.9460839183818
2026-09-07 09:02:07,77.53495009377524,72.94820803061496
2026-09-07 09:02:08,77.54855336841656,72.94861000096725
2026-09-07 09:02:09,77.55258596004639,72.95770781978104
2026-09-07 09:02:10,77.55108209340857,72.94625223197954
2026-09-07 09:02:11,77.54686341849664,72.95601430250225
2026-09-07 09:02:12,77.53436109094498,72.95057711734297
2026-09-07 09:02:13,77.54201107359346,72.95778553124647
2026-09-07 09:02:14,77.54206855722491,72.96510833897597
2026-09-07 09:02:15,77.54332871934486,72.95438614455914
2026-09-07 09:02:16,77.53145176988677,72.9485752963001
2026-09-07 09:02:17,77.53845838996101,72.9434323571785
2026-09-07 09:02:18,77.53160571572852,72.93642220729082
2026-09-07 09:02:19,77.51997484666202,72.9353554345595
2026-09-07 09:02:20,77.5110190696104,72.93866555549752
2026-09-07 09:02:21,77.4931042930613,72.94164518927003
2026-09-07 09:02:22,77.48823446553352,72.92398830935055
2026-09-07 09:02:23,77.4937342432869,72.92148340852687
2026-09-07 09:02:24,77.47681035651325,72.91352920143507
2026-09-07 09:02:25,77.47901832766298,72.90936082755586
2026-09-07 09:02:26,77.48493691874634,72.91615452699725
2026-09-07 09:02:27,77.48999269015405,72.91912273451017
2026-09-07 09:02:28,77.50011488238717,72.92511992451774
2026-09-07 09:02:29,77.50353948966914,72.90617810099461
2026-09-07 09:02:30,77.51034488849943,72.91807830806987
2026-09-07 09:02:31,77.50809069206215,72.91381037728527
2026-09-07 09:02:32,77.52282077754438,72.89783232091072
2026-09-07 09:02:33,77.52638031775244,72.91985882007373
2026-09-07 09:02:34,77.5193370665452,72.9261265480622
2026-09-07 09:02:35,77.53365985762488,72.9250332391044
2026-09-07 09:02:36,77.53792112638261,72.93323768812708
2026-09-07 09:02:37,77.53104260826403,72.93242714010435
2026-09-07 09:02:38,77.53326562239373,72.93993059836107
2026-09-07 09:02:39,77.5330030128639,72.93815401650714
2026-09-07 09:02:40,77.52528738041842,72.93488979516022
2026-09-07 09:02:41,77.53205760745372,72.93581422119037
2026-09-07 09:02:42,77.52558005411115,72.92816261186718
2026-09-07 09:02:43,77.54583000730999,72.93852504386692
2026-09-07 09:02:44,77.550670694015,72.91495388681663
2026-09-07 09:02:45,77.55539080481539,72.91932242653402
2026-09-07 09:02:46,77.56818348829925,72.92321007229216
2026-09-07 09:02:47,77.56767040810938,72.92795864196574
2026-09-07 09:02:48,77.55290135847079,72.93735149093672
2026-09-07 09:02:49,77.55536869489126,72.93096818742866
2026-09-07 09:02:50,77.56543770610823,72.94741799423807
2026-09-07 09:02:51,77.55478437915596,72.94135873724738
2026-09-07 09:02:52,77.55699640456983,72.94302628897117
2026-09-07 09:02:53,77.55396926458268,72.93416834621519
2026-09-07 09:02:54,77.57007683669268,72.94359958477665
2026-09-07 09:02:55,77.56100420077784,72.93137059714293
2026-09-07 09:02:56,77.57394240365848,72.940362883794
2026-09-07 09:02:57,77.5877782341515,72.9477285675477
2026-09-07 09:02:58,77.58115130044804,72.95009826675769
2026-09-07 09:02:59,77.56473989354893,72.94329516241586
2026-09-07 09:03:00,77.56429201025567,72.94804786369266
2026-09-07 09:03:01,77.55876489391098,72.94691773171577
2026-09-07 09:03:02,77.56224776723703,72.95034243309031
2026-09-07 09:03:03,77.56709404334255,72.95224222696048
2026-09-07 09:03:04,77.56463280805409,72.95941825013492
2026-09-07 09:03:05,77.56500740404383,72.95190519092142
2026-09-07 09:03:06,77.56025218657622,72.95190145555523
2026-09-07 09:03:07,77.55941924325282,72.95332853085931
2026-09-07 09:03:08,77.55941510444964,72.9549272793191
2026-09-07 09:03:09,77.55839465898026,72.94348358033662
2026-09-07 09:03:10,77.56159497855094,72.95306427746517
2026-09-07 09:03:11,77.564896385428,72.95134279434455
2026-09-07 09:03:12,77.56828760594989,72.94256121530927
2026-09-07 09:03:13,77.55388344726529,72.94310228369328
2026-09-07 09:03:14,77.54681569573155,72.94982913646687
2026-09-07 09:03:15,77.5385821761396,72.92593077991994
2026-09-07 09:03:16,77.53068794999042,72.94027694757986
2026-09-07 09:03:17,77.52778846869262,72.92782662810686
2026-09-07 09:03:18,77.52199210415652,72.9325614470365
2026-09-07 09:03:19,77.52576426159482,72.93416755602583
2026-09-07 09:03:20,77.53703148338295,72.94059029549105
2026-09-07 09:03:21,77.53687179098876,72.94601488334058
2026-09-07 09:03:22,77.54943727916137,72.95484670577372
2026-09-07 09:03:23,77.55721293623962,72.9449996188437
2026-09-07 09:03:24,77.55608506749476,72.95163556943247
2026-09-07 09:03:25,77.55383299558432,72.96135532864474
2026-09-07 09:03:26,77.55836233682057,72.96961550794799
2026-09-07 09:03:27,77.55674880097995,72.99277972915642
2026-09-07 09:03:28,77.566168034334,72.99081907576323
2026-09-07 09:03:29,77.56685588396832,73.01443440707911
2026-09-07 09:03:30,77.56424809372298,73.02239009091791
2026-09-07 09:03:31,77.57169619535037,73.02244946212741
2026-09-07 09:03:32,77.5628291631,73.02415592745697
2026-09-07 09:03:33,77.56555886055908,73.03443899759621
2026-09-07 09:03:34,77.5715061359426,73.0346601962875
2026-09-07 09:03:35,77.57799094488821,73.0395744248445
2026-09-07 09:03:36,77.57955610174352,73.04007651111831
2026-09-07 09:03:37,77.57770666957403,73.04632335725121
2026-09-07 09:03:38,77.56969688666749,73.04059867679382
2026-09-07 09:03:39,77.56973429485794,73.02727055277805
2026-09-07 09:03:40,77.56642252957754,73.00898600754056
2026-09-07 09:03:41,77.56123456091755,73.0141587350312
2026-09-07 09:03:42,77.5655368350894,73.01366203218984
2026-09-07 09:03:43,77.5637731733788,73.00076779288523
2026-09-07 09:03:44,77.57765919436528,73.00546248819741
2026-09-07 09:03:45,77.58596724299055,72.99743302511817
2026-09-07 09:03:46,77.58455925615404,72.98087822202282
2026-09-07 09:03:47,77.59048977523464,72.9893852300949
2026-09-07 09:03:48,77.5760719811912,72.9889104340673
2026-09-07 09:03:49,77.58086097275846,72.97288040302524
2026-09-07 09:03:50,77.56699161884094,72.96319230683287
2026-09-07 09:03:51,77.56221123598154,72.95043396342274
2026-09-07 09:03:52,77.56245113445061,72.95270334597159
2026-09-07 09:03:53,77.56726715191616,72.959086844797
2026-09-07 09:03:54,77.57868316944173,72.96967579605882
2026-09-07 09:03:55,77.56871573041927,72.96507823635464
2026-09-07 09:03:56,77.56066173993526,72.95528633408247
2026-09-07 09:03:57,77.56004379405775,72.95533557442309
2026-09-07 09:03:58,77.56376836908568,72.94090510454494
2026-09-07 09:03:59,77.55436670536689,72.94069444977735
2026-09-07 09:04:00,77.55285133288098,72.93786393921945
2026-09-07 09:04:01,77.5523708234356,72.93095620135385
2026-09-07 09:04:02,77.55769712414515,72.93417632642725
2026-09-07 09:04:03,77.5570301619097,72.92806606570655
2026-09-07 09:04:04,77.55570680735916,72.90332888590166
2026-09-07 09:04:05,77.54825302123572,72.90366753707639
2026-09-07 09:04:06,77.5368298050417,72.90548015289352
2026-09-07 09:04:07,77.5379490868784,72.89296212883609
2026-09-07 09:04:08,77.53604587234818,72.89011013010298
2026-09-07 09:04:09,77.53953780237934,72.89566933036521
2026-09-07 09:04:10,77.53926174942642,72.8879339426041
2026-09-07 09:04:11,77.53816575523966,72.88733893754011
2026-09-07 09:04:12,77.54374313634003,72.89001252611739
2026-09-07 09:04:13,77.53825537830309,72.87770713749153
2026-09-07 09:04:14,77.53542161527044,72.87098095839843
2026-09-07 09:04:15,77.52697830715177,72.86992728467244
2026-09-07 09:04:16,77.52324933758432,72.8708844384072
2026-09-07 09:04:17,77.527222284732,72.86713251190197
2026-09-07 09:04:18,77.5448723230924,72.86421203579447
2026-09-07 09:04:19,77.5532395875612,72.8653164735335
2026-09-07 09:04:20,77.56171752306001,72.84373928610279
2026-09-07 09:04:21,77.55600885396474,72.84598187422971
2026-09-07 09:04:22,77.56058483939977,72.86720075408908
2026-09-07 09:04:23,77.56303459780013,72.87882584612872
2026-09-07 09:04:24,77.56885671673972,72.88743212253345
2026-09-07 09:04:25,77.57273142278086,72.88601357564015
2026-09-07 09:04:26,77.57659922358074,72.87621851502105
2026-09-07 09:04:27,77.58557519908274,72.86697823427177
2026-09-07 09:04:28,77.58746849303226,72.88624307125484
2026-09-07 09:04:29,77.58577040885967,72.88641971201245
2026-09-07 09:04:30,77.59460817912006,72.88665756534363
2026-09-07 09:04:31,77.5884702909821,72.88900251540244
2026-09-07 09:04:32,77.59289361382875,72.89545368419704
2026-09-07 09:04:33,77.58702280569057,72.91137895043516
2026-09-07 09:04:34,77.5996890539605,72.91154413592784
2026-09-07 09:04:35,77.601730040129,72.9076491935538
2026-09-07 09:04:36,77.61247821325719,72.90124235048128
2026-09-07 09:04:37,77.61760204798955,72.89688285157693
2026-09-07 09:04:38,77.612326132455,72.90341283167783
2026-09-07 09:04:39,77.6224652564431,72.90332030221916
2026-09-07 09:04:40,77.61731499858247,72.91069441670363
2026-09-07 09:04:41,77.6169382606031,72.91351704787049
2026-09-07 09:04:42,77.62851527299148,72.9238022103294
2026-09-07 09:04:43,77.62456271759949,72.94456234967917
2026-09-07 09:04:44,77.62458769835882,72.9517085880639
2026-09-07 09:04:45,77.6196659039647,72.95130188564819
2026-09-07 09:04:46,77.60636315427243,72.96755010431647
2026-09-07 09:04:47,77.61674419618218,72.95649665887194
2026-09-07 09:04:48,77.60530249468799,72.94175551877906
2026-09-07 09:04:49,77.61423914853651,72.93757673945524
2026-09-07 09:04:50,77.61377863201474,72.93473269154784
2026-09-07 09:04:51,77.61285729400805,72.92483979286183
2026-09-07 09:04:52,77.6130401778977,72.91176884215253
2026-09-07 09:04:53,77.6124964702022,72.91457437747243
2026-09-07 09:04:54,77.61605064742388,72.91246777761522
2026-09-07 09:04:55,77.60918081741265,72.91391751327001
2026-09-07 09:04:56,77.60549674468898,72.92814985324772
2026-09-07 09:04:57,77.61133179523634,72.92710211693951
2026-09-07 09:04:58,77.60775021466394,72.92071415552492
2026-09-07 09:04:59,77.6006264196866,72.91750549055797
2026-09-07 09:05:00,77.60286638957562,72.92219079716433
2026-09-07 09:05:01,77.60718969396494,72.94126933615551
2026-09-07 09:05:02,77.60183202429151,72.94138653165352
2026-09-07 09:05:03,77.62307451590495,72.92441222289685
2026-09-07 09:05:04,77.61910970349273,72.92595320835379
2026-09-07 09:05:05,77.6202830299616,72.92966035649587
2026-09-07 09:05:06,77.61846799093938,72.93298819605641
2026-09-07 09:05:07,77.61886885749453,72.9400004794703
2026-09-07 09:05:08,77.60448239000081,72.9319535600378
2026-09-07 09:05:09,77.6044651457882,72.92257303817325
2026-09-07 09:05:10,77.59652515291559,72.92827879249676
2026-09-07 09:05:11,77.59158522386687,72.93405020062217
2026-09-07 09:05:12,77.59725243913188,72.93683612020126
2026-09-07 09:05:13,77.60111331634273,72.93588460581157
2026-09-07 09:05:14,77.59040412527779,72.93561066306998
2026-09-07 09:05:15,77.59385565706815,72.93079719651068
2026-09-07 09:05:16,77.5930988647687,72.93760805498265
2026-09-07 09:05:17,77.58642576407638,72.94342660701862
2026-09-07 09:05:18,77.60058010052306,72.93838386930804
2026-09-07 09:05:19,77.60169330036659,72.93701541968768
2026-09-07 09:05:20,77.61339997171522,72.93989129988911
2026-09-07 09:05:21,77.62022394149524,72.93361679751986
2026-09-07 09:05:22,77.62010087578501,72.9335267263096
2026-09-07 09:05:23,77.60660087914684,72.94662606235444
2026-09-07 09:05:24,77.61343698936204,72.93072252833069
2026-09-07 09:05:25,77.61909504224946,72.92952961590416
2026-09-07 09:05:26,77.62250359908053,72.9328604762197
2026-09-07 09:05:27,77.61110837476649,72.93093221431153
2026-09-07 09:05:28,77.62245453652882,72.92570586731405
2026-09-07 09:05:29,77.61467864780678,72.91334743865694
2026-09-07 09:05:30,77.60539640152336,72.91639623058539
2026-09-07 09:05:31,77.61826185327979,72.92029900091399
2026-09-07 09:05:32,77.62012781900435,72.94060416246728
2026-09-07 09:05:33,77.61617871936267,72.93447515296145
2026-09-07 09:05:34,77.62019561511754,72.93946165918271
2026-09-07 09:05:35,77.61248157477405,72.9288244867576
2026-09-07 09:05:36,77.61469338968435,72.93107294319653
2026-09-07 09:05:37,77.60475938452791,72.92923377257017
2026-09-07 09:05:38,77.60063457688366,72.93341553876395
2026-09-07 09:05:39,77.59974680870918,72.93263289404148
2026-09-07 09:05:40,77.59705992638881,72.942210929895
2026-09-07 09:05:41,77.60762983259772,72.93887377403684
2026-09-07 09:05:42,77.61406090530281,72.93198544098621
2026-09-07 09:05:43,77.61460776138927,72.93880256791029
2026-09-07 09:05:44,77.62611867256986,72.93532387549998
2026-09-07 09:05:45,77.62555519384087,72.93710883355861
2026-09-07 09:05:46,77.6141661421589,72.93725287908386
2026-09-07 09:05:47,77.60902824025993,72.94062976175046
2026-09-07 09:05:48,77.60043941573302,72.92265755837153
2026-09-07 09:05:49,77.6007300103482,72.92502596252525
2026-09-07 09:05:50,77.5965577535746,72.93310560023725
2026-09-07 09:05:51,77.59448132479328,72.92759876824442
2026-09-07 09:05:52,77.59811168285512,72.9133439927338
2026-09-07 09:05:53,77.59296286213527,72.91315463860742
2026-09-07 09:05:54,77.59941391844816,72.91167520253695
2026-09-07 09:05:55,77.60175801749584,72.90571741393296
2026-09-07 09:05:56,77.60405085097031,72.92083558904376
2026-09-07 09:05:57,77.59883390935187,72.94234620740268
2026-09-07 09:05:58,77.59394052365276,72.94250145742477
2026-09-07 09:05:59,77.59525723122077,72.95181480508015
2026-09-07 09:06:00,77.5858564632131,72.93271543359232
2026-09-07 09:06:01,77.59046113035868,72.93994665219105
2026-09-07 09:06:02,77.59520040042813,72.96386661446203
2026-09-07 09:06:03,77.59675760443407,72.96617521304513
2026-09-07 09:06:04,77.60381958233427,72.96952928967501
2026-09-07 09:06:05,77.61646514894979,72.95826673978358
2026-09-07 09:06:06,77.61361115278834,72.92694571863476
2026-09-07 09:06:07,77.61978657758077,72.92356003474544
2026-09-07 09:06:08,77.6268105499542,72.94314321515934
2026-09-07 09:06:09,77.62676528257025,72.94082827959373
2026-09-07 09:06:10,77.62296681562408,72.93321000371377
2026-09-07 09:06:11,77.61817431240532,72.9390213978967
2026-09-07 09:06:12,77.61845397992074,72.93962341936833
2026-09-07 09:06:13,77.61713641619737,72.94793669975891
2026-09-07 09:06:14,77.62089123217437,72.94664692270095
2026-09-07 09:06:15,77.62594428390695,72.945266256946
2026-09-07 09:06:16,77.61717918515424,72.95849962673424
2026-09-07 09:06:17,77.62071597305099,72.94979391810232
2026-09-07 09:06:18,77.62891743698303,72.95293035478095
2026-09-07 09:06:19,77.61702420673353,72.96757154136682
2026-09-07 09:06:20,77.61955897624533,72.9756795697293
2026-09-07 09:06:21,77.62106261091525,72.97431882051644
2026-09-07 09:06:22,77.60929374940383,72.98315660306818
2026-09-07 09:06:23,77.60952229289408,72.98054954528891
2026-09-07 09:06:24,77.61218935967146,72.9812594970278
2026-09-07 09:06:25,77.61732501159055,72.97788378630673
2026-09-07 09:06:26,77.6170474223418,72.95842838074195
2026-09-07 09:06:27,77.6138292715712,72.9645732350096
2026-09-07 09:06:28,77.62399070400664,72.96126234108887
2026-09-07 09:06:29,77.6230678360324,72.97566417331348
2026-09-07 09:06:30,77.62059071752965,72.98234079031612
2026-09-07 09:06:31,77.63335020008026,72.98270211279568
2026-09-07 09:06:32,77.64267915495964,72.97623823229331
2026-09-07 09:06:33,77.64425799897735,72.97553399680596
2026-09-07 09:06:34,77.64513148615185,72.9858104439087
2026-09-07 09:06:35,77.66330715724382,72.97975587292443
2026-09-07 09:06:36,77.65893235826124,72.98428017714075
2026-09-07 09:06:37,77.65090705861007,72.98880137132016
2026-09-07 09:06:38,77.65525620149488,72.98627606293061
2026-09-07 09:06:39,77.65929594600568,72.97218149203547
2026-09-07 09:06:40,77.66507539763941,72.95813041454556
2026-09-07 09:06:41,77.65977765798745,72.9530718030079
2026-09-07 09:06:42,77.6567263163521,72.96088098241817
2026-09-07 09:06:43,77.65734695638422,72.95726596726168
2026-09-07 09:06:44,77.66148028086123,72.97164722320518
2026-09-07 09:06:45,77.66152698244281,72.97497401915824
2026-09-07 09:06:46,77.67095651496464,72.97740974797354
2026-09-07 09:06:47,77.66119042755697,73.00006604632249
2026-09-07 09:06:48,77.67798892274436,72.98200638823519
2026-09-07 09:06:49,77.67769065066184,72.98580204886935
2026-09-07 09:06:50,77.6850376534232,72.99188817317098
2026-09-07 09:06:51,77.6829663247827,72.9822999160353
2026-09-07 09:06:52,77.6837492740342,72.99170142492201
2026-09-07 09:06:53,77.67545917516502,72.9823556101233
2026-09-07 09:06:54,77.67527144506617,72.96473125923602
2026-09-07 09:06:55,77.67329088525649,72.96076048803559
2026-09-07 09:06:56,77.67671967436064,72.95437790475896
2026-09-07 09:06:57,77.67000872454356,72.95079272271974
2026-09-07 09:06:58,77.66962856606415,72.94474842347658
2026-09-07 09:06:59,77.66972038651937,72.9515696354234
2026-09-07 09:07:00,77.67873569668079,72.96707425053432
2026-09-07 09:07:01,77.67277492367491,72.96325582984373
2026-09-07 09:07:02,77.65388900889226,72.98053151216239
2026-09-07 09:07:03,77.64837711008741,72.98022732478012
2026-09-07 09:07:04,77.65235093382043,72.96786901137914
2026-09-07 09:07:05,77.65587881291741,72.96762840296924
2026-09-07 09:07:06,77.64199162309745,72.97028381116402
2026-09-07 09:07:07,77.65107522377792,72.95329607297734
2026-09-07 09:07:08,77.65721407031754,72.95519806523006
2026-09-07 09:07:09,77.66082515959837,72.95921266950675
2026-09-07 09:07:10,77.67074327368621,72.95717818266989
2026-09-07 09:07:11,77.67738861717707,72.95344987926748
2026-09-07 09:07:12,77.68292634913604,72.94604757814027
2026-09-07 09:07:13,77.68210169748512,72.96178841694372
2026-09-07 09:07:14,77.68549173413389,72.96034893899127
2026-09-07 09:07:15,77.67678157185478,72.95316282406074
2026-09-07 09:07:16,77.67825440352621,72.96170536489316
2026-09-07 09:07:17,77.68149550151992,72.96647186678175
2026-09-07 09:07:18,77.68117745383611,72.97876938956789
2026-09-07 09:07:19,77.6782039735759,72.97376826250024
2026-09-07 09:07:20,77.68496034391605,72.97434629775003
2026-09-07 09:07:21,77.6828405908456,72.96910550978427
2026-09-07 09:07:22,77.68088574004933,72.97477687461082
2026-09-07 09:07:23,77.68357675341333,72.96377390422174
2026-09-07 09:07:24,77.68682012650538,72.96540151957171
2026-09-07 09:07:25,77.67921014580982,72.97243036703345
2026-09-07 09:07:26,77.67707640883432,72.96937865879737
2026-09-07 09:07:27,77.68313053822187,72.98139171227854
2026-09-07 09:07:28,77.67789152506899,72.98537819355157
2026-09-07 09:07:29,77.67122647389779,73.00643498153724
2026-09-07 09:07:30,77.667470042215,73.01731003826565
2026-09-07 09:07:31,77.66254584957534,73.0246940580257
2026-09-07 09:07:32,77.67942465516009,73.0015677202506
2026-09-07 09:07:33,77.67611873388407,73.00612182831358
2026-09-07 09:07:34,77.67541192319662,73.00003825424075
2026-09-07 09:07:35,77.69178576023576,73.00076111420398
2026-09-07 09:07:36,77.67927377532739,73.00853335133131
2026-09-07 09:07:37,77.66617667691702,73.01900690995421
2026-09-07 09:07:38,77.66178170226506,73.02032466638789
2026-09-07 09:07:39,77.67137299189251,73.02139697952673
2026-09-07 09:07:40,77.66079121601017,73.00596128376341
2026-09-07 09:07:41,77.6697862211722,73.01269914447282
2026-09-07 09:07:42,77.66358066610786,73.02052152773598
2026-09-07 09:07:43,77.66735810799901,73.02641661791576
2026-09-07 09:07:44,77.6501767671031,73.02366621964069
2026-09-07 09:07:45,77.65702435220909,73.03034216619737
2026-09-07 09:07:46,77.66372807677902,73.0079759339775
2026-09-07 09:07:47,77.6650136728737,73.01245472532516
2026-09-07 09:07:48,77.68442693627198,73.00377447918008
2026-09-07 09:07:49,77.68192139619062,73.00410020555904
2026-09-07 09:07:50,77.68866286047252,73.00006545681475
2026-09-07 09:07:51,77.6973921736149,72.99289567839851
2026-09-07 09:07:52,77.69942261516313,72.98809670761185
2026-09-07 09:07:53,77.70062600264566,72.98181134200365
2026-09-07 09:07:54,77.6884712583704,72.99175557674188
2026-09-07 09:07:55,77.69077955250012,72.98667235055366
2026-09-07 09:07:56,77.69230803862399,72.99568072864416
2026-09-07 09:07:57,77.6848702231085,72.9946760491528
2026-09-07 09:07:58,77.68897215378257,72.99946303976913
2026-09-07 09:07:59,77.68642054053021,72.98029267385178
2026-09-07 09:08:00,77.69587766069154,72.98327867476593
2026-09-07 09:08:01,77.69597672284792,72.98074425580629
2026-09-07 09:08:02,77.69798076399631,72.97687207502027
2026-09-07 09:08:03,77.69018316914872,72.97014243679962
2026-09-07 09:08:04,77.68564164765192,72.9645722700893
2026-09-07 09:08:05,77.6768256567891,72.97035939695691
2026-09-07 09:08:06,77.66686139253147,72.97635982260938
2026-09-07 09:08:07,77.65914322443973,72.9795655363363
2026-09-07 09:08:08,77.66959450584467,72.98141415528585
2026-09-07 09:08:09,77.66403509321198,72.98185277260116
2026-09-07 09:08:10,77.66516150899668,72.96608106245034
2026-09-07 09:08:11,77.6605389233667,72.96756312665342
2026-09-07 09:08:12,77.65696982183181,72.96828753971212
2026-09-07 09:08:13,77.66255205938239,72.97525962348205
2026-09-07 09:08:14,77.66944097321387,72.9806128945101
2026-09-07 09:08:15,77.66725037313557,72.98044486983046
2026-09-07 09:08:16,77.66518737811037,72.97759489524452
2026-09-07 09:08:17,77.66382039783122,72.96190689346915
2026-09-07 09:08:18,77.66128580703945,72.96168734642364
2026-09-07 09:08:19,77.6538776641639,72.96146833709358
2026-09-07 09:08:20,77.65779817630991,72.95997260184772
2026-09-07 09:08:21,77.67359382573056,72.93627145279036
2026-09-07 09:08:22,77.67202367290344,72.9196769997059
2026-09-07 09:08:23,77.67947848242531,72.94380516263016
2026-09-07 09:08:24,77.66044538318478,72.94496771819705
2026-09-07 09:08:25,77.66439333765608,72.94221738006951
2026-09-07 09:08:26,77.6685891557469,72.92182584862613
2026-09-07 09:08:27,77.67507030170518,72.92520666866828
2026-09-07 09:08:28,77.67524358152548,72.91986506773613
2026-09-07 09:08:29,77.68009994436822,72.91545271043515
2026-09-07 09:08:30,77.68179709941235,72.9108161436074
2026-09-07 09:08:31,77.66470452559443,72.91053099385375
2026-09-07 09:08:32,77.66624210096757,72.91738685900572
2026-09-07 09:08:33,77.65957799413101,72.91708560777876
2026-09-07 09:08:34,77.66427176796347,72.91840690469424
2026-09-07 09:08:35,77.6737226982096,72.93651137345519
2026-09-07 09:08:36,77.66681036169712,72.91904884842617
2026-09-07 09:08:37,77.6733263753851,72.9329513629449
2026-09-07 09:08:38,77.68034254679709,72.94035070801587
2026-09-07 09:08:39,77.67563563082717,72.93386276568982
2026-09-07 09:08:40,77.68239403145802,72.92557549719707
2026-09-07 09:08:41,77.66859872527712,72.91650769233391
2026-09-07 09:08:42,77.68755884633022,72.93399113881405
2026-09-07 09:08:43,77.68233556829962,72.92736378882672
2026-09-07 09:08:44,77.68409586155849,72.92055147692555
2026-09-07 09:08:45,77.6940637856695,72.91983913310261
2026-09-07 09:08:46,77.68579780222689,72.93173679079682
2026-09-07 09:08:47,77.68136074436735,72.93374775792951
2026-09-07 09:08:48,77.68126406019411,72.93088917352476
2026-09-07 09:08:49,77.68373582264682,72.9245934902931
2026-09-07 09:08:50,77.66970332893534,72.90452497077133
2026-09-07 09:08:51,77.66006862232989,72.89763232077348
2026-09-07 09:08:52,77.65989357557244,72.89813422446797
2026-09-07 09:08:53,77.66412252060698,72.89922289240522
2026-09-07 09:08:54,77.6580871001854,72.89278093733873
2026-09-07 09:08:55,77.64197313710451,72.8912435756429
2026-09-07 09:08:56,77.64565983479706,72.8960556017598
2026-09-07 09:08:57,77.64473607893837,72.89447234071865
2026-09-07 09:08:58,77.65185613600171,72.89461159695186
2026-09-07 09:08:59,77.65746727643766,72.8999040408734
2026-09-07 09:09:00,77.65908814148963,72.91177592945907
2026-09-07 09:09:01,77.6547319962214,72.90851378479022
2026-09-07 09:09:02,77.64858676669608,72.90126867615284
2026-09-07 09:09:03,77.66042042590512,72.9172571090034
2026-09-07 09:09:04,77.66059426717091,72.92242157257348
2026-09-07 09:09:05,77.66953399043932,72.92976109779981
2026-09-07 09:09:06,77.67870318608448,72.9182801257442
2026-09-07 09:09:07,77.67383867112983,72.92239399725493
2026-09-07 09:09:08,77.68475819539354,72.92333748417845
2026-09-07 09:09:09,77.67822674311256,72.92011451616287
2026-09-07 09:09:10,77.67320096131296,72.9123125865268
2026-09-07 09:09:11,77.68462138064099,72.90662640593101
2026-09-07 09:09:12,77.68477638350092,72.92628030369443
2026-09-07 09:09:13,77.69379038671123,72.92933551840679
2026-09-07 09:09:14,77.68913414143483,72.93306497427807
2026-09-07 09:09:15,77.70147389419637,72.93872879203641
2026-09-07 09:09:16,77.71107457262973,72.93962005512908
2026-09-07 09:09:17,77.71500366400377,72.93779238211037
2026-09-07 09:09:18,77.71825264614885,72.94961613073382
2026-09-07 09:09:19,77.70735968055456,72.94904707180214
2026-09-07 09:09:20,77.70918789610771,72.9438536888652
2026-09-07 09:09:21,77.706843173017,72.95100844742147
2026-09-07 09:09:22,77.72207803335151,72.95673197863097
2026-09-07 09:09:23,77.72456009635233,72.94262376604038
2026-09-07 09:09:24,77.73923422183807,72.94332276105125
2026-09-07 09:09:25,77.73897628496752,72.933153893433
2026-09-07 09:09:26,77.73854317659773,72.92318887272944
2026-09-07 09:09:27,77.7390834640053,72.92742720268329
2026-09-07 09:09:28,77.73932091282373,72.92996886357562
2026-09-07 09:09:29,77.73283518889163,72.9429670772186
2026-09-07 09:09:30,77.72786188887468,72.92643556240671
2026-09-07 09:09:31,77.72643412906675,72.91949266099203
2026-09-07 09:09:32,77.71874718990456,72.9162665163282
2026-09-07 09:09:33,77.72096341175062,72.90552507956606
2026-09-07 09:09:34,77.71991605596921,72.91849134902091
2026-09-07 09:09:35,77.72511280529092,72.91710942629099
2026-09-07 09:09:36,77.72608483095783,72.9160192047294
2026-09-07 09:09:37,77.72572072921695,72.922675553538
2026-09-07 09:09:38,77.72501602628641,72.90082223939845
2026-09-07 09:09:39,77.7248518855347,72.89273929160568
2026-09-07 09:09:40,77.72980938779502,72.88719351269286
2026-09-07 09:09:41,77.73093889944872,72.90697717096256
2026-09-07 09:09:42,77.72296901355323,72.89675669851516
2026-09-07 09:09:43,77.71222463188484,72.87499817834333
2026-09-07 09:09:44,77.69792827829768,72.87830917867481
2026-09-07 09:09:45,77.69307256596058,72.86133960592029
2026-09-07 09:09:46,77.68179122128781,72.86694529204017
2026-09-07 09:09:47,77.67589270074686,72.86361280118264
2026-09-07 09:09:48,77.67840635256844,72.87593275540058
2026-09-07 09:09:49,77.69317432813163,72.88531156326674
2026-09-07 09:09:50,77.6942667214108,72.88698423713655
2026-09-07 09:09:51,77.70798092689758,72.89996423363223
2026-09-07 09:09:52,77.70561744084203,72.90412323384795
2026-09-07 09:09:53,77.70780092402248,72.90459862028878
2026-09-07 09:09:54,77.70399498749363,72.89254455996065
2026-09-07 09:09:55,77.69993064825611,72.87851505539582
2026-09-07 09:09:56,77.7092435715006,72.88338904951506
2026-09-07 09:09:57,77.70006536603908,72.89607065191358
2026-09-07 09:09:58,77.70685132175109,72.878729517716
2026-09-07 09:09:59,77.72086646728715,72.88608688057778
2026-09-07 09:10:00,77.7365801142604,72.87490205823386
2026-09-07 09:10:01,77.74062039935987,72.87874480179104
2026-09-07 09:10:02,77.74215692416124,72.88029984585883
2026-09-07 09:10:03,77.75017720062438,72.86672436662833
2026-09-07 09:10:04,77.74071901852554,72.85406145933324
2026-09-07 09:10:05,77.73647275422285,72.84856272457095
2026-09-07 09:10:06,77.73926943354057,72.85098200074187
2026-09-07 09:10:07,77.7395075942692,72.8448372658705
2026-09-07 09:10:08,77.73614262534167,72.8534857488578
2026-09-07 09:10:09,77.74195631905647,72.85440193038286
2026-09-07 09:10:10,77.73949998829393,72.8685061662254
2026-09-07 09:10:11,77.73497603226141,72.8743976296464
2026-09-07 09:10:12,77.74375898973214,72.87198543429892
2026-09-07 09:10:13,77.75004395194318,72.86185116413618
2026-09-07 09:10:14,77.75775464698398,72.8636638087912
2026-09-07 09:10:15,77.74567168287918,72.86974449878547
2026-09-07 09:10:16,77.73887748483622,72.88138811143713
2026-09-07 09:10:17,77.73370766228625,72.8798910510593
2026-09-07 09:10:18,77.73586166100726,72.87687066437009
2026-09-07 09:10:19,77.73783757844781,72.87184373534522
2026-09-07 09:10:20,77.74295241647783,72.87189298074156
2026-09-07 09:10:21,77.74455927182937,72.84689355067762
2026-09-07 09:10:22,77.75340282008382,72.84718207851988
2026-09-07 09:10:23,77.73982869633161,72.84804846335521
2026-09-07 09:10:24,77.74338552970887,72.85777139926306
2026-09-07 09:10:25,77.73514155983764,72.87182208161052
2026-09-07 09:10:26,77.73392798000648,72.89357742634161
2026-09-07 09:10:27,77.73281417367852,72.89975326439337
2026-09-07 09:10:28,77.73002280014914,72.88961348816159
2026-09-07 09:10:29,77.73837160291946,72.89784821018647
2026-09-07 09:10:30,77.75008613453579,72.90563513849936
2026-09-07 09:10:31,77.74572124036358,72.89052815265102
2026-09-07 09:10:32,77.74076713838164,72.8843947144885
2026-09-07 09:10:33,77.73456014964653,72.88968541703446
2026-09-07 09:10:34,77.7370554566457,72.88723383927822
2026-09-07 09:10:35,77.73836906245674,72.88591017905064
2026-09-07 09:10:36,77.73998875838438,72.89274257790038
2026-09-07 09:10:37,77.7472938163201,72.88650969671046
2026-09-07 09:10:38,77.73582065384925,72.8994788356084
2026-09-07 09:10:39,77.73669213780352,72.90952663938148
2026-09-07 09:10:40,77.72418290077319,72.90652703665636
2026-09-07 09:10:41,77.72438865907843,72.89342764956508
2026-09-07 09:10:42,77.72046120673546,72.90001008892098
2026-09-07 09:10:43,77.72867116726833,72.91449641070153
2026-09-07 09:10:44,77.72209683963166,72.90176052045935
2026-09-07 09:10:45,77.72605851811923,72.91030657366537
2026-09-07 09:10:46,77.72752762257798,72.89847891012636
2026-09-07 09:10:47,77.73348138348396,72.9056806464589
2026-09-07 09:10:48,77.73769400419648,72.90125374156243
2026-09-07 09:10:49,77.74000860654853,72.90843881676199
2026-09-07 09:10:50,77.73575402310341,72.89168439390873
2026-09-07 09:10:51,77.73825527483092,72.89605289789199
2026-09-07 09:10:52,77.7383577981222,72.9041318247358
2026-09-07 09:10:53,77.733891115459,72.9033835153864
2026-09-07 09:10:54,77.73156726820679,72.90857577171833
2026-09-07 09:10:55,77.74371577969022,72.90629223795456
2026-09-07 09:10:56,77.75936409449972,72.92018803878777
2026-09-07 09:10:57,77.76538569516275,72.92552325501674
2026-09-07 09:10:58,77.77887366368097,72.92388188310004
2026-09-07 09:10:59,77.77802045772083,72.91422319148086
2026-09-07 09:11:00,77.78162197452554,72.92644649004228
2026-09-07 09:11:01,77.7856775491302,72.93029204021815
2026-09-07 09:11:02,77.78414818560294,72.93183318848715
2026-09-07 09:11:03,77.77329210858697,72.94136815963677
2026-09-07 09:11:04,77.77016905519147,72.93132492719268
2026-09-07 09:11:05,77.76444529752077,72.92382878719158
2026-09-07 09:11:06,77.77095920641538,72.93344756568005
2026-09-07 09:11:07,77.76061788097437,72.94186857334705
2026-09-07 09:11:08,77.76738133634971,72.93660063218125
2026-09-07 09:11:09,77.75605969903317,72.92982319709894
2026-09-07 09:11:10,77.7512327467133,72.93293605401915
2026-09-07 09:11:11,77.7485087579225,72.91449851616034
2026-09-07 09:11:12,77.75028723113846,72.9005547992175
2026-09-07 09:11:13,77.75718213463813,72.88958829577027
2026-09-07 09:11:14,77.75190502942412,72.88182642684637
2026-09-07 09:11:15,77.74777306578117,72.89361892626786
2026-09-07 09:11:16,77.75426066680728,72.89908611550763
2026-09-07 09:11:17,77.75669183788767,72.88502228175481
2026-09-07 09:11:18,77.75272650242698,72.88000903537989
2026-09-07 09:11:19,77.74528284202285,72.88463347680747
2026-09-07 09:11:20,77.73963972787334,72.87818450668912
2026-09-07 09:11:21,77.73168806336795,72.85949505830858
2026-09-07 09:11:22,77.73621947441846,72.87158219603505
2026-09-07 09:11:23,77.73754956977155,72.8627108705573
2026-09-07 09:11:24,77.71695624633423,72.86428083965193
2026-09-07 09:11:25,77.72621436134168,72.86697993441443
2026-09-07 09:11:26,77.73327216497948,72.8804068068606
2026-09-07 09:11:27,77.74185151755485,72.87639675376154
2026-09-07 09:11:28,77.74986475907751,72.88344278432824
2026-09-07 09:11:29,77.7381611542144,72.87976003368622
2026-09-07 09:11:30,77.72732105746184,72.87876674219771
2026-09-07 09:11:31,77.73172308449607,72.86906493054128
2026-09-07 09:11:32,77.71607346116542,72.88085835686323
2026-09-07 09:11:33,77.71894151408168,72.89422393482454
2026-09-07 09:11:34,77.70886631795481,72.9038605352967
2026-09-07 09:11:35,77.72465184512387,72.92210201246256
2026-09-07 09:11:36,77.72305243713458,72.924548029651
2026-09-07 09:11:37,77.72187974918654,72.93362393632232
2026-09-07 09:11:38,77.72977950088357,72.93441414240087
2026-09-07 09:11:39,77.71943331162704,72.94115139280837
2026-09-07 09:11:40,77.71585668550313,72.94686863631387
2026-09-07 09:11:41,77.71785932615836,72.9616332236308
2026-09-07 09:11:42,77.72651885447674,72.95753110012079
2026-09-07 09:11:43,77.72917543511986,72.97357524078159
2026-09-07 09:11:44,77.72508490118688,72.9775174038494
2026-09-07 09:11:45,77.734149515737,72.98895123683108
2026-09-07 09:11:46,77.73809752358612,72.97694032786013
2026-09-07 09:11:47,77.72849704089617,72.97919086042567
2026-09-07 09:11:48,77.73144545599447,73.0023704026738
2026-09-07 09:11:49,77.72488762779197,73.0127245333629
2026-09-07 09:11:50,77.7307523918562,72.99751284389613
2026-09-07 09:11:51,77.72452260800661,72.99902496179035
2026-09-07 09:11:52,77.72076528062149,72.99761905471073
2026-09-07 09:11:53,77.72434357419014,72.9902535375287
2026-09-07 09:11:54,77.72789359079542,72.98446410345979
2026-09-07 09:11:55,77.72374707965807,72.98934770486325
2026-09-07 09:11:56,77.71938161277859,72.99196009277539
2026-09-07 09:11:57,77.73155640132121,72.99220596563447
2026-09-07 09:11:58,77.73044397131423,72.99889575814963
2026-09-07 09:11:59,77.72766059593283,73.00874875496162
2026-09-07 09:12:00,77.71789487405721,73.01437775989339
2026-09-07 09:12:01,77.71399681248835,73.00710812346522
2026-09-07 09:12:02,77.7274670751022,72.99937165315247
2026-09-07 09:12:03,77.7408409582839,73.00536143369747
2026-09-07 09:12:04,77.75190455545535,72.99647280234358
2026-09-07 09:12:05,77.76103472086558,73.00972849970371
2026-09-07 09:12:06,77.76014772199461,73.00855379839528
2026-09-07 09:12:07,77.77885414503824,73.01016812562888
2026-09-07 09:12:08,77.77563459926051,73.00443471908916
2026-09-07 09:12:09,77.7790306774169,73.00744145221644
2026-09-07 09:12:10,77.78038293861083,73.02310857762082
2026-09-07 09:12:11,77.77788510381365,73.02741471257197
2026-09-07 09:12:12,77.78900127231962,73.01827564377712
2026-09-07 09:12:13,77.79691475196044,73.03495190593645
2026-09-07 09:12:14,77.78659263063554,73.02496022400274
2026-09-07 09:12:15,77.77868161653291,73.00815578221824
2026-09-07 09:12:16,77.78212987988822,72.99126519525781
2026-09-07 09:12:17,77.7859297692331,73.00448710861014
2026-09-07 09:12:18,77.77362551624432,73.00160658207666
2026-09-07 09:12:19,77.75901699525258,73.0086964953897
2026-09-07 09:12:20,77.75340110403403,73.0062769460952
2026-09-07 09:12:21,77.7538148314785,73.01123724940587
2026-09-07 09:12:22,77.75117391461644,73.01137404530516
2026-09-07 09:12:23,77.74701108026822,73.0124169660855
2026-09-07 09:12:24,77.7380825167609,73.01299548430943
2026-09-07 09:12:25,77.72337228369155,73.0085337180393
2026-09-07 09:12:26,77.73795310606734,73.00925713862061
2026-09-07 09:12:27,77.7283602677415,73.01159666855888
2026-09-07 09:12:28,77.7209579189631,72.99656935619242
2026-09-07 09:12:29,77.71535168277929,73.00327392613846
2026-09-07 09:12:30,77.71827333086773,73.00239075698707
2026-09-07 09:12:31,77.7112203602754,72.99257599944173
2026-09-07 09:12:32,77.72149340154161,72.99480071001005
2026-09-07 09:12:33,77.71424897856514,72.97559589281023
2026-09-07 09:12:34,77.70382208337499,72.99811376563079
2026-09-07 09:12:35,77.69507858075515,72.99741420617826
2026-09-07 09:12:36,77.69667677796492,72.9959796107902
2026-09-07 09:12:37,77.69455921893007,72.98348519681419
2026-09-07 09:12:38,77.68656126967892,72.99884927148801
2026-09-07 09:12:39,77.68080605576895,73.00654232612813
2026-09-07 09:12:40,77.66791971524228,73.00404694015228
2026-09-07 09:12:41,77.66990551345322,73.01347924234892
2026-09-07 09:12:42,77.66136529386384,73.01889811043996
2026-09-07 09:12:43,77.66430080156688,73.01218381102204
2026-09-07 09:12:44,77.66793005489275,73.00401083553128
2026-09-07 09:12:45,77.66187438745008,73.00383958618724
2026-09-07 09:12:46,77.64123412243724,73.00284165081075
2026-09-07 09:12:47,77.63362946294366,72.98953086677902
2026-09-07 09:12:48,77.63039725896228,72.99647227074082
2026-09-07 09:12:49,77.62732188416862,73.00799067676263
2026-09-07 09:12:50,77.61850569034806,72.99604810623859
2026-09-07 09:12:51,77.63029804922787,72.9996763251386
2026-09-07 09:12:52,77.63748304811598,72.99215255182416
2026-09-07 09:12:53,77.64359947651135,72.99451482183655
2026-09-07 09:12:54,77.64853131563618,72.99474465761789
2026-09-07 09:12:55,77.65770521490356,72.98883819124947
2026-09-07 09:12:56,77.6503750893322,72.9753957170332
2026-09-07 09:12:57,77.65920164267632,72.96867903288623
2026-09-07 09:12:58,77.65126700854178,72.96013177811162
2026-09-07 09:12:59,77.6478819501829,72.94857052057783
2026-09-07 09:13:00,77.64567275786177,72.94286667188508
2026-09-07 09:13:01,77.64148029517894,72.9341425237867
2026-09-07 09:13:02,77.64175960611843,72.92995222068521
2026-09-07 09:13:03,77.64263259898912,72.9322183067534
2026-09-07 09:13:04,77.64521921923674,72.91231746345798
2026-09-07 09:13:05,77.64114525967642,72.90508330153729
2026-09-07 09:13:06,77.64703275548777,72.89074656645786
2026-09-07 09:13:07,77.64159919522443,72.88807615851641
2026-09-07 09:13:08,77.63904241572011,72.89708228481405
2026-09-07 09:13:09,77.63567569798167,72.90584797652663
2026-09-07 09:13:10,77.62453220384695,72.88938080367377
2026-09-07 09:13:11,77.63380181961783,72.89333857917036
2026-09-07 09:13:12,77.63750987742935,72.89445744125861
2026-09-07 09:13:13,77.64119227888614,72.88341012994402
2026-09-07 09:13:14,77.64840501389034,72.8785752114993
2026-09-07 09:13:15,77.65590090794205,72.87937173677174
2026-09-07 09:13:16,77.6408906933508,72.86767936407043
2026-09-07 09:13:17,77.64946596781958,72.86643609366327
2026-09-07 09:13:18,77.6464581006542,72.86863932280524
2026-09-07 09:13:19,77.64322508621005,72.86369289788145
2026-09-07 09:13:20,77.6440034286372,72.86500279047318
2026-09-07 09:13:21,77.6555377105603,72.86541637324194
2026-09-07 09:13:22,77.66983540253088,72.88179137309315
2026-09-07 09:13:23,77.68289448403317,72.89143456537285
2026-09-07 09:13:24,77.68388736153528,72.8926808456769
2026-09-07 09:13:25,77.68280234784896,72.88603755118508
2026-09-07 09:13:26,77.68229648341833,72.88021522468489
2026-09-07 09:13:27,77.69477330802042,72.88506957696106
2026-09-07 09:13:28,77.69137523758457,72.86766757864135
2026-09-07 09:13:29,77.69096911590802,72.86388627980584
2026-09-07 09:13:30,77.68270708328092,72.85356482697497
2026-09-07 09:13:31,77.66558930136983,72.85873167227884
2026-09-07 09:13:32,77.66508915854276,72.88217558426722
2026-09-07 09:13:33,77.66485314153033,72.88082835596714
2026-09-07 09:13:34,77.67583870638782,72.8820455068633
2026-09-07 09:13:35,77.67711134062368,72.87866932773444
2026-09-07 09:13:36,77.67250644554647,72.89229112522145
2026-09-07 09:13:37,77.68011724270103,72.90788526285405
2026-09-07 09:13:38,77.67745550134153,72.90815846291504
2026-09-07 09:13:39,77.67075473121375,72.91694801058016
2026-09-07 09:13:40,77.6601575986686,72.9220787735915
2026-09-07 09:13:41,77.66849365938049,72.93490689895404
2026-09-07 09:13:42,77.66134476847799,72.94481386125372
2026-09-07 09:13:43,77.65591681065534,72.93792949443632
2026-09-07 09:13:44,77.64585447180423,72.94843591004144
2026-09-07 09:13:45,77.65839105874699,72.94303064730168
2026-09-07 09:13:46,77.65261445613031,72.93994785033092
2026-09-07 09:13:47,77.67168553540827,72.94907962005121
2026-09-07 09:13:48,77.66755804666239,72.93276556452834
2026-09-07 09:13:49,77.66244128424178,72.94355888994512
2026-09-07 09:13:50,77.67664807363673,72.94113585597539
2026-09-07 09:13:51,77.67138790501672,72.93649911614669
2026-09-07 09:13:52,77.65704417742151,72.9447563611126
2026-09-07 09:13:53,77.648786010388,72.95442325486681
2026-09-07 09:13:54,77.6358007051649,72.94287367050106
2026-09-07 09:13:55,77.63799344807565,72.93593080488084
2026-09-07 09:13:56,77.64393398651771,72.9360054414074
2026-09-07 09:13:57,77.63500089872139,72.94165995299306
2026-09-07 09:13:58,77.64140254688444,72.92426799025338
2026-09-07 09:13:59,77.65529055459015,72.9287862073196
2026-09-07 09:14:00,77.66107255553474,72.91187827827615
2026-09-07 09:14:01,77.65559808777897,72.90870338051745
2026-09-07 09:14:02,77.66379008830964,72.89543930466867
2026-09-07 09:14:03,77.65706731949922,72.87699788703705
2026-09-07 09:14:04,77.65523356658467,72.88014021600485
2026-09-07 09:14:05,77.64240962469552,72.87476852103394
2026-09-07 09:14:06,77.64629055170731,72.88917116365923
2026-09-07 09:14:07,77.65134026020381,72.88641091547986
2026-09-07 09:14:08,77.64238220147351,72.87790338323867
2026-09-07 09:14:09,77.63733104017125,72.8792387405019
2026-09-07 09:14:10,77.6369534579448,72.89438441704107
2026-09-07 09:14:11,77.63913681854784,72.88464536684076
2026-09-07 09:14:12,77.65088050234559,72.89326765831495
2026-09-07 09:14:13,77.65164888994609,72.88671542115816
2026-09-07 09:14:14,77.63742226772243,72.87742833902027
2026-09-07 09:14:15,77.64435455809864,72.87013521486797
2026-09-07 09:14:16,77.63431900219143,72.87191102090816
2026-09-07 09:14:17,77.63617264663571,72.87741882594202
2026-09-07 09:14:18,77.64115701047022,72.89021914206312
2026-09-07 09:14:19,77.63477461055577,72.8991109399919
2026-09-07 09:14:20,77.6272675608376,72.90541672773267
2026-09-07 09:14:21,77.62862858164586,72.90762686670067
2026-09-07 09:14:22,77.63598667858673,72.90746831954553
2026-09-07 09:14:23,77.6444440844359,72.9154233494549
2026-09-07 09:14:24,77.64547406944487,72.91027172538344
2026-09-07 09:14:25,77.6397440453674,72.90547705374279
2026-09-07 09:14:26,77.63820490987524,72.90525053879172
2026-09-07 09:14:27,77.6608737495447,72.91105186162264
2026-09-07 09:14:28,77.66672412929255,72.90323019208692
2026-09-07 09:14:29,77.6613198896818,72.9003300851701
2026-09-07 09:14:30,77.66278113198562,72.89091654703641
2026-09-07 09:14:31,77.67504256851005,72.88579867162542
2026-09-07 09:14:32,77.6832457782414,72.86457895257413
2026-09-07 09:14:33,77.68319233680724,72.8671014350954
2026-09-07 09:14:34,77.68464808782207,72.87256646684176
2026-09-07 09:14:35,77.68677717224473,72.87404060259895
2026-09-07 09:14:36,77.67237861603867,72.8675590467918
2026-09-07 09:14:37,77.65455982222046,72.87326752097863
2026-09-07 09:14:38,77.65689776095293,72.87149266523356
2026-09-07 09:14:39,77.65065049636277,72.86620875091225
2026-09-07 09:14:40,77.66468651811451,72.88193406377839
2026-09-07 09:14:41,77.66424301126044,72.89363589878475
2026-09-07 09:14:42,77.65216492016815,72.87605442439627
2026-09-07 09:14:43,77.6484912525047,72.86810615007565
2026-09-07 09:14:44,77.64423862564527,72.86981448898422
2026-09-07 09:14:45,77.66724451148345,72.86381167872055
2026-09-07 09:14:46,77.66762153025138,72.8663205296348
2026-09-07 09:14:47,77.66736021765692,72.87477572330414
2026-09-07 09:14:48,77.6808665052151,72.86347947677491
2026-09-07 09:14:49,77.68209660823813,72.86107231187202
2026-09-07 09:14:50,77.68480691991581,72.84716186640172
2026-09-07 09:14:51,77.67143250130057,72.82612849291147
2026-09-07 09:14:52,77.67542847876541,72.82787087320493
2026-09-07 09:14:53,77.67598833127715,72.8063892575296
2026-09-07 09:14:54,77.67314600862669,72.79953518899259
2026-09-07 09:14:55,77.662391846366,72.7912270571312
2026-09-07 09:14:56,77.66769853936007,72.79616396583309
2026-09-07 09:14:57,77.66752570243251,72.80083112910008
2026-09-07 09:14:58,77.66293508181296,72.80147651728726
2026-09-07 09:14:59,77.66324107624892,72.80650718227943
2026-09-07 09:15:00,77.66270848576106,72.80520746300618
2026-09-07 09:15:01,77.66168344781076,72.79935424233415
2026-09-07 09:15:02,77.67867391551326,72.80401998332957
2026-09-07 09:15:03,77.68193671696709,72.8248190212457
2026-09-07 09:15:04,77.69261138429772,72.81069025623816
2026-09-07 09:15:05,77.69790213120353,72.81829541152234
2026-09-07 09:15:06,77.712246724255,72.83023813670947
2026-09-07 09:15:07,77.71811197199371,72.81955118446656
2026-09-07 09:15:08,77.71148454038173,72.8219910218356
2026-09-07 09:15:09,77.71532710581674,72.81271849302495
2026-09-07 09:15:10,77.71239973959892,72.8090852090835
2026-09-07 09:15:11,77.71286024761497,72.81213731733119
2026-09-07 09:15:12,77.71067631449972,72.800911999251
2026-09-07 09:15:13,77.72013444745497,72.81539650304317
2026-09-07 09:15:14,77.71932761488941,72.8246975616399
2026-09-07 09:15:15,77.72270824064057,72.83068554659557
2026-09-07 09:15:16,77.7263730337285,72.82375569727978
2026-09-07 09:15:17,77.73074173544637,72.83292923057093
2026-09-07 09:15:18,77.72391851414983,72.85078213240352
2026-09-07 09:15:19,77.73982774962222,72.86733854524991
2026-09-07 09:15:20,77.75497459483739,72.87408188056237
2026-09-07 09:15:21,77.75239791284305,72.86863180454503
2026-09-07 09:15:22,77.74620680539529,72.86968433089831
2026-09-07 09:15:23,77.74595632322671,72.87577228803873
2026-09-07 09:15:24,77.73057727358164,72.89677793177782
2026-09-07 09:15:25,77.74790874375964,72.89652855151598
2026-09-07 09:15:26,77.75305709184015,72.90084980299434
2026-09-07 09:15:27,77.75513925423476,72.8989514739566
2026-09-07 09:15:28,77.75420385771702,72.89145882222412
2026-09-07 09:15:29,77.75556015584483,72.89123961105706
2026-09-07 09:15:30,77.75799827656816,72.88346978735056
2026-09-07 09:15:31,77.75829877247632,72.88390387714834
2026-09-07 09:15:32,77.76289997786135,72.87424428153706
2026-09-07 09:15:33,77.76609449214163,72.88317591215046
2026-09-07 09:15:34,77.77064244417423,72.87982652554011
2026-09-07 09:15:35,77.76690014262637,72.8776797577252
2026-09-07 09:15:36,77.77245385456574,72.89178752445564
2026-09-07 09:15:37,77.77124942668785,72.8859473884457
2026-09-07 09:15:38,77.77411136067089,72.88780329665174
2026-09-07 09:15:39,77.76719465809138,72.8811032658509
2026-09-07 09:15:40,77.76642064380863,72.88720463260807
2026-09-07 09:15:41,77.75733318068718,72.87795394106385
2026-09-07 09:15:42,77.7611334952107,72.86682844206938
2026-09-07 09:15:43,77.76196220966308,72.87002706737262
2026-09-07 09:15:44,77.76111639676901,72.86077910287597
2026-09-07 09:15:45,77.7606606388949,72.85776157047565
2026-09-07 09:15:46,77.76321978816118,72.85014325273309
2026-09-07 09:15:47,77.77153283356488,72.83493212630343
2026-09-07 09:15:48,77.77018982891101,72.83500182063426
2026-09-07 09:15:49,77.77751417930828,72.82947760068973
2026-09-07 09:15:50,77.78167216223511,72.82433204017491
2026-09-07 09:15:51,77.78729549934847,72.84010358794477
2026-09-07 09:15:52,77.78423996184681,72.84412493472084
2026-09-07 09:15:53,77.77717476350833,72.85296171004104
2026-09-07 09:15:54,77.78639792860027,72.85328175325927
2026-09-07 09:15:55,77.77775236095249,72.856935543714
2026-09-07 09:15:56,77.78650574190947,72.8668310944059
2026-09-07 09:15:57,77.79270075121424,72.85020624581452
2026-09-07 09:15:58,77.7875210850647,72.86311888229275
2026-09-07 09:15:59,77.77818067514,72.87339450956186
2026-09-07 09:16:00,77.79252124397397,72.88031504367481
2026-09-07 09:16:01,77.80105638062915,72.87729204151528
2026-09-07 09:16:02,77.79171906415543,72.87635805882567
2026-09-07 09:16:03,77.7902034973184,72.87592579164173
2026-09-07 09:16:04,77.79551195130276,72.87461137642264
2026-09-07 09:16:05,77.79697324615326,72.87846352422982
2026-09-07 09:16:06,77.79693244627258,72.8952111407214
2026-09-07 09:16:07,77.80030313810572,72.89597936634607
2026-09-07 09:16:08,77.79872056788149,72.8902977928588
2026-09-07 09:16:09,77.80896368880971,72.89166021423529
2026-09-07 09:16:10,77.8007426264399,72.88654989616163
2026-09-07 09:16:11,77.79970141647011,72.88250224284788
2026-09-07 09:16:12,77.80796408593066,72.87194897976796
2026-09-07 09:16:13,77.81171272613024,72.87325189033368
2026-09-07 09:16:14,77.80273748328064,72.87368230339318
2026-09-07 09:16:15,77.80201768176919,72.87823635337818
2026-09-07 09:16:16,77.79858735486512,72.88099050257068
2026-09-07 09:16:17,77.78589848733579,72.87114575041561
2026-09-07 09:16:18,77.79187842519009,72.88060758531942
2026-09-07 09:16:19,77.7917799188175,72.87516508508904
2026-09-07 09:16:20,77.80002869700499,72.85616524319146
2026-09-07 09:16:21,77.7939360016015,72.86226920619025
2026-09-07 09:16:22,77.79890792069196,72.85289371649213
2026-09-07 09:16:23,77.78452798883507,72.86608005803313
2026-09-07 09:16:24,77.78569305565009,72.85793962914083
2026-09-07 09:16:25,77.78610857036797,72.86612929023524
2026-09-07 09:16:26,77.76636576089146,72.87621426509817
2026-09-07 09:16:27,77.77200216506006,72.85731178176546
2026-09-07 09:16:28,77.77787377414187,72.84114693635625
2026-09-07 09:16:29,77.78655319588718,72.8447650905191
2026-09-07 09:16:30,77.80371449863539,72.83921946481212
2026-09-07 09:16:31,77.80375000540475,72.84872832742828
2026-09-07 09:16:32,77.79887348527586,72.84232657018597
2026-09-07 09:16:33,77.79604003565537,72.84166441891732
2026-09-07 09:16:34,77.78779485575643,72.84606032379426
2026-09-07 09:16:35,77.7919335866309,72.84670905269614
2026-09-07 09:16:36,77.80488656027138,72.84373327313764
2026-09-07 09:16:37,77.81484313397046,72.83876934248306
2026-09-07 09:16:38,77.82060294762873,72.82120381115203
2026-09-07 09:16:39,77.8221117355508,72.81961150032205
2026-09-07 09:16:40,77.81833839019984,72.81406883824623
2026-09-07 09:16:41,77.8156903911072,72.80753508261756
2026-09-07 09:16:42,77.79897946233585,72.80212332119241
2026-09-07 09:16:43,77.79479175654944,72.79736491648511
2026-09-07 09:16:44,77.78673263050291,72.79613313195534
2026-09-07 09:16:45,77.79270904928043,72.7938623961155
2026-09-07 09:16:46,77.78895490918939,72.80618045504158
2026-09-07 09:16:47,77.79639797239193,72.81454636101489
2026-09-07 09:16:48,77.805202143219,72.8115762904051
2026-09-07 09:16:49,77.80421592324659,72.82168119289386
2026-09-07 09:16:50,77.79999357938593,72.82059512955132
2026-09-07 09:16:51,77.80287214685228,72.82397794363341
2026-09-07 09:16:52,77.80076591916591,72.83290541006652
2026-09-07 09:16:53,77.79940894002162,72.83949043606009
2026-09-07 09:16:54,77.80756625821586,72.84547580571301
2026-09-07 09:16:55,77.81315514876266,72.83494504959543
2026-09-07 09:16:56,77.8031638972565,72.82932722794386
2026-09-07 09:16:57,77.80678496186509,72.84295246947053
2026-09-07 09:16:58,77.7974700181648,72.84573618580437
2026-09-07 09:16:59,77.7909616869299,72.83908638862911
2026-09-07 09:17:00,77.78885553415864,72.84536616158984
2026-09-07 09:17:01,77.79047716622796,72.85607719163949
2026-09-07 09:17:02,77.7829679266186,72.86415304004494
2026-09-07 09:17:03,77.79005270407276,72.86478405911572
2026-09-07 09:17:04,77.79368826105942,72.85966749965148
2026-09-07 09:17:05,77.78538388485194,72.8559865960423
2026-09-07 09:17:06,77.78048824655264,72.88223756565219
2026-09-07 09:17:07,77.77679287954184,72.89722895484267
2026-09-07 09:17:08,77.77833173369248,72.90006487535213
2026-09-07 09:17:09,77.7839945144191,72.89298527443917
2026-09-07 09:17:10,77.79097666791333,72.89640464569526
2026-09-07 09:17:11,77.77942856031062,72.90186785861214
2026-09-07 09:17:12,77.78363730150507,72.90598111894575
2026-09-07 09:17:13,77.79571209208098,72.90221530514108
2026-09-07 09:17:14,77.79961185178026,72.90901540678769
2026-09-07 09:17:15,77.79275192954532,72.91991945147107
2026-09-07 09:17:16,77.78170047176032,72.90810346120507
2026-09-07 09:17:17,77.78567993306032,72.89820742583021
2026-09-07 09:17:18,77.784793560852,72.88326064054083
2026-09-07 09:17:19,77.7853198214559,72.87296292484798
2026-09-07 09:17:20,77.7879248723224,72.8590421589179
2026-09-07 09:17:21,77.79134249683442,72.85662179507491
2026-09-07 09:17:22,77.79183032787748,72.85600794512888
2026-09-07 09:17:23,77.79282483414745,72.84400858570913
2026-09-07 09:17:24,77.7732850114924,72.8443177938614
2026-09-07 09:17:25,77.76615699904528,72.84019045946984
2026-09-07 09:17:26,77.76940577237832,72.82216646419317
2026-09-07 09:17:27,77.76359275652395,72.81662796290377
2026-09-07 09:17:28,77.75554054494562,72.81959400036187
2026-09-07 09:17:29,77.75447207171936,72.81214431512949
2026-09-07 09:17:30,77.74697506729558,72.81947140616732
2026-09-07 09:17:31,77.74195340017562,72.82478176394689
2026-09-07 09:17:32,77.74537452174657,72.80759179672015
2026-09-07 09:17:33,77.73712405369358,72.80761904726101
2026-09-07 09:17:34,77.73972759131536,72.8146950474508
2026-09-07 09:17:35,77.7458362540907,72.82408219425082
2026-09-07 09:17:36,77.74298891710589,72.82217155025313
2026-09-07 09:17:37,77.74889520161577,72.81830932263009
2026-09-07 09:17:38,77.75694162738066,72.80388508194223
2026-09-07 09:17:39,77.76191827849591,72.80231256177703
2026-09-07 09:17:40,77.74693938339907,72.8112037628723
2026-09-07 09:17:41,77.74930777093856,72.8113931603985
2026-09-07 09:17:42,77.74110965920451,72.80716902786325
2026-09-07 09:17:43,77.7526208136841,72.79966108923928
2026-09-07 09:17:44,77.72618711681629,72.79188773501966
2026-09-07 09:17:45,77.71705501494715,72.79068906606925
2026-09-07 09:17:46,77.71406140636735,72.78241094444904
2026-09-07 09:17:47,77.70765465318506,72.7919168924051
2026-09-07 09:17:48,77.69667683406195,72.80967218675909
2026-09-07 09:17:49,77.6925366896231,72.79975536086687
2026-09-07 09:17:50,77.6985270768783,72.80487494705137
2026-09-07 09:17:51,77.69059155940204,72.81166960314393
2026-09-07 09:17:52,77.67659391535388,72.80328627505915
2026-09-07 09:17:53,77.68516220589333,72.80096542998098
2026-09-07 09:17:54,77.67525573609285,72.80562921154515
2026-09-07 09:17:55,77.68223012346307,72.80542599825075
2026-09-07 09:17:56,77.6684845960376,72.8022827736894
2026-09-07 09:17:57,77.67166444156776,72.80925839132728
2026-09-07 09:17:58,77.68576192116649,72.80696414566246
2026-09-07 09:17:59,77.68209092723113,72.80661640110762
2026-09-07 09:18:00,77.69126838411059,72.7980708927959
2026-09-07 09:18:01,77.7012007075379,72.77312945043774
2026-09-07 09:18:02,77.70726989540634,72.76700056970165
2026-09-07 09:18:03,77.71076359101686,72.77324511581708
2026-09-07 09:18:04,77.70176320736145,72.77246088611719
2026-09-07 09:18:05,77.7035940744684,72.77778771949305
2026-09-07 09:18:06,77.69651615800026,72.76879194936232
2026-09-07 09:18:07,77.68187772902014,72.79182974984415
2026-09-07 09:18:08,77.68041387323493,72.78981112799924
2026-09-07 09:18:09,77.66904285341091,72.79824901596419
2026-09-07 09:18:10,77.66497547898265,72.81127695894344
2026-09-07 09:18:11,77.67145513281443,72.8114665245161
2026-09-07 09:18:12,77.67698499653156,72.80137520711419
2026-09-07 09:18:13,77.67450696822019,72.79614711064528
2026-09-07 09:18:14,77.6648507939005,72.79630133122811
2026-09-07 09:18:15,77.66374776770196,72.80932728338705
2026-09-07 09:18:16,77.63824917082763,72.80322685633797
2026-09-07 09:18:17,77.63126516678317,72.79901451766203
2026-09-07 09:18:18,77.63447275003706,72.80267794303603
2026-09-07 09:18:19,77.6346876998049,72.79837535756195
2026-09-07 09:18:20,77.6384473021465,72.80163947394068
2026-09-07 09:18:21,77.62443545753322,72.79925938671757
2026-09-07 09:18:22,77.61398479672921,72.78853688664722
2026-09-07 09:18:23,77.61509905926732,72.78908363553694
2026-09-07 09:18:24,77.61596423347903,72.78113899041624
2026-09-07 09:18:25,77.614434055068,72.77285913129785
2026-09-07 09:18:26,77.6173368916834,72.77910608001523
2026-09-07 09:18:27,77.63068055988433,72.79059238944129
2026-09-07 09:18:28,77.62455708009522,72.78643853374041
2026-09-07 09:18:29,77.61742209268368,72.7892142257675
2026-09-07 09:18:30,77.63247867799751,72.7956424691902
2026-09-07 09:18:31,77.61575757310162,72.78423246026033
2026-09-07 09:18:32,77.60593212760158,72.78890570235909
2026-09-07 09:18:33,77.60594135990974,72.79162636833908
2026-09-07 09:18:34,77.61948339442144,72.78412132866232
2026-09-07 09:18:35,77.61303957354066,72.80195740396069
2026-09-07 09:18:36,77.61564122637822,72.79488865791556
2026-09-07 09:18:37,77.60022056164516,72.78105827239027
2026-09-07 09:18:38,77.58164430390688,72.78167766835557
2026-09-07 09:18:39,77.58197941343145,72.79068609189459
2026-09-07 09:18:40,77.58092090594359,72.78439223717244
2026-09-07 09:18:41,77.5752894785972,72.80164255925084
2026-09-07 09:18:42,77.56187533254634,72.80321864842234
2026-09-07 09:18:43,77.56206962307469,72.80881525093051
2026-09-07 09:18:44,77.5589957657229,72.81334578995835
2026-09-07 09:18:45,77.56519117226652,72.81200754721596
2026-09-07 09:18:46,77.56171480604822,72.8103162358986
2026-09-07 09:18:47,77.55438495073027,72.80843024955796
2026-09-07 09:18:48,77.55209113537926,72.8103378048349
2026-09-07 09:18:49,77.56223998840613,72.82220686984309
2026-09-07 09:18:50,77.55885664867043,72.8276798708613
2026-09-07 09:18:51,77.56109666181588,72.83459330902124
2026-09-07 09:18:52,77.56125931492824,72.8370054327764
2026-09-07 09:18:53,77.55769763075995,72.82988201852461
2026-09-07 09:18:54,77.56432176838312,72.84167360776085
2026-09-07 09:18:55,77.56935249232436,72.845630153594
2026-09-07 09:18:56,77.5713746364761,72.84154269366763
2026-09-07 09:18:57,77.5578286094797,72.84756629478058
2026-09-07 09:18:58,77.55934204055116,72.8425334721584
2026-09-07 09:18:59,77.55201387792061,72.85413670838993
2026-09-07 09:19:00,77.53831050668924,72.87013772123493
2026-09-07 09:19:01,77.54316756651758,72.8916742642247
2026-09-07 09:19:02,77.53771628574171,72.89147573285086
2026-09-07 09:19:03,77.53386906057335,72.8928850839853
2026-09-07 09:19:04,77.53227439078138,72.88608426454185
2026-09-07 09:19:05,77.54043634112655,72.87895316248682
2026-09-07 09:19:06,77.53657979773195,72.88399069427211
2026-09-07 09:19:07,77.53249709964891,72.88004179657932
2026-09-07 09:19:08,77.53519981453667,72.87669968740273
2026-09-07 09:19:09,77.52573393643775,72.87577010456367
2026-09-07 09:19:10,77.5240645439634,72.89125738882949
2026-09-07 09:19:11,77.51573543007147,72.90006501891484
2026-09-07 09:19:12,77.50976845017414,72.89683002220268
2026-09-07 09:19:13,77.507287837038,72.89928759314863
2026-09-07 09:19:14,77.51384219236911,72.91518992109069
2026-09-07 09:19:15,77.5090102441046,72.92727824667254
2026-09-07 09:19:16,77.51656635301691,72.93466460443473
2026-09-07 09:19:17,77.51080142218144,72.94285268162659
2026-09-07 09:19:18,77.50998587729799,72.94606472048959
2026-09-07 09:19:19,77.50794268237041,72.95210304993675
2026-09-07 09:19:20,77.51640702443616,72.96238802998658
2026-09-07 09:19:21,77.51484841902942,72.97144097742685
2026-09-07 09:19:22,77.52587243227696,72.96293313665137
2026-09-07 09:19:23,77.5370514685086,72.95078899202072
2026-09-07 09:19:24,77.54117276250153,72.95618980883953
2026-09-07 09:19:25,77.55243445495196,72.95872430834842
2026-09-07 09:19:26,77.54878321241866,72.95147755420231
2026-09-07 09:19:27,77.539280628059,72.95844249760506
2026-09-07 09:19:28,77.53748098451052,72.9519156805561
2026-09-07 09:19:29,77.5415204820752,72.94495971239482
2026-09-07 09:19:30,77.53820258548448,72.94079138708149
2026-09-07 09:19:31,77.55076631119096,72.95409171702951
2026-09-07 09:19:32,77.54956621064595,72.93980425760452
2026-09-07 09:19:33,77.55166631168747,72.940456893
2026-09-07 09:19:34,77.55431611774098,72.94559792985201
2026-09-07 09:19:35,77.55188160474162,72.95400930541534
2026-09-07 09:19:36,77.55823825722406,72.9559238722071
2026-09-07 09:19:37,77.55515179274111,72.95155231161507
2026-09-07 09:19:38,77.56041255316629,72.94155380655644
2026-09-07 09:19:39,77.55920000258322,72.93473441800815
2026-09-07 09:19:40,77.54861565447158,72.9402224741636
2026-09-07 09:19:41,77.54842006483258,72.94054767886664
2026-09-07 09:19:42,77.5550608359814,72.9269650917964
2026-09-07 09:19:43,77.5545510259151,72.9295885568574
2026-09-07 09:19:44,77.56087285863467,72.91972563707314
2026-09-07 09:19:45,77.56631062881513,72.92172002205093
2026-09-07 09:19:46,77.57661084131567,72.93207132483266
2026-09-07 09:19:47,77.58078660371466,72.95160523634475
2026-09-07 09:19:48,77.58077660544046,72.94774516163062
2026-09-07 09:19:49,77.57818725184259,72.93919360452526
2026-09-07 09:19:50,77.57796825191954,72.9221168787754
2026-09-07 09:19:51,77.57732607810726,72.9259872170923
2026-09-07 09:19:52,77.58485750585693,72.92282946035634
2026-09-07 09:19:53,77.59541061925698,72.91690905274623
2026-09-07 09:19:54,77.59438734952096,72.8998440046263
2026-09-07 09:19:55,77.58860244004015,72.89265186489996
2026-09-07 09:19:56,77.59968820292049,72.89735774742097
2026-09-07 09:19:57,77.5914928259122,72.90209281596817
2026-09-07 09:19:58,77.59506588319174,72.90001987018562
2026-09-07 09:19:59,77.5952355204329,72.89731073829608
2026-09-07 09:20:00,77.5912098447253,72.88158246214988
2026-09-07 09:20:01,77.5905377452725,72.89297782178527
2026-09-07 09:20:02,77.60116481746905,72.8905049935306
2026-09-07 09:20:03,77.59562186614387,72.88862750108962
2026-09-07 09:20:04,77.60228223016023,72.89174401789731
2026-09-07 09:20:05,77.59795018645873,72.89495564132055
2026-09-07 09:20:06,77.59642047846577,72.89952696951902
2026-09-07 09:20:07,77.59339649941505,72.88648195398619
2026-09-07 09:20:08,77.59382647962319,72.8932206547032
2026-09-07 09:20:09,77.58561792545507,72.89226861360098
2026-09-07 09:20:10,77.59212259083026,72.88895111814065
2026-09-07 09:20:11,77.58730063927916,72.90693595372824
2026-09-07 09:20:12,77.59344547520446,72.91603717041373
2026-09-07 09:20:13,77.5864425456575,72.93049474760204
2026-09-07 09:20:14,77.57418179781725,72.92590478273236
2026-09-07 09:20:15,77.5796549469565,72.93767851706917
2026-09-07 09:20:16,77.57277798367862,72.93180307155802
2026-09-07 09:20:17,77.57423008612254,72.91474539127069
2026-09-07 09:20:18,77.57895378122345,72.91969431269763
2026-09-07 09:20:19,77.57564797575581,72.92444458175042
2026-09-07 09:20:20,77.5813797183378,72.92717579694573
2026-09-07 09:20:21,77.58523442687714,72.94054092025516
2026-09-07 09:20:22,77.58170986048745,72.94196882035276
2026-09-07 09:20:23,77.57785556777166,72.9510948253631
2026-09-07 09:20:24,77.57485107771993,72.95527872639602
2026-09-07 09:20:25,77.57585895958104,72.95586297525901
2026-09-07 09:20:26,77.5885033860317,72.95511326561557
2026-09-07 09:20:27,77.59893794789328,72.96238931400646
2026-09-07 09:20:28,77.60865059317044,72.96093655405342
2026-09-07 09:20:29,77.61547791647982,72.96759141024671
2026-09-07 09:20:30,77.61096060644267,72.96996040731817
2026-09-07 09:20:31,77.61001444937378,72.96964585375942
2026-09-07 09:20:32,77.61957985485131,72.96331149012484
2026-09-07 09:20:33,77.60722198358236,72.94800822400188
2026-09-07 09:20:34,77.60389876761732,72.94234380046242
2026-09-07 09:20:35,77.60400305249313,72.94730954494821
2026-09-07 09:20:36,77.61692289256125,72.95002337957365
2026-09-07 09:20:37,77.62032318660631,72.94357561547318
2026-09-07 09:20:38,77.62458155834231,72.95549710356619
2026-09-07 09:20:39,77.63441647248217,72.93835674407997
2026-09-07 09:20:40,77.64094793680454,72.95224377073542
2026-09-07 09:20:41,77.64700786726193,72.93913900249841
2026-09-07 09:20:42,77.64475684088542,72.94428516579062
2026-09-07 09:20:43,77.64780169666201,72.93717512006364
2026-09-07 09:20:44,77.64127769315859,72.94563630678593
2026-09-07 09:20:45,77.63150355170906,72.95819703464115
2026-09-07 09:20:46,77.63165034031705,72.96083043080904
2026-09-07 09:20:47,77.62188520760571,72.95561154739696
2026-09-07 09:20:48,77.62692886838467,72.94273438801875
2026-09-07 09:20:49,77.64208432872901,72.93045069233544
2026-09-07 09:20:50,77.63314279399994,72.93082776450647
2026-09-07 09:20:51,77.63666579490541,72.93723898001936
2026-09-07 09:20:52,77.63395089284656,72.93542429351487
2026-09-07 09:20:53,77.6322238342692,72.93039627273352
2026-09-07 09:20:54,77.61337649305304,72.93880099993235
2026-09-07 09:20:55,77.61521115516665,72.94018676788322
2026-09-07 09:20:56,77.61061737508487,72.94238142162237
2026-09-07 09:20:57,77.61052068467933,72.9417095060991
2026-09-07 09:20:58,77.61859468903121,72.92666483275553
2026-09-07 09:20:59,77.62043421231526,72.9173511681483
2026-09-07 09:21:00,77.61811231613873,72.93044130588811
2026-09-07 09:21:01,77.61019606756332,72.92956855334484
2026-09-07 09:21:02,77.60587654079838,72.93786086146422
2026-09-07 09:21:03,77.5987250210334,72.9231653208232
2026-09-07 09:21:04,77.60247673035128,72.92007367057836
2026-09-07 09:21:05,77.6001451577836,72.9295060881319
2026-09-07 09:21:06,77.59366450040551,72.92624484756524
2026-09-07 09:21:07,77.59474157797673,72.9298537251834
2026-09-07 09:21:08,77.59097029375825,72.93888934674293
2026-09-07 09:21:09,77.60732912677354,72.93532049964209
2026-09-07 09:21:10,77.62097736650882,72.91690439599473
2026-09-07 09:21:11,77.63124839813875,72.91390009532796
2026-09-07 09:21:12,77.63225063022723,72.91093519687321
2026-09-07 09:21:13,77.62760350802691,72.89978475618653
2026-09-07 09:21:14,77.6247216720131,72.9110966103337
2026-09-07 09:21:15,77.63304570048015,72.90805605611078
2026-09-07 09:21:16,77.62919037369412,72.90193013306879
2026-09-07 09:21:17,77.62043172522387,72.9176717199227
2026-09-07 09:21:18,77.62527491358487,72.91869464347276
2026-09-07 09:21:19,77.62168747508818,72.90977306003168
2026-09-07 09:21:20,77.63129838569951,72.91658769209948
2026-09-07 09:21:21,77.62434369015489,72.92521983893589
2026-09-07 09:21:22,77.61626186102163,72.93082210521527
2026-09-07 09:21:23,77.60924871155278,72.92720384496378
2026-09-07 09:21:24,77.61286082301736,72.93097631297273
2026-09-07 09:21:25,77.62024277293793,72.92367193744599
2026-09-07 09:21:26,77.63176588473317,72.93540555905268
2026-09-07 09:21:27,77.63169104694728,72.9394655018391
2026-09-07 09:21:28,77.62601089731602,72.93813492691075
2026-09-07 09:21:29,77.6163714527952,72.93891220262844
2026-09-07 09:21:30,77.6178261496973,72.95064052315209
2026-09-07 09:21:31,77.62474276428708,72.95775340736255
2026-09-07 09:21:32,77.62210116837984,72.95579052054441
2026-09-07 09:21:33,77.61961310756105,72.95773069897513
2026-09-07 09:21:34,77.60552515710965,72.96446149973536
2026-09-07 09:21:35,77.5940915890319,72.95996192419999
2026-09-07 09:21:36,77.59425374535277,72.95547831255953
2026-09-07 09:21:37,77.60638649522453,72.95462456803907
2026-09-07 09:21:38,77.61785530480674,72.96487212873855
2026-09-07 09:21:39,77.61422850520675,72.96837184895428
2026-09-07 09:21:40,77.62370339054564,72.96546305465026
2026-09-07 09:21:41,77.62434760558747,72.96058984468671
2026-09-07 09:21:42,77.62477562616083,72.9575001364438
2026-09-07 09:21:43,77.62537843808785,72.9662477566027
2026-09-07 09:21:44,77.63554458491967,72.96741001996085
2026-09-07 09:21:45,77.63701833369635,72.97488562610665
2026-09-07 09:21:46,77.63490036033322,72.96564216918459
2026-09-07 09:21:47,77.64300481711079,72.95748037180081
2026-09-07 09:21:48,77.6497970487524,72.94905832294269
2026-09-07 09:21:49,77.66316167460386,72.93994478566697
2026-09-07 09:21:50,77.66936089392685,72.95303323632918
2026-09-07 09:21:51,77.66234273733079,72.96600123463641
2026-09-07 09:21:52,77.65633173047884,72.95059755389126
2026-09-07 09:21:53,77.66160193712349,72.95672073045453
2026-09-07 09:21:54,77.66012124479279,72.93467841131486
2026-09-07 09:21:55,77.65972072510712,72.93200885381742
2026-09-07 09:21:56,77.6569506600771,72.92948034882161
2026-09-07 09:21:57,77.64388174065324,72.92453056319547
2026-09-07 09:21:58,77.65702267601266,72.93802692531912
2026-09-07 09:21:59,77.65438245203774,72.93181220343502
2026-09-07 09:22:00,77.65727576511519,72.94107969782041
2026-09-07 09:22:01,77.66255553166074,72.93087543742288
2026-09-07 09:22:02,77.66373865402467,72.93209960251616
2026-09-07 09:22:03,77.67424247254814,72.94254059023892
2026-09-07 09:22:04,77.67806786285749,72.95315619861931
2026-09-07 09:22:05,77.67518072556403,72.96658399185557
2026-09-07 09:22:06,77.67207015792815,72.97003953295045
2026-09-07 09:22:07,77.6787758372459,72.9620619894728
2026-09-07 09:22:08,77.6736473435283,72.94671437186493
2026-09-07 09:22:09,77.67485008620929,72.94623420538913
2026-09-07 09:22:10,77.67246352481843,72.95058357735657
2026-09-07 09:22:11,77.6570095625574,72.9503769796644
2026-09-07 09:22:12,77.65764628905475,72.94805473287195
2026-09-07 09:22:13,77.66344376999577,72.96335185929937
2026-09-07 09:22:14,77.66018862672216,72.95514657603302
2026-09-07 09:22:15,77.65577498543298,72.9559560588707
2026-09-07 09:22:16,77.66005375139079,72.94843865236196
2026-09-07 09:22:17,77.66735035817041,72.939495679163
2026-09-07 09:22:18,77.67339049368934,72.94322443347853
2026-09-07 09:22:19,77.67677592149897,72.96205938477887
2026-09-07 09:22:20,77.67485042142354,72.96061397822966
2026-09-07 09:22:21,77.67832936014803,72.96814910106251
2026-09-07 09:22:22,77.66855333096947,72.9705491596186
2026-09-07 09:22:23,77.6631378053123,72.97605250130033
2026-09-07 09:22:24,77.67313846840257,72.97650211985871
2026-09-07 09:22:25,77.67235993888163,72.97810286352127
2026-09-07 09:22:26,77.65078172016489,72.9848310690309
2026-09-07 09:22:27,77.65487906904443,72.98626736256658
2026-09-07 09:22:28,77.6519876408155,72.97988408397688
2026-09-07 09:22:29,77.6506789172832,72.99048025504153
2026-09-07 09:22:30,77.6499311598718,73.00225040594071
2026-09-07 09:22:31,77.63115538730418,72.99823417797032
2026-09-07 09:22:32,77.63315579898243,72.99811590416294
2026-09-07 09:22:33,77.62103882186585,72.99230765531864
2026-09-07 09:22:34,77.63016032486806,72.98102616778057
2026-09-07 09:22:35,77.6229293676648,72.97144545147158
2026-09-07 09:22:36,77.61890157984317,72.97705777793544
2026-09-07 09:22:37,77.62323781216543,72.95932954877867
2026-09-07 09:22:38,77.63389186642662,72.95415717832532
2026-09-07 09:22:39,77.62959575854312,72.96871660189956
2026-09-07 09:22:40,77.62899945206371,72.95789307140446
2026-09-07 09:22:41,77.62433565902361,72.95154863053655
2026-09-07 09:22:42,77.61696749515062,72.94863918086024
2026-09-07 09:22:43,77.62337070899879,72.95169631968643
2026-09-07 09:22:44,77.613293942178,72.97603250998701
2026-09-07 09:22:45,77.60607009127929,72.9770432025854
2026-09-07 09:22:46,77.60629948945218,72.9836925796628
2026-09-07 09:22:47,77.60390308317814,72.98767955957463
2026-09-07 09:22:48,77.61926981005685,72.98851540358602
2026-09-07 09:22:49,77.61136935359156,72.99138299661921
2026-09-07 09:22:50,77.6055103962697,72.98815079492884
2026-09-07 09:22:51,77.6068833245436,72.99109289141842
2026-09-07 09:22:52,77.60480750660854,72.99850223422781
2026-09-07 09:22:53,77.6034008181527,72.98710683470287
2026-09-07 09:22:54,77.6098062273496,72.98392637174649
2026-09-07 09:22:55,77.61865739592656,72.97820788069045
2026-09-07 09:22:56,77.62283729850029,72.98095862441045
2026-09-07 09:22:57,77.60315672512067,72.96791828297032
2026-09-07 09:22:58,77.59498935693574,72.98020126444291
2026-09-07 09:22:59,77.58121564666364,72.9881801794066
2026-09-07 09:23:00,77.58918237833512,72.99250466931153
2026-09-07 09:23:01,77.59410151318973,72.98817407135479
2026-09-07 09:23:02,77.59402338754857,72.99013710283977
2026-09-07 09:23:03,77.59709325979881,72.99631342147941
2026-09-07 09:23:04,77.59558530334562,72.99018726387831
2026-09-07 09:23:05,77.5914817131775,72.99377604402969
2026-09-07 09:23:06,77.57936457053638,72.98282542543326
2026-09-07 09:23:07,77.57635976350139,72.97799639062433
2026-09-07 09:23:08,77.57438675219106,72.95474693392899
2026-09-07 09:23:09,77.57189939364268,72.95255428805349
2026-09-07 09:23:10,77.5775604358845,72.93527339588918
2026-09-07 09:23:11,77.57532768840673,72.93941506059814
2026-09-07 09:23:12,77.57889821477386,72.94985677603587
2026-09-07 09:23:13,77.58659827921545,72.94069253114738
2026-09-07 09:23:14,77.59124257310427,72.93776692431503
2026-09-07 09:23:15,77.5853798846259,72.95116685821968
2026-09-07 09:23:16,77.58078407196354,72.94370291325005
2026-09-07 09:23:17,77.5778059265784,72.93625628907408
2026-09-07 09:23:18,77.58515813704395,72.93957682611946
2026-09-07 09:23:19,77.59538802227497,72.94317111061508
2026-09-07 09:23:20,77.59089298878158,72.95232720255035
2026-09-07 09:23:21,77.5861076782568,72.94828375455052
2026-09-07 09:23:22,77.58488294260466,72.94862640026662
2026-09-07 09:23:23,77.59361650450346,72.94332482025939
2026-09-07 09:23:24,77.59618867766658,72.94308250066958
2026-09-07 09:23:25,77.58698775977578,72.93350367364108
2026-09-07 09:23:26,77.58538129580076,72.93704225025431
2026-09-07 09:23:27,77.58772452604975,72.94123497791024
2026-09-07 09:23:28,77.58807960691242,72.9373117591773
2026-09-07 09:23:29,77.59120017873111,72.92853480236674
2026-09-07 09:23:30,77.58137090679712,72.92562044875059
2026-09-07 09:23:31,77.57090764080135,72.92111368521951
2026-09-07 09:23:32,77.56543786437236,72.91625947577106
2026-09-07 09:23:33,77.56510898217911,72.90925131108305
2026-09-07 09:23:34,77.56201367123263,72.89427465388677
2026-09-07 09:23:35,77.5630757248593,72.88656234104904
2026-09-07 09:23:36,77.56603574419897,72.86180706757197
2026-09-07 09:23:37,77.56016432310521,72.86393408995205
2026-09-07 09:23:38,77.54229021638119,72.86077894639334
2026-09-07 09:23:39,77.54298169569424,72.86168039648408
2026-09-07 09:23:40,77.53202516231484,72.86369082444931
2026-09-07 09:23:41,77.53311456777561,72.85517156508087
2026-09-07 09:23:42,77.53856769627183,72.854741143749
2026-09-07 09:23:43,77.53870374413485,72.85080197753102
2026-09-07 09:23:44,77.54271672028753,72.85165299607101
2026-09-07 09:23:45,77.55104949183489,72.85560948013442
2026-09-07 09:23:46,77.54652448521624,72.85365165654437
2026-09-07 09:23:47,77.55325712571295,72.85044901155388
2026-09-07 09:23:48,77.55606370540502,72.85502589927121
2026-09-07 09:23:49,77.5547455268483,72.8346038409968
2026-09-07 09:23:50,77.5557128713094,72.83647968216793
2026-09-07 09:23:51,77.55670721750111,72.82981668534777
2026-09-07 09:23:52,77.56558215388571,72.82863373854933
2026-09-07 09:23:53,77.56100400705368,72.8223390719642
2026-09-07 09:23:54,77.56363687434204,72.8127644454653
2026-09-07 09:23:55,77.55628649933172,72.8303189539187
2026-09-07 09:23:56,77.56591097562091,72.83957048750335
2026-09-07 09:23:57,77.57593954630148,72.84479602076927
2026-09-07 09:23:58,77.56355735345443,72.85528699949127
2026-09-07 09:23:59,77.57266116572481,72.85959435646465
2026-09-07 09:24:00,77.55827978886747,72.8705164043155
2026-09-07 09:24:01,77.5683178661571,72.86619034028968
2026-09-07 09:24:02,77.56925591985868,72.87301887731054
2026-09-07 09:24:03,77.5686288961083,72.88267841344815
2026-09-07 09:24:04,77.56922621858124,72.88875972390072
2026-09-07 09:24:05,77.56985333218742,72.87574662028469
2026-09-07 09:24:06,77.56252980259319,72.90361634991747
2026-09-07 09:24:07,77.56458354752388,72.91515675851339
2026-09-07 09:24:08,77.57296231244291,72.9302576515811
2026-09-07 09:24:09,77.5770434725407,72.9250083181705
2026-09-07 09:24:10,77.5771798333575,72.90809869208768
2026-09-07 09:24:11,77.57579386406162,72.91608500747111
2026-09-07 09:24:12,77.55986548741467,72.91781922082149
2026-09-07 09:24:13,77.56593531749404,72.92952234468707
2026-09-07 09:24:14,77.55911025651952,72.92377498460863
2026-09-07 09:24:15,77.54528914069678,72.91478660748707
2026-09-07 09:24:16,77.54922328878658,72.93303987782707
2026-09-07 09:24:17,77.54077759446594,72.9452035943044
2026-09-07 09:24:18,77.54392589540703,72.9408365963987
2026-09-07 09:24:19,77.56010240533242,72.91858508250351
2026-09-07 09:24:20,77.55960427688072,72.92051612740909
2026-09-07 09:24:21,77.5753176704575,72.93638365126225
2026-09-07 09:24:22,77.59202531071747,72.93756840702534
2026-09-07 09:24:23,77.59926480698407,72.9496172987479
2026-09-07 09:24:24,77.6030440820893,72.95279705056124
2026-09-07 09:24:25,77.60168862427908,72.94918946764359
2026-09-07 09:24:26,77.5926110323404,72.96641474798501
2026-09-07 09:24:27,77.58931461479104,72.94803317563425
2026-09-07 09:24:28,77.5912642796936,72.94773262115856
2026-09-07 09:24:29,77.59256421540479,72.96377521588259
2026-09-07 09:24:30,77.59177977832685,72.96142799287585
2026-09-07 09:24:31,77.58626556355743,72.96122913099475
2026-09-07 09:24:32,77.58302411065641,72.96303924422467
2026-09-07 09:24:33,77.60610747439274,72.96651725316136
2026-09-07 09:24:34,77.59977476731716,72.98358962452114
2026-09-07 09:24:35,77.60616164875574,72.9908108852905
2026-09-07 09:24:36,77.61144755572359,72.99806208464648
2026-09-07 09:24:37,77.61643621634417,73.01054578544691
2026-09-07 09:24:38,77.62388150562766,73.022485859728
2026-09-07 09:24:39,77.62016937794354,73.0224649419928
2026-09-07 09:24:40,77.61477600905626,73.03094575580788
2026-09-07 09:24:41,77.62092465223459,73.02681795778268
2026-09-07 09:24:42,77.62524896281573,73.05008143670773
2026-09-07 09:24:43,77.63440069667902,73.04018992052158
2026-09-07 09:24:44,77.63371719452199,73.0458171593522
2026-09-07 09:24:45,77.63345272746034,73.04924313061244
2026-09-07 09:24:46,77.64218668205676,73.05215297958175
2026-09-07 09:24:47,77.63405988962423,73.05849093566667
2026-09-07 09:24:48,77.63333836757754,73.05950026791196
2026-09-07 09:24:49,77.62914542992498,73.04723693645666
2026-09-07 09:24:50,77.61991711934115,73.04410295390063
2026-09-07 09:24:51,77.61200094384994,73.02003231156776
2026-09-07 09:24:52,77.62050048443142,73.00973585905409
2026-09-07 09:24:53,77.615134369012,73.01444687930822
2026-09-07 09:24:54,77.59729091586325,73.02634237060563
2026-09-07 09:24:55,77.59160146093117,73.03219341732489
2026-09-07 09:24:56,77.58803629285096,73.03490408439501
2026-09-07 09:24:57,77.58881564177238,73.03489386143129
2026-09-07 09:24:58,77.57529574015577,73.02186204908594
2026-09-07 09:24:59,77.57498940426412,73.03436364324918
2026-09-07 09:25:00,77.57095268904985,73.03908166170726
2026-09-07 09:25:01,77.72215461198437,73.04337021065206
2026-09-07 09:25:02,77.8794955424969,73.0300794906361
2026-09-07 09:25:03,78.03152746539351,73.02850181029983
2026-09-07 09:25:04,78.17921560512816,73.02093086440718
2026-09-07 09:25:05,78.32339737312473,73.01180146309335
2026-09-07 09:25:06,78.46527209873896,73.03405962943056
2026-09-07 09:25:07,78.62785301997307,73.03414737376146
2026-09-07 09:25:08,78.78334713754644,73.02549006175316
2026-09-07 09:25:09,78.9127542060231,73.00933032217273
2026-09-07 09:25:10,79.06379913328372,73.02209434546202
2026-09-07 09:25:11,79.21348704377118,73.01321956965317
2026-09-07 09:25:12,79.36169797567972,73.00437344406643
2026-09-07 09:25:13,79.50137585470733,73.00231396560967
2026-09-07 09:25:14,79.64841768604506,72.99511418804944
2026-09-07 09:25:15,79.79186270466711,72.9868666793274
2026-09-07 09:25:16,79.94361085975147,72.99921869939708
2026-09-07 09:25:17,80.0920537850932,73.01904463193904
2026-09-07 09:25:18,80.23008084836496,73.02147651392869
2026-09-07 09:25:19,80.37152305556504,73.02004598526254
2026-09-07 09:25:20,80.52227855562258,73.0250026252084
2026-09-07 09:25:21,80.53063804854663,73.0200790929621
2026-09-07 09:25:22,80.52144532454786,73.01840898957806
2026-09-07 09:25:23,80.52361827169986,73.01221298751996
2026-09-07 09:25:24,80.53022946012086,73.02714753614295
2026-09-07 09:25:25,80.51970406145914,73.03036163485237
2026-09-07 09:25:26,80.52722620214756,73.01331417527595
2026-09-07 09:25:27,80.52874854823857,73.01131491911725
2026-09-07 09:25:28,80.5182143873331,73.02298515834208
2026-09-07 09:25:29,80.51982099661325,73.01873698733718
2026-09-07 09:25:30,80.52310343046965,73.02443797246227
2026-09-07 09:25:31,80.5287977176003,73.0295837253887
2026-09-07 09:25:32,80.53182212929822,73.01914535623696
2026-09-07 09:25:33,80.52870479715195,73.02028637374183
2026-09-07 09:25:34,80.5082242944784,73.03919848669044
2026-09-07 09:25:35,80.50541591839712,73.02984113828795
2026-09-07 09:25:36,80.49195960466187,73.03205057774156
2026-09-07 09:25:37,80.4921983308507,73.02687027832296
2026-09-07 09:25:38,80.48911547583177,73.0189901369028
2026-09-07 09:25:39,80.48357190022938,73.01812024795096
2026-09-07 09:25:40,80.4788107271557,73.02414171333392
2026-09-07 09:25:41,80.47775598420007,73.02531202965942
2026-09-07 09:25:42,80.48075412766696,73.03658771629968
2026-09-07 09:25:43,80.48520189838655,73.03861263035756
2026-09-07 09:25:44,80.48399389235956,73.03146260929974
2026-09-07 09:25:45,80.48146115556969,73.0375168619587
2026-09-07 09:25:46,80.48313596792347,73.0340758492524
2026-09-07 09:25:47,80.47328578471661,73.0204770884101
2026-09-07 09:25:48,80.47566481830006,73.02958823018744
2026-09-07 09:25:49,80.4784298321952,73.01740559985264
2026-09-07 09:25:50,80.4768562033254,73.01937404608664
2026-09-07 09:25:51,80.47006535417358,73.02244973828026
2026-09-07 09:25:52,80.46858467483553,73.01504500729067
2026-09-07 09:25:53,80.4594025700247,73.02223813612676
2026-09-07 09:25:54,80.46203945785257,73.01436584834617
2026-09-07 09:25:55,80.45454211590935,73.02225933499969
2026-09-07 09:25:56,80.45894784446047,73.01955744462137
2026-09-07 09:25:57,80.47072361364144,73.01698831976329
2026-09-07 09:25:58,80.46291542565643,73.02667129992653
2026-09-07 09:25:59,80.46152341233163,73.02973307487697
2026-09-07 09:26:00,80.4618041340518,73.02084739318936
2026-09-07 09:26:01,80.45303217379575,73.01912464952825
2026-09-07 09:26:02,80.46341748571513,73.0102276241124
2026-09-07 09:26:03,80.47345620981639,73.01218004027439
2026-09-07 09:26:04,80.46523836151646,73.01454323327698
2026-09-07 09:26:05,80.46942952172478,73.00657377587892
2026-09-07 09:26:06,80.45369646876513,73.00973239679313
2026-09-07 09:26:07,80.44549979830592,73.01363695989616
2026-09-07 09:26:08,80.43138549644358,73.01237916943944
2026-09-07 09:26:09,80.42541093294393,72.99926366663776
2026-09-07 09:26:10,80.42363112871014,73.00078036665901
2026-09-07 09:26:11,80.41952018613236,72.99032461625335
2026-09-07 09:26:12,80.4210863068966,72.97484357530334
2026-09-07 09:26:13,80.42503267619263,72.97918501807528
2026-09-07 09:26:14,80.43740856885161,72.98700207182281
2026-09-07 09:26:15,80.44002505764703,72.98933405111471
2026-09-07 09:26:16,80.44022813461369,72.97760729022268
2026-09-07 09:26:17,80.45101551813296,72.9822651838851
2026-09-07 09:26:18,80.44890517151735,72.97212992414131
2026-09-07 09:26:19,80.45984919474718,72.9768334972908
2026-09-07 09:26:20,80.45110897922815,72.98277405696827
2026-09-07 09:26:21,80.46508542107568,72.98257281871862
2026-09-07 09:26:22,80.4680353059546,72.97889576506836
2026-09-07 09:26:23,80.46340047896604,72.9883819027312
2026-09-07 09:26:24,80.48609992731237,72.98941241105395
2026-09-07 09:26:25,80.48518566791138,72.99642457903738
2026-09-07 09:26:26,80.48293861423075,73.0028657512248
2026-09-07 09:26:27,80.48904730289152,72.99388279160397
2026-09-07 09:26:28,80.48114199113989,72.9932272727962
2026-09-07 09:26:29,80.4872775632827,72.99567596130258
2026-09-07 09:26:30,80.49642337729209,72.98351501122083
2026-09-07 09:26:31,80.50005695149432,72.97801746287658
2026-09-07 09:26:32,80.5007940844825,72.98085868264145
2026-09-07 09:26:33,80.49364574557788,72.97883836111596
2026-09-07 09:26:34,80.48507245587768,72.9811873888833
2026-09-07 09:26:35,80.4788110760179,72.97682567580446
2026-09-07 09:26:36,80.48042226724823,72.97105884614398
2026-09-07 09:26:37,80.48887947407006,72.9654339006887
2026-09-07 09:26:38,80.49513399743938,72.96792946271646
2026-09-07 09:26:39,80.48751815509247,72.96600423373394
2026-09-07 09:26:40,80.48135848291811,72.96281307838893
2026-09-07 09:26:41,80.47936244309324,72.97885575959063
2026-09-07 09:26:42,80.47627907932974,72.99269605388874
2026-09-07 09:26:43,80.47956803924855,72.98116764613904
2026-09-07 09:26:44,80.46255041018331,72.98714829140646
2026-09-07 09:26:45,80.44791175589735,72.9934833338115
2026-09-07 09:26:46,80.45547499102294,72.99692508737374
2026-09-07 09:26:47,80.45393399127184,72.99471141333495
2026-09-07 09:26:48,80.4558390243092,72.99203945259138
2026-09-07 09:26:49,80.45190578114152,72.98877723494584
2026-09-07 09:26:50,80.46050591512076,72.98330705933935
2026-09-07 09:26:51,80.4632958896693,72.97316082494314
2026-09-07 09:26:52,80.45805900544228,72.96105561325632
2026-09-07 09:26:53,80.4566048086266,72.96706958990158
2026-09-07 09:26:54,80.45884782444789,72.96272928102871
2026-09-07 09:26:55,80.4633402908535,72.9596726474022
2026-09-07 09:26:56,80.46607513007828,72.96208150336565
2026-09-07 09:26:57,80.47005247920471,72.94027237433309
2026-09-07 09:26:58,80.46048535597019,72.94708235543959
2026-09-07 09:26:59,80.45969875863966,72.96683008449257
2026-09-07 09:27:00,80.45797397046235,72.96197593050394
2026-09-07 09:27:01,80.46894278374454,72.9668656001167
2026-09-07 09:27:02,80.48288033282249,72.97135185163413
2026-09-07 09:27:03,80.48138467190894,72.97772419416926
2026-09-07 09:27:04,80.47560027698883,72.9737943238081
2026-09-07 09:27:05,80.47152582400633,72.97183962300811
2026-09-07 09:27:06,80.47724180639872,72.96760454038849
2026-09-07 09:27:07,80.47960550213739,72.96321891737912
2026-09-07 09:27:08,80.48608886508764,72.93898164070843
2026-09-07 09:27:09,80.4845632668524,72.94046395637857
2026-09-07 09:27:10,80.47664836816179,72.9493717053285
2026-09-07 09:27:11,80.4782358254516,72.9606354403734
2026-09-07 09:27:12,80.48529156757826,72.96627327415375
2026-09-07 09:27:13,80.48419470876803,72.95672168960584
2026-09-07 09:27:14,80.48257861808591,72.95267883260394
2026-09-07 09:27:15,80.48441202964943,72.94859015628226
2026-09-07 09:27:16,80.50682827041962,72.9345473685323
2026-09-07 09:27:17,80.51544441915371,72.93041848471628
2026-09-07 09:27:18,80.51366562538108,72.93855142374986
2026-09-07 09:27:19,80.51368586674214,72.92790006164533
2026-09-07 09:27:20,80.51671896006395,72.92618550629184
2026-09-07 09:27:21,80.50162456362699,72.92792296731756
2026-09-07 09:27:22,80.49388709072332,72.92138592562387
2026-09-07 09:27:23,80.49742416403659,72.92401582991602
2026-09-07 09:27:24,80.49529492544603,72.94306866494809
2026-09-07 09:27:25,80.49836890770845,72.93767881661307
2026-09-07 09:27:26,80.50010221926271,72.93661369070415
2026-09-07 09:27:27,80.48395061979389,72.92278040002243
2026-09-07 09:27:28,80.4737632422734,72.94090940458686
2026-09-07 09:27:29,80.47241549340525,72.93848328138209
2026-09-07 09:27:30,80.46827812682236,72.94709418297181
2026-09-07 09:27:31,80.4684821606497,72.96206837728705
2026-09-07 09:27:32,80.47425628348732,72.9765083448534
2026-09-07 09:27:33,80.47339689705967,72.97980135812509
2026-09-07 09:27:34,80.47022628219462,72.97831866382504
2026-09-07 09:27:35,80.45755848328771,72.9732171740198
2026-09-07 09:27:36,80.4505962712538,72.9674977898138
2026-09-07 09:27:37,80.45949687243883,72.96979330911316
2026-09-07 09:27:38,80.46846260115665,72.97732036659161
2026-09-07 09:27:39,80.47519454032019,72.98613137922425
2026-09-07 09:27:40,80.47076560312514,72.99316908466079
2026-09-07 09:27:41,80.46840899267171,72.98851555661614
2026-09-07 09:27:42,80.47714976114217,73.00749705994974
2026-09-07 09:27:43,80.4699930888864,73.02273842267064
2026-09-07 09:27:44,80.47607009589164,73.01530279059759
2026-09-07 09:27:45,80.47806813809338,73.01855980700442
2026-09-07 09:27:46,80.48081283819074,73.01543063551541
2026-09-07 09:27:47,80.4714119962638,73.01570437696725
2026-09-07 09:27:48,80.47771214082998,73.02258795347046
2026-09-07 09:27:49,80.48254454685616,73.03225471859744
2026-09-07 09:27:50,80.47529512381315,73.0318832850238
2026-09-07 09:27:51,80.4777844116766,73.0406454656064
2026-09-07 09:27:52,80.47892470561597,73.04519097204425
2026-09-07 09:27:53,80.47990074576826,73.06360113655285
2026-09-07 09:27:54,80.46393920283894,73.06338432760715
2026-09-07 09:27:55,80.48203640425206,73.06545248774223
2026-09-07 09:27:56,80.46864446502201,73.06662543011814
2026-09-07 09:27:57,80.45816566442195,73.06066598663907
2026-09-07 09:27:58,80.45980670737522,73.07570358375084
2026-09-07 09:27:59,80.46318780493286,73.0815702785894
2026-09-07 09:28:00,80.47062932106917,73.08332782824841
2026-09-07 09:28:01,80.46436508857298,73.08246744928037
2026-09-07 09:28:02,80.46682494245887,73.08003888162692
2026-09-07 09:28:03,80.46194643954807,73.07688909785165
2026-09-07 09:28:04,80.45097525255669,73.06790085383277
2026-09-07 09:28:05,80.45031223506321,73.06473640428541
2026-09-07 09:28:06,80.45058571746853,73.0770478440087
2026-09-07 09:28:07,80.45277376824562,73.07676469763202
2026-09-07 09:28:08,80.44420206301636,73.0673098110633
2026-09-07 09:28:09,80.4469439811338,73.05965355509558
2026-09-07 09:28:10,80.45007893723566,73.05024140806503
2026-09-07 09:28:11,80.45105944004989,73.04960165506041
2026-09-07 09:28:12,80.45833302417076,73.04616377211102
2026-09-07 09:28:13,80.45561482554024,73.0483176300531
2026-09-07 09:28:14,80.45601466230197,73.06312418968086
2026-09-07 09:28:15,80.45413518097398,73.0584214717954
2026-09-07 09:28:16,80.45180445932368,73.06257570716602
2026-09-07 09:28:17,80.45351233072472,73.06865274052501
2026-09-07 09:28:18,80.44341204274245,73.09037122515423
2026-09-07 09:28:19,80.45684366317376,73.09009631388489
2026-09-07 09:28:20,80.4480183173066,73.09145320289697
2026-09-07 09:28:21,80.38438118186694,73.0718838287976
2026-09-07 09:28:22,80.31781320258594,73.05892869270637
2026-09-07 09:28:23,80.25449097822693,73.07103837341882
2026-09-07 09:28:24,80.19536892208326,73.05783915863263
2026-09-07 09:28:25,80.13878869681126,73.0657795211548
2026-09-07 09:28:26,80.0694865069999,73.07017913090485
2026-09-07 09:28:27,80.01389883570927,73.06727158400801
2026-09-07 09:28:28,79.94711776012429,73.06236905511803
2026-09-07 09:28:29,79.88889589737539,73.0434965658428
2026-09-07 09:28:30,79.83259627402015,73.03501959346869
2026-09-07 09:28:31,79.77269619864562,73.02078247794222
2026-09-07 09:28:32,79.6991877360875,73.01554821097375
2026-09-07 09:28:33,79.63857054187767,73.00135049510378
2026-09-07 09:28:34,79.57630746796104,72.99578639474542
2026-09-07 09:28:35,79.51871117944819,72.9930626619617
2026-09-07 09:28:36,79.45559632275503,72.99155783413183
2026-09-07 09:28:37,79.40203133265905,72.9884047719127
2026-09-07 09:28:38,79.33518171202235,73.00577460197742
2026-09-07 09:28:39,79.26908127105756,73.01178153125942
2026-09-07 09:28:40,79.19702788340243,73.01352939821354
2026-09-07 09:28:41,79.11378855039669,73.01445056624858
2026-09-07 09:28:42,79.04239753763694,73.0012896177449
2026-09-07 09:28:43,78.9653872395258,73.011285940205
2026-09-07 09:28:44,78.90183548755199,72.99800938769417
2026-09-07 09:28:45,78.84841831133133,72.99191720457961
2026-09-07 09:28:46,78.779056593255,72.99407483397889
2026-09-07 09:28:47,78.70408414635213,72.97991579138872
2026-09-07 09:28:48,78.63197183609715,72.99025791734256
2026-09-07 09:28:49,78.57225637843867,72.97642789776555
2026-09-07 09:28:50,78.51438317607891,72.97672504407277
2026-09-07 09:28:51,78.45137244987166,72.97717622533955
2026-09-07 09:28:52,78.38772653136279,72.96842026613479
2026-09-07 09:28:53,78.3144172826865,72.96226684019332
2026-09-07 09:28:54,78.2450589871644,72.96768571807064
2026-09-07 09:28:55,78.16950885744741,72.98163942222732
2026-09-07 09:28:56,78.0982227318324,72.97648750372117
2026-09-07 09:28:57,78.03669205975982,72.98028455595794
2026-09-07 09:28:58,77.96754894101362,72.97091642567726
2026-09-07 09:28:59,77.89357658486561,72.95692870571509
2026-09-07 09:29:00,77.83526069837292,72.96640941449805
2026-09-07 09:29:01,77.78224118670462,72.97077442910722
2026-09-07 09:29:02,77.71800505685273,72.97740202828531
2026-09-07 09:29:03,77.65828804234172,72.97513512821968
2026-09-07 09:29:04,77.59419502707621,72.99399314408542
2026-09-07 09:29:05,77.51515201005105,72.98168608062842
2026-09-07 09:29:06,77.50811452418002,72.98828193977215
2026-09-07 09:29:07,77.5167937089762,72.98531485591673
2026-09-07 09:29:08,77.52170139343227,72.98489047450876
2026-09-07 09:29:09,77.52389283224261,72.98015711733511
2026-09-07 09:29:10,77.52369375165583,72.98011547142676
2026-09-07 09:29:11,77.53196050408216,72.99966150962908
2026-09-07 09:29:12,77.51869494405682,73.00432624448145
2026-09-07 09:29:13,77.51865846538261,73.0128075094648
2026-09-07 09:29:14,77.52641710855389,73.01964591113205
2026-09-07 09:29:15,77.5323288543544,73.01132203939203
2026-09-07 09:29:16,77.51986224592034,73.02595148122737
2026-09-07 09:29:17,77.52869828850471,73.01760541246533
2026-09-07 09:29:18,77.5381341115316,73.02344897027133
2026-09-07 09:29:19,77.52019212841466,73.03133019458112
2026-09-07 09:29:20,77.5129740729175,73.04155151500402
2026-09-07 09:29:21,77.50799326949812,73.03503423606335
2026-09-07 09:29:22,77.49669885096043,73.03313352081472
2026-09-07 09:29:23,77.5041381307341,73.02724675212404
2026-09-07 09:29:24,77.49053893241413,73.04604994106037
2026-09-07 09:29:25,77.5040291604405,73.05210451605853
2026-09-07 09:29:26,77.5000979765518,73.04147735224136
2026-09-07 09:29:27,77.48811663119258,73.04637415078341
2026-09-07 09:29:28,77.49761856110719,73.03707642686082
2026-09-07 09:29:29,77.49761585791387,73.03464190537548
2026-09-07 09:29:30,77.49574049601259,73.03904190626982
2026-09-07 09:29:31,77.51104233253312,73.03345518812553
2026-09-07 09:29:32,77.51725836082711,73.04300661384686
2026-09-07 09:29:33,77.51517849809537,73.0417002945086
2026-09-07 09:29:34,77.50536432234874,73.05116420808994
2026-09-07 09:29:35,77.50147966743062,73.04542228454207
2026-09-07 09:29:36,77.50197149026674,73.03789131451599
2026-09-07 09:29:37,77.49434502544803,73.03527759154333
2026-09-07 09:29:38,77.50522186522153,73.03347470298706
2026-09-07 09:29:39,77.50907813219236,73.02060401876801
2026-09-07 09:29:40,77.4948273702468,73.03655410072912
2026-09-07 09:29:41,77.49191357558718,73.02304971262267
2026-09-07 09:29:42,77.49113828732705,73.02837831640326
2026-09-07 09:29:43,77.47850180446575,73.02063552289417
2026-09-07 09:29:44,77.48040014308519,73.01254274379903
2026-09-07 09:29:45,77.48623228337433,73.02098558634391
2026-09-07 09:29:46,77.48947165769886,73.01721465724606
2026-09-07 09:29:47,77.48913156319993,73.01166089134051
2026-09-07 09:29:48,77.48817584653722,73.01445237496866
2026-09-07 09:29:49,77.48597669007286,73.02299848812405
2026-09-07 09:29:50,77.50497878453416,73.01819287178238
2026-09-07 09:29:51,77.50749142002516,73.02542157002232
2026-09-07 09:29:52,77.51221326820381,73.02333095489738
2026-09-07 09:29:53,77.50869971884553,73.03215317413293
2026-09-07 09:29:54,77.51327754686068,73.03660395227972
2026-09-07 09:29:55,77.50738729138915,73.0421561608234
2026-09-07 09:29:56,77.51321246682625,73.04052909443737
2026-09-07 09:29:57,77.51794984774634,73.05962765076502
2026-09-07 09:29:58,77.50418835343805,73.06496381268795
2026-09-07 09:29:59,77.49560266728218,73.05296211678272
2026-09-07 09:30:00,77.49387707156762,73.05776509049333
2026-09-07 09:30:01,77.49425700345125,73.04751029916068
2026-09-07 09:30:02,77.48370809841789,73.04261416457416
2026-09-07 09:30:03,77.48380844369707,73.03530701354734
2026-09-07 09:30:04,77.47278025018072,73.0507515689078
2026-09-07 09:30:05,77.46662735796167,73.04937402453979
2026-09-07 09:30:06,77.46260438407367,73.04421985768748
2026-09-07 09:30:07,77.46289899903064,73.04159770651928
2026-09-07 09:30:08,77.46744206793734,73.03116522470764
2026-09-07 09:30:09,77.45653485272629,73.04833669379305
2026-09-07 09:30:10,77.4559828120835,73.05510454238636
2026-09-07 09:30:11,77.46464306175078,73.0599854351366
2026-09-07 09:30:12,77.46491077587623,73.04627848820157
2026-09-07 09:30:13,77.45315288394688,73.0548975387918
2026-09-07 09:30:14,77.45812453546483,73.05991573303454
2026-09-07 09:30:15,77.44594189088667,73.04111812460289
2026-09-07 09:30:16,77.4381839054037,73.03070041210322
2026-09-07 09:30:17,77.43935360470704,73.02169043511844
2026-09-07 09:30:18,77.45097963643721,73.01620191900551
2026-09-07 09:30:19,77.44685101162003,73.02382118360627
2026-09-07 09:30:20,77.44926484479375,73.01588878370669
2026-09-07 09:30:21,77.45530350033121,73.03284885053802
2026-09-07 09:30:22,77.44628011112786,73.03065598490535
2026-09-07 09:30:23,77.4383596070055,73.01351691976942
2026-09-07 09:30:24,77.44296750121444,73.01967604028441
2026-09-07 09:30:25,77.4501362966169,73.02345947174238
2026-09-07 09:30:26,77.43531265418801,73.02322022859306
2026-09-07 09:30:27,77.43039474406419,73.01282531950076
2026-09-07 09:30:28,77.42225049098359,73.01958666707775
2026-09-07 09:30:29,77.42006835356484,73.03696124608265
2026-09-07 09:30:30,77.42353367944226,73.02008586705041
2026-09-07 09:30:31,77.43011790473884,73.03113211418871
2026-09-07 09:30:32,77.43034855720428,73.02040867828735
2026-09-07 09:30:33,77.4433810766393,73.00879333015536
2026-09-07 09:30:34,77.44276291839287,72.9919306561159
2026-09-07 09:30:35,77.43351511210864,72.97689356147683
2026-09-07 09:30:36,77.44154751033697,72.98732019606835
2026-09-07 09:30:37,77.43855706390171,72.97531999576499
2026-09-07 09:30:38,77.43811240796217,72.97867332607449
2026-09-07 09:30:39,77.42684867321773,72.9684157302107
2026-09-07 09:30:40,77.4260913664785,72.97464637807921
2026-09-07 09:30:41,77.42664127889714,72.97862979432415
2026-09-07 09:30:42,77.4174157604845,72.95656705050902
2026-09-07 09:30:43,77.41971808670691,72.94843569286921
2026-09-07 09:30:44,77.41880084771138,72.94509154302695
2026-09-07 09:30:45,77.42235345143516,72.93824490527115
2026-09-07 09:30:46,77.4330330573343,72.93852028653428
2026-09-07 09:30:47,77.43694646286387,72.9441024844493
2026-09-07 09:30:48,77.44462380349493,72.94768616101489
2026-09-07 09:30:49,77.43166957950118,72.94210414855868
2026-09-07 09:30:50,77.44544752262024,72.94630112318534
2026-09-07 09:30:51,77.44960263855045,72.95045051541351
2026-09-07 09:30:52,77.44485053200674,72.94442593377362
2026-09-07 09:30:53,77.44005702378293,72.95471876736518
2026-09-07 09:30:54,77.44275855353025,72.9705434855642
2026-09-07 09:30:55,77.44645546890098,72.9873663165083
2026-09-07 09:30:56,77.44985062372695,72.97683502470056
2026-09-07 09:30:57,77.46277284997646,72.97984002892785
2026-09-07 09:30:58,77.47162336422532,72.98175162610117
2026-09-07 09:30:59,77.46919155615961,72.98326166318081
2026-09-07 09:31:00,77.4608519182659,72.97261207086918
2026-09-07 09:31:01,77.45424802800822,72.96793443141112
2026-09-07 09:31:02,77.44416482596468,72.96701394881636
2026-09-07 09:31:03,77.44642939763861,72.98510493962145
2026-09-07 09:31:04,77.46012260075081,72.98465985272863
2026-09-07 09:31:05,77.46670569167418,72.98270307423103
2026-09-07 09:31:06,77.46961443415618,72.98240045792063
2026-09-07 09:31:07,77.46558760670356,72.98307534546007
2026-09-07 09:31:08,77.45457022439297,72.9870060745325
2026-09-07 09:31:09,77.45241177005835,72.97732755827158
2026-09-07 09:31:10,77.44972970017605,72.98227835480024
2026-09-07 09:31:11,77.44466331483056,72.98652666646664
2026-09-07 09:31:12,77.44891418110058,73.00047246634965
2026-09-07 09:31:13,77.44080552608183,72.9994777717632
2026-09-07 09:31:14,77.44462299684265,73.01291250299984
2026-09-07 09:31:15,77.446580345742,73.01966674642048
2026-09-07 09:31:16,77.43562575706466,73.01443603628589
2026-09-07 09:31:17,77.44803148763195,73.01188688890218
2026-09-07 09:31:18,77.46418738027778,73.00535979152428
2026-09-07 09:31:19,77.46210964397606,72.99106589077495
2026-09-07 09:31:20,77.46686266884754,72.99343618426366
2026-09-07 09:31:21,77.48195655113543,72.99491889296326
2026-09-07 09:31:22,77.4800818855448,72.9822837149561
2026-09-07 09:31:23,77.47946607520949,72.99077690249372
2026-09-07 09:31:24,77.48500780976705,73.00179788898056
2026-09-07 09:31:25,77.49148161443127,73.00138079293211
2026-09-07 09:31:26,77.49601071935494,73.0029299524603
2026-09-07 09:31:27,77.48602901748518,73.01830768372687
2026-09-07 09:31:28,77.48883578387779,73.00886059259508
2026-09-07 09:31:29,77.4917232343334,73.01144821560166
2026-09-07 09:31:30,77.49919539494253,73.02443502804566
2026-09-07 09:31:31,77.47639335234766,73.0294272185167
2026-09-07 09:31:32,77.48787310833643,73.02089517846228
2026-09-07 09:31:33,77.47393262319578,73.0234093187372
2026-09-07 09:31:34,77.47645417183679,73.02656273888475
2026-09-07 09:31:35,77.46812541748672,73.02235614735592
2026-09-07 09:31:36,77.46958772383502,73.02906558585686
2026-09-07 09:31:37,77.48604913195625,73.03171361500567
2026-09-07 09:31:38,77.48152280822052,73.01045115515652
2026-09-07 09:31:39,77.48959312761207,73.00926197617933
2026-09-07 09:31:40,77.48876853666852,73.00035578832424
2026-09-07 09:31:41,77.4942881680374,72.98419819288449
2026-09-07 09:31:42,77.4951025729401,72.98528911925311
2026-09-07 09:31:43,77.49735906418837,72.99705405155214
2026-09-07 09:31:44,77.4966143957161,72.99790300307389
2026-09-07 09:31:45,77.50305844698053,72.98391607542554
2026-09-07 09:31:46,77.50085931534495,72.98452700105713
2026-09-07 09:31:47,77.50805166059915,72.9773055094457
2026-09-07 09:31:48,77.51410490222841,72.98077321298439
2026-09-07 09:31:49,77.50290411738982,72.96742203080524
2026-09-07 09:31:50,77.49211319615752,72.96868248433378
2026-09-07 09:31:51,77.49366971262627,72.97521456401965
2026-09-07 09:31:52,77.49985536699391,72.97022976295776
2026-09-07 09:31:53,77.50791592907147,72.97762705532021
2026-09-07 09:31:54,77.51147251607216,72.9819559591821
2026-09-07 09:31:55,77.50177271494607,72.98522139858426
2026-09-07 09:31:56,77.49398510895561,72.97444767569426
2026-09-07 09:31:57,77.49134779854182,72.97570694151754
2026-09-07 09:31:58,77.49094452716375,72.9727209798935
2026-09-07 09:31:59,77.48340068659675,72.97440642768903
2026-09-07 09:32:00,77.47781041362876,72.96167518047544
2026-09-07 09:32:01,77.47851454239941,72.97481880462313
2026-09-07 09:32:02,77.47546051954714,72.96521676806752
2026-09-07 09:32:03,77.48590788083223,72.98070318497464
2026-09-07 09:32:04,77.48368802102875,72.9787932115395
2026-09-07 09:32:05,77.48528591668374,73.00550159243659
2026-09-07 09:32:06,77.4862953112602,73.01450321490307
2026-09-07 09:32:07,77.4896441521638,72.9980269326893
2026-09-07 09:32:08,77.48132267742538,72.98686710923994
2026-09-07 09:32:09,77.48459337240547,72.98782867057558
2026-09-07 09:32:10,77.49811403857576,72.98538092746593
2026-09-07 09:32:11,77.5004433937874,72.98606126558596
2026-09-07 09:32:12,77.50149461765844,73.00704580494434
2026-09-07 09:32:13,77.50364634147759,73.02038516339782
2026-09-07 09:32:14,77.51345648350511,73.01488149612129
2026-09-07 09:32:15,77.51864006655846,73.01142775536374
2026-09-07 09:32:16,77.519470088016,73.01286092680353
2026-09-07 09:32:17,77.51962870061136,73.008603535925
2026-09-07 09:32:18,77.53140540039625,73.00619905165605
2026-09-07 09:32:19,77.53672157038312,73.02142942116264
2026-09-07 09:32:20,77.54145963523715,73.03073895086774
2026-09-07 09:32:21,77.55197151892105,73.04061396453136
2026-09-07 09:32:22,77.5649863689729,73.02765392295284
2026-09-07 09:32:23,77.57982028926635,73.02790603841254
2026-09-07 09:32:24,77.56657974624801,73.02209345355017
2026-09-07 09:32:25,77.55601559454456,73.0218960158416
2026-09-07 09:32:26,77.5447322552414,73.01276125765122
2026-09-07 09:32:27,77.54697251650148,73.01418497171419
2026-09-07 09:32:28,77.54092937531307,73.01205732971957
2026-09-07 09:32:29,77.54017916869617,73.0127362440637
2026-09-07 09:32:30,77.54012609925321,73.01072759059524
2026-09-07 09:32:31,77.5467843910261,72.99614116245165
2026-09-07 09:32:32,77.54304152303824,72.99735252359798
2026-09-07 09:32:33,77.54000132782762,72.9923352941237
2026-09-07 09:32:34,77.53668668500991,72.9942323927508
2026-09-07 09:32:35,77.5461275362345,72.99254618423987
2026-09-07 09:32:36,77.54410016120345,72.99577878551919
2026-09-07 09:32:37,77.54226255245516,72.9782023048296
2026-09-07 09:32:38,77.54429656090399,72.97477249300627
2026-09-07 09:32:39,77.53995315124948,72.98048268496511
2026-09-07 09:32:40,77.5402876608678,72.97535250716152
2026-09-07 09:32:41,77.52376954907682,72.95971900462216
2026-09-07 09:32:42,77.52387475364596,72.95865229974596
2026-09-07 09:32:43,77.5271978983245,72.96067991150193
2026-09-07 09:32:44,77.52356815164502,72.94918383892549
2026-09-07 09:32:45,77.51526170231861,72.94791860403572
2026-09-07 09:32:46,77.50654587290371,72.95478581057827
2026-09-07 09:32:47,77.49648368220039,72.93850333524496
2026-09-07 09:32:48,77.49501288807198,72.9223754195562
2026-09-07 09:32:49,77.5073613066002,72.91336057574905
2026-09-07 09:32:50,77.5069673633696,72.91114284374676
2026-09-07 09:32:51,77.50074437390113,72.89508573213219
2026-09-07 09:32:52,77.48662168724825,72.90294139240365
2026-09-07 09:32:53,77.49436953032284,72.92259883622431
2026-09-07 09:32:54,77.48327332661593,72.92769300110596
2026-09-07 09:32:55,77.48316627311974,72.93537784179158
2026-09-07 09:32:56,77.47926758132489,72.94193633578256
2026-09-07 09:32:57,77.486064228225,72.94744936139814
2026-09-07 09:32:58,77.49704174016455,72.94586062496575
2026-09-07 09:32:59,77.50875912767917,72.9394908629163
2026-09-07 09:33:00,77.52141472876676,72.91452336482887
2026-09-07 09:33:01,77.52151726968327,72.90724772769282
2026-09-07 09:33:02,77.52152932448386,72.9166196676934
2026-09-07 09:33:03,77.52698165030417,72.91748229669646
2026-09-07 09:33:04,77.53990293673179,72.90406732144169
2026-09-07 09:33:05,77.53371939369285,72.91779000672167
2026-09-07 09:33:06,77.53621029533936,72.89893607675644
2026-09-07 09:33:07,77.53879817424979,72.88817501282885
2026-09-07 09:33:08,77.55001812014275,72.89856737098071
2026-09-07 09:33:09,77.5458636055285,72.91032135351652
2026-09-07 09:33:10,77.5395342040908,72.91868432970153
2026-09-07 09:33:11,77.54393100385856,72.91752975332325
2026-09-07 09:33:12,77.53313451658246,72.914986933791
2026-09-07 09:33:13,77.5157503661826,72.90986512283177
2026-09-07 09:33:14,77.50170251639187,72.92091208458605
2026-09-07 09:33:15,77.49436612637194,72.89880849948298
2026-09-07 09:33:16,77.49880023563817,72.9021604111332
2026-09-07 09:33:17,77.49495331630298,72.92140408608242
2026-09-07 09:33:18,77.50082395866573,72.92200721372046
2026-09-07 09:33:19,77.49592844507443,72.89514551230965
2026-09-07 09:33:20,77.49956886462662,72.90387218121896
2026-09-07 09:33:21,77.49507727979895,72.89103278537347
2026-09-07 09:33:22,77.49475991771746,72.87584084128638
2026-09-07 09:33:23,77.49481507539434,72.88284422683037
2026-09-07 09:33:24,77.50627452900642,72.88525324186986
2026-09-07 09:33:25,77.50776562743688,72.892065739426
2026-09-07 09:33:26,77.5183928428874,72.88916430991148
2026-09-07 09:33:27,77.5090692600584,72.88197138565566
2026-09-07 09:33:28,77.4995145588032,72.8738961940144
2026-09-07 09:33:29,77.49859747533745,72.87701035219108
2026-09-07 09:33:30,77.49978296404174,72.8776443037699
2026-09-07 09:33:31,77.49707213350344,72.8814907016881
2026-09-07 09:33:32,77.50379265072776,72.88839249826256
2026-09-07 09:33:33,77.51515988599601,72.88575611438635
2026-09-07 09:33:34,77.51324995770057,72.9011517374991
2026-09-07 09:33:35,77.51477575209096,72.90490357078899
2026-09-07 09:33:36,77.51222281647338,72.91370793136838
2026-09-07 09:33:37,77.5091671240916,72.90454979119946
2026-09-07 09:33:38,77.50870639066093,72.90052999599138
2026-09-07 09:33:39,77.51503690431404,72.89709691228646
2026-09-07 09:33:40,77.51597360322374,72.89512388692154
2026-09-07 09:33:41,77.51855580186822,72.88939611604833
2026-09-07 09:33:42,77.52694273122343,72.876459528469
2026-09-07 09:33:43,77.52401648597348,72.87002300592563
2026-09-07 09:33:44,77.52893523718954,72.87038544785672
2026-09-07 09:33:45,77.53261677837257,72.8673871605808
2026-09-07 09:33:46,77.52716538986537,72.85721931111298
2026-09-07 09:33:47,77.52462819595421,72.85235567468891
2026-09-07 09:33:48,77.52675400776283,72.85557709442425
2026-09-07 09:33:49,77.53417198855136,72.85460840386526
2026-09-07 09:33:50,77.52848815306233,72.84497214794908
2026-09-07 09:33:51,77.5289525848833,72.84824858943816
2026-09-07 09:33:52,77.5437465478583,72.84989991123143
2026-09-07 09:33:53,77.55709513111515,72.86691173653327
2026-09-07 09:33:54,77.5491289088743,72.87790571460417
2026-09-07 09:33:55,77.55776176835708,72.89012867153913
2026-09-07 09:33:56,77.55768636985192,72.89880564319449
2026-09-07 09:33:57,77.55403166564035,72.89816748705893
2026-09-07 09:33:58,77.55417660655593,72.9143691713223
2026-09-07 09:33:59,77.55254125910642,72.92304993759329
2026-09-07 09:34:00,77.55304275729976,72.91660419884816
2026-09-07 09:34:01,77.55488528497739,72.92260229760824
2026-09-07 09:34:02,77.54947656109903,72.92836770635559
2026-09-07 09:34:03,77.54406588793066,72.92039545316734
2026-09-07 09:34:04,77.54573660755264,72.91825599818321
2026-09-07 09:34:05,77.53827354433542,72.90344563766016
2026-09-07 09:34:06,77.53844991223627,72.90565479756667
2026-09-07 09:34:07,77.53496045161639,72.90735787164164
2026-09-07 09:34:08,77.52336420930573,72.91092515260944
2026-09-07 09:34:09,77.52652443900382,72.91345190443002
2026-09-07 09:34:10,77.52187084521317,72.91417205653846
2026-09-07 09:34:11,77.52285755434038,72.9238919964897
2026-09-07 09:34:12,77.52495344043226,72.92619854862598
2026-09-07 09:34:13,77.51945925241642,72.93403424341896
2026-09-07 09:34:14,77.52836145697295,72.92954670699416
2026-09-07 09:34:15,77.5332123359923,72.93234709817891
2026-09-07 09:34:16,77.5328573775646,72.92065960631795
2026-09-07 09:34:17,77.54619593063885,72.90370561235896
2026-09-07 09:34:18,77.5484961971111,72.90028773908308
2026-09-07 09:34:19,77.55718790460482,72.89644670620716
2026-09-07 09:34:20,77.55748695644887,72.9019934123588
2026-09-07 09:34:21,77.56094946711772,72.89727400029085
2026-09-07 09:34:22,77.56611975544564,72.90083127751305
2026-09-07 09:34:23,77.57362256251038,72.89619347857945
2026-09-07 09:34:24,77.57327237530812,72.89264362916639
2026-09-07 09:34:25,77.566914957664,72.89495518662869
2026-09-07 09:34:26,77.57001785588545,72.90783185988029
2026-09-07 09:34:27,77.5675492307604,72.91134463389207
2026-09-07 09:34:28,77.57621455086144,72.9103104083712
2026-09-07 09:34:29,77.57669285705452,72.91152611184242
2026-09-07 09:34:30,77.57146170901248,72.90256667090794
2026-09-07 09:34:31,77.57992555069939,72.90413518777093
2026-09-07 09:34:32,77.57936005378065,72.89287618469596
2026-09-07 09:34:33,77.5802513554219,72.90350566465767
2026-09-07 09:34:34,77.57153544482672,72.89542705261387
2026-09-07 09:34:35,77.57993482267293,72.90838439779881
2026-09-07 09:34:36,77.59169108708194,72.90337939245184
2026-09-07 09:34:37,77.5962339424223,72.89658193866879
2026-09-07 09:34:38,77.60017543208525,72.89327883320485
2026-09-07 09:34:39,77.60165964505754,72.90541620066428
2026-09-07 09:34:40,77.6042205888342,72.90323696814275
2026-09-07 09:34:41,77.60464377284994,72.90564131296013
2026-09-07 09:34:42,77.60076457442844,72.90751030691713
2026-09-07 09:34:43,77.60530261698725,72.92161206582557
2026-09-07 09:34:44,77.58971386033421,72.91085277306293
2026-09-07 09:34:45,77.58036097581922,72.91876780317601
2026-09-07 09:34:46,77.59880497143939,72.92051896245437
2026-09-07 09:34:47,77.59972174731614,72.93081077511478
2026-09-07 09:34:48,77.58127334490726,72.92919148016692
2026-09-07 09:34:49,77.55773841071476,72.93058930762933
2026-09-07 09:34:50,77.55389927119353,72.92620773692575
2026-09-07 09:34:51,77.5564658535375,72.9209314178165
2026-09-07 09:34:52,77.56485492124726,72.92090447066187
2026-09-07 09:34:53,77.56773001551106,72.94382351079777
2026-09-07 09:34:54,77.5643444793278,72.9521889646218
2026-09-07 09:34:55,77.55810580436454,72.96345520641601
2026-09-07 09:34:56,77.56538089518172,72.96471977157296
2026-09-07 09:34:57,77.57286109168994,72.97924803212463
2026-09-07 09:34:58,77.58325255272679,72.97925980734807
2026-09-07 09:34:59,77.58284008955626,72.98925791550235
2026-09-07 09:35:00,77.5717501329243,72.98381816332174
2026-09-07 09:35:01,77.57540409041353,72.98895348142672
2026-09-07 09:35:02,77.58942681172626,73.00482903340401
2026-09-07 09:35:03,77.59186976296535,73.00881077931632
2026-09-07 09:35:04,77.58193826316237,73.00713990391029
2026-09-07 09:35:05,77.58390575612044,73.00510136202239
2026-09-07 09:35:06,77.58435823000676,73.01058451233547
2026-09-07 09:35:07,77.57719586778984,73.00546801189853
2026-09-07 09:35:08,77.56382043606575,73.01578715626043
2026-09-07 09:35:09,77.55588233653792,73.00044085141813
2026-09-07 09:35:10,77.56167563559731,72.9985150054311
2026-09-07 09:35:11,77.56894054563784,72.99519592333584
2026-09-07 09:35:12,77.58492340358826,73.00162708020406
2026-09-07 09:35:13,77.58605642702136,73.00266714428652
2026-09-07 09:35:14,77.58450915738482,73.00995043447952
2026-09-07 09:35:15,77.59954143594535,73.00615019914089
2026-09-07 09:35:16,77.59136208557709,73.0115271467988
2026-09-07 09:35:17,77.5993815860811,72.99809974913481
2026-09-07 09:35:18,77.5941834952335,72.98913607310384
2026-09-07 09:35:19,77.59840647709709,72.99368407432526
2026-09-07 09:35:20,77.59289566266958,72.98355459505258
2026-09-07 09:35:21,77.59802488013061,72.9650790492692
2026-09-07 09:35:22,77.6028588459028,72.96368477682633
2026-09-07 09:35:23,77.61726792947059,72.97260954136864
2026-09-07 09:35:24,77.61291809928484,72.97014734004163
2026-09-07 09:35:25,77.61083927811391,72.9636149162929
2026-09-07 09:35:26,77.6114514240961,72.97227069702998
2026-09-07 09:35:27,77.60014621226884,72.97022622408439
2026-09-07 09:35:28,77.61133769206994,72.97688411447821
2026-09-07 09:35:29,77.60523728598558,72.96965196015408
2026-09-07 09:35:30,77.59883068190221,72.95525858127499
2026-09-07 09:35:31,77.60744713136586,72.95588133591627
2026-09-07 09:35:32,77.60222142622105,72.9430304730091
2026-09-07 09:35:33,77.59934440426098,72.93844542555455
2026-09-07 09:35:34,77.61223344735097,72.93432982081953
2026-09-07 09:35:35,77.61309790181814,72.94392344247626
2026-09-07 09:35:36,77.61809685730297,72.9423033543574
2026-09-07 09:35:37,77.60176823216992,72.95485130733823
2026-09-07 09:35:38,77.60624294504979,72.95096535524044
2026-09-07 09:35:39,77.60557919026145,72.94241580299389
2026-09-07 09:35:40,77.59885990755424,72.9291438062303
2026-09-07 09:35:41,77.60261107131062,72.93377758831484
2026-09-07 09:35:42,77.60391677638583,72.94075478719678
2026-09-07 09:35:43,77.60792331665587,72.94184684183725
2026-09-07 09:35:44,77.60132154062684,72.94713099601174
2026-09-07 09:35:45,77.61018897986962,72.95277281699957
2026-09-07 09:35:46,77.619513296605,72.94854763260987
2026-09-07 09:35:47,77.61219845315739,72.9597286308912
2026-09-07 09:35:48,77.60783962743355,72.96189890632265
2026-09-07 09:35:49,77.60641578611943,72.96209500520796
2026-09-07 09:35:50,77.60439555841812,72.957279344412
2026-09-07 09:35:51,77.59109055155562,72.97429718098489
2026-09-07 09:35:52,77.59260952540947,72.95711120563492
2026-09-07 09:35:53,77.58584545471123,72.94706144318171
2026-09-07 09:35:54,77.58031187554081,72.92432934283727
2026-09-07 09:35:55,77.58459962919802,72.93895372629767
2026-09-07 09:35:56,77.58276494110915,72.94558818663347
2026-09-07 09:35:57,77.5872430875801,72.9344862274292
2026-09-07 09:35:58,77.59632689053215,72.91946037573135
2026-09-07 09:35:59,77.59204002219633,72.91625997089642
2026-09-07 09:36:00,77.60140078429934,72.91731803943838
2026-09-07 09:36:01,77.60047555625258,72.91015345812822
2026-09-07 09:36:02,77.60114613589687,72.91053075136622
2026-09-07 09:36:03,77.60658651101517,72.92295365735487
2026-09-07 09:36:04,77.61207960667998,72.92311557256924
2026-09-07 09:36:05,77.61094193861129,72.93737616168393
2026-09-07 09:36:06,77.61243809580323,72.93723141619427
2026-09-07 09:36:07,77.62581255746781,72.95119696469763
2026-09-07 09:36:08,77.63004839980928,72.95022856914727
2026-09-07 09:36:09,77.62532568554091,72.95973034536311
2026-09-07 09:36:10,77.6219534852893,72.9682798395631
2026-09-07 09:36:11,77.6161253218073,72.96921172054695
2026-09-07 09:36:12,77.61911989317326,72.97050079352826
2026-09-07 09:36:13,77.62085931659303,72.97389531418033
2026-09-07 09:36:14,77.6125074204226,72.96402023049448
2026-09-07 09:36:15,77.61141260163089,72.98007922954476
2026-09-07 09:36:16,77.61048786084754,72.97183441805387
2026-09-07 09:36:17,77.60558286575966,72.97213683761511
2026-09-07 09:36:18,77.61437303993472,72.96710302414412
2026-09-07 09:36:19,77.61854189168139,72.96876675120575
2026-09-07 09:36:20,77.6158967933372,72.96037112841586
2026-09-07 09:36:21,77.61476700944965,72.95394560210532
2026-09-07 09:36:22,77.6187607491931,72.93829367759584
2026-09-07 09:36:23,77.62714157717251,72.94503265297114
2026-09-07 09:36:24,77.63144091128032,72.95833642608724
2026-09-07 09:36:25,77.63592096925437,72.94315731626791
2026-09-07 09:36:26,77.63631633826095,72.94715367768251
2026-09-07 09:36:27,77.6312400461395,72.93711330861389
2026-09-07 09:36:28,77.6344539818233,72.94165379797262
2026-09-07 09:36:29,77.63129755677845,72.9395007446505
2026-09-07 09:36:30,77.6275363585018,72.93446578976115
2026-09-07 09:36:31,77.62710839722371,72.94399360747637
2026-09-07 09:36:32,77.61516609397648,72.94097415100734
2026-09-07 09:36:33,77.627140955337,72.94379022214063
2026-09-07 09:36:34,77.62828350205307,72.95120280473519
2026-09-07 09:36:35,77.62084235799081,72.9404732606806
2026-09-07 09:36:36,77.60853777817292,72.92754519407302
2026-09-07 09:36:37,77.61038265840148,72.9350769110071
2026-09-07 09:36:38,77.60729538890145,72.92905010864149
2026-09-07 09:36:39,77.61028887509993,72.93448921201072
2026-09-07 09:36:40,77.61219049768856,72.91761345152258
2026-09-07 09:36:41,77.608154536565,72.89518163514491
2026-09-07 09:36:42,77.60995450092013,72.88766056113687
2026-09-07 09:36:43,77.60509763941481,72.90097140638055
2026-09-07 09:36:44,77.61488645821417,72.90523892499333
2026-09-07 09:36:45,77.61692920788893,72.9067699290434
2026-09-07 09:36:46,77.6125916212709,72.90632054934996
2026-09-07 09:36:47,77.62674950192837,72.89857124524848
2026-09-07 09:36:48,77.6218479476781,72.90000611278943
2026-09-07 09:36:49,77.62845308473067,72.90738141031427
2026-09-07 09:36:50,77.62129892863902,72.90622982141431
2026-09-07 09:36:51,77.6193385616896,72.8953230538263
2026-09-07 09:36:52,77.6199113309347,72.89107137799543
2026-09-07 09:36:53,77.62671568090867,72.89490116701933
2026-09-07 09:36:54,77.62094495377156,72.89561696186968
2026-09-07 09:36:55,77.6183069722922,72.89000524295606
2026-09-07 09:36:56,77.61470876672374,72.8994122559524
2026-09-07 09:36:57,77.61165155306345,72.88426110620114
2026-09-07 09:36:58,77.60592593374159,72.8913965029889
2026-09-07 09:36:59,77.62184141442985,72.8820870249531
2026-09-07 09:37:00,77.61921218592114,72.8791826740334
2026-09-07 09:37:01,77.60880884577769,72.8827326035894
2026-09-07 09:37:02,77.60843360475987,72.88519934368254
2026-09-07 09:37:03,77.62498542669879,72.88284550987726
2026-09-07 09:37:04,77.63085445379824,72.89021609728951
2026-09-07 09:37:05,77.62615525441404,72.88498586262396
2026-09-07 09:37:06,77.63767050876397,72.89130704380119
2026-09-07 09:37:07,77.63873097493489,72.88164543968446
2026-09-07 09:37:08,77.64526301169427,72.88630692644946
2026-09-07 09:37:09,77.66151564598995,72.89933214525107
2026-09-07 09:37:10,77.66746315123902,72.90170102958449
2026-09-07 09:37:11,77.66792328793161,72.89683676565961
2026-09-07 09:37:12,77.67020615384874,72.89899466073392
2026-09-07 09:37:13,77.67502826091497,72.90859459091743
2026-09-07 09:37:14,77.67733719617671,72.90379915209753
2026-09-07 09:37:15,77.68330990755982,72.91752059077702
2026-09-07 09:37:16,77.67713673457526,72.92123199136584
2026-09-07 09:37:17,77.68119223720541,72.92597316728506
2026-09-07 09:37:18,77.68492735996185,72.92517196197494
2026-09-07 09:37:19,77.68417589835106,72.9400803783785
2026-09-07 09:37:20,77.69698969700703,72.92769434432535
2026-09-07 09:37:21,77.6782223950098,72.93156808369709
2026-09-07 09:37:22,77.67323737835483,72.92700382960383
2026-09-07 09:37:23,77.66145375795303,72.9301293334036
2026-09-07 09:37:24,77.6610509402976,72.92536265412619
2026-09-07 09:37:25,77.66769609913564,72.94685441544979
2026-09-07 09:37:26,77.67860189970193,72.95723131799394
2026-09-07 09:37:27,77.67555945255036,72.96305365662973
2026-09-07 09:37:28,77.67528167116906,72.97328492224517
2026-09-07 09:37:29,77.67958781829952,72.97297887558646
2026-09-07 09:37:30,77.68367675027851,72.96663684980794
2026-09-07 09:37:31,77.68953830458081,72.9799347701017
2026-09-07 09:37:32,77.68686897566256,72.98485259059866
2026-09-07 09:37:33,77.67455657546063,72.99313782191743
2026-09-07 09:37:34,77.6810452600806,72.9841154833607
2026-09-07 09:37:35,77.69393632823278,72.9851250749811
2026-09-07 09:37:36,77.68114754874269,72.97302793549403
2026-09-07 09:37:37,77.68761368113849,72.97062351411557
2026-09-07 09:37:38,77.6957733584932,72.9569275827978
2026-09-07 09:37:39,77.69504516052652,72.96556338737177
2026-09-07 09:37:40,77.6900359572613,72.97157652790054
2026-09-07 09:37:41,77.68738268490323,72.97462075130842
2026-09-07 09:37:42,77.68976954882906,72.99435818796023
2026-09-07 09:37:43,77.68061774474836,73.00124815770874
2026-09-07 09:37:44,77.6903182810613,72.99131278247023
2026-09-07 09:37:45,77.6909218620208,73.01173037761316
2026-09-07 09:37:46,77.69868677749764,72.9855122897499
2026-09-07 09:37:47,77.6969331566978,72.97040288049752
2026-09-07 09:37:48,77.69917552090874,72.96398955087164
2026-09-07 09:37:49,77.69502432393283,72.95659661718658
2026-09-07 09:37:50,77.69720111120985,72.95247923266801
2026-09-07 09:37:51,77.69051661661943,72.95047458631386
2026-09-07 09:37:52,77.69352235581437,72.94291538408349
2026-09-07 09:37:53,77.70173525799146,72.92825188487903
2026-09-07 09:37:54,77.70475021583601,72.92481935813456
2026-09-07 09:37:55,77.71638439801593,72.91913986702126
2026-09-07 09:37:56,77.71148037939307,72.90729374384247
2026-09-07 09:37:57,77.72616612875125,72.91274808889634
2026-09-07 09:37:58,77.71814533295036,72.90978382391417
2026-09-07 09:37:59,77.7110652695259,72.92323295953312
2026-09-07 09:38:00,77.71415685526433,72.90525338019933
2026-09-07 09:38:01,77.71570848067353,72.9133345884615
2026-09-07 09:38:02,77.7157225221421,72.9175149527303
2026-09-07 09:38:03,77.71490833173236,72.91936006320299
2026-09-07 09:38:04,77.71648313252071,72.91311265397898
2026-09-07 09:38:05,77.71905581308269,72.91457327919373
2026-09-07 09:38:06,77.71877266650377,72.90853717343803
2026-09-07 09:38:07,77.71127391341969,72.91071181268097
2026-09-07 09:38:08,77.71738181545788,72.88936731434222
2026-09-07 09:38:09,77.71342533519423,72.9013209954462
2026-09-07 09:38:10,77.72019807974041,72.89502672961687
2026-09-07 09:38:11,77.73020118634624,72.8863128968221
2026-09-07 09:38:12,77.72435968423677,72.90344045542541
2026-09-07 09:38:13,77.7211328086934,72.90152981437109
2026-09-07 09:38:14,77.70893056054709,72.89260423011514
2026-09-07 09:38:15,77.70023460057922,72.89138913036028
2026-09-07 09:38:16,77.68666423444269,72.90077859580427
2026-09-07 09:38:17,77.68403441700893,72.89542695023349
2026-09-07 09:38:18,77.67934386258983,72.9019967382507
2026-09-07 09:38:19,77.69068953249277,72.89839525302314
2026-09-07 09:38:20,77.70262827595185,72.9126274069493
2026-09-07 09:38:21,77.71255957601959,72.91526901045289
2026-09-07 09:38:22,77.70153497829651,72.9212268910234
2026-09-07 09:38:23,77.69850980331385,72.92294546056272
2026-09-07 09:38:24,77.6845643996904,72.92044785673916
2026-09-07 09:38:25,77.68629183226027,72.91216451043998
2026-09-07 09:38:26,77.68846688869611,72.92695994021186
2026-09-07 09:38:27,77.69017476927765,72.92090254844462
2026-09-07 09:38:28,77.70782806191919,72.90186434376277
2026-09-07 09:38:29,77.70102035184577,72.90547462616254
2026-09-07 09:38:30,77.69664275368113,72.8851946677794
2026-09-07 09:38:31,77.69856893265874,72.89254337612927
2026-09-07 09:38:32,77.69268343410774,72.90551173603747
2026-09-07 09:38:33,77.6963850313148,72.9160570658142
2026-09-07 09:38:34,77.68507840545061,72.9160303406105
2026-09-07 09:38:35,77.69692728102342,72.93387170910043
2026-09-07 09:38:36,77.7066932260291,72.93386822033958
2026-09-07 09:38:37,77.70805043723304,72.92831362572531
2026-09-07 09:38:38,77.71619311290547,72.92215762496508
2026-09-07 09:38:39,77.71710977335074,72.90388336152584
2026-09-07 09:38:40,77.70595323847952,72.91963782876108
2026-09-07 09:38:41,77.70639116252322,72.92154578180931
2026-09-07 09:38:42,77.69010947461088,72.921251563896
2026-09-07 09:38:43,77.70547066893411,72.90800026452622
2026-09-07 09:38:44,77.68783603037959,72.90656866909654
2026-09-07 09:38:45,77.68389511378113,72.90470581838404
2026-09-07 09:38:46,77.67456883479564,72.89268242474304
2026-09-07 09:38:47,77.66540069074817,72.89836157421256
2026-09-07 09:38:48,77.66504931615619,72.90565256849122
2026-09-07 09:38:49,77.65704339868948,72.91088940523608
2026-09-07 09:38:50,77.65376101536549,72.91168076223205
2026-09-07 09:38:51,77.66069229607324,72.91197548195247
2026-09-07 09:38:52,77.65808340038019,72.89720407797263
2026-09-07 09:38:53,77.65855790399937,72.9041628136455
2026-09-07 09:38:54,77.65385903889967,72.90357172851864
2026-09-07 09:38:55,77.6407151274278,72.89171442184868
2026-09-07 09:38:56,77.64371275739795,72.90322921504819
2026-09-07 09:38:57,77.64140426399854,72.88836948560679
2026-09-07 09:38:58,77.63857830760683,72.87446709804085
2026-09-07 09:38:59,77.63652909999132,72.89163697131707
2026-09-07 09:39:00,77.63875567625787,72.89028257542533
2026-09-07 09:39:01,77.64647576356997,72.88690376439669
2026-09-07 09:39:02,77.64894995500678,72.88868532711265
2026-09-07 09:39:03,77.65227065245651,72.87560319178975
2026-09-07 09:39:04,77.65756523822326,72.8834572594199
2026-09-07 09:39:05,77.64055613609648,72.8593009959752
2026-09-07 09:39:06,77.63387979528966,72.87258435654097
2026-09-07 09:39:07,77.63403473463022,72.8786302935357
2026-09-07 09:39:08,77.63816956602894,72.88654938684766
2026-09-07 09:39:09,77.63340842204806,72.88132626146673
2026-09-07 09:39:10,77.63621419462073,72.88675323634025
2026-09-07 09:39:11,77.64050175188919,72.88978198359618
2026-09-07 09:39:12,77.63688130451965,72.89964325475451
2026-09-07 09:39:13,77.64040314162533,72.90913990794819
2026-09-07 09:39:14,77.62141226933502,72.91815607537524
2026-09-07 09:39:15,77.60318285251819,72.92004359374522
2026-09-07 09:39:16,77.59821544364362,72.9211211015709
2026-09-07 09:39:17,77.59465646884436,72.91834509804367
2026-09-07 09:39:18,77.59609774828914,72.92144352112095
2026-09-07 09:39:19,77.59012285106049,72.89880589354647
2026-09-07 09:39:20,77.58428674928628,72.90365157030061
2026-09-07 09:39:21,77.5779766243372,72.90748625184823
2026-09-07 09:39:22,77.57521754372785,72.89904341280969
2026-09-07 09:39:23,77.58396342896752,72.91389298958973
2026-09-07 09:39:24,77.58318925044338,72.91343847427139
2026-09-07 09:39:25,77.59036967526387,72.9015389259269
2026-09-07 09:39:26,77.58383022571195,72.91168968573787
2026-09-07 09:39:27,77.59058390571808,72.90726341120829
2026-09-07 09:39:28,77.58475385099749,72.91040746004423
2026-09-07 09:39:29,77.57419480512645,72.9059298985419
2026-09-07 09:39:30,77.57245423797004,72.88383721326602
2026-09-07 09:39:31,77.57688690560595,72.89069896306509
2026-09-07 09:39:32,77.58489645848678,72.87778702015675
2026-09-07 09:39:33,77.57524893611388,72.87046459923161
2026-09-07 09:39:34,77.56544340409997,72.88892403733074
2026-09-07 09:39:35,77.5581014866983,72.88610762857326
2026-09-07 09:39:36,77.55965112453454,72.89020707087138
2026-09-07 09:39:37,77.57055968372754,72.88041422339639
2026-09-07 09:39:38,77.57717813884229,72.88175649847074
2026-09-07 09:39:39,77.56836066086841,72.88311338911929
2026-09-07 09:39:40,77.55780971133339,72.8977109843664
2026-09-07 09:39:41,77.55231540487665,72.90677631880666
2026-09-07 09:39:42,77.56211068008713,72.9012059639465
2026-09-07 09:39:43,77.55535065732295,72.90238668468106
2026-09-07 09:39:44,77.54744983801915,72.9104988088559
2026-09-07 09:39:45,77.54877174194843,72.90361581345182
2026-09-07 09:39:46,77.54360503917493,72.91015829815828
2026-09-07 09:39:47,77.53267738968702,72.92540109589014
2026-09-07 09:39:48,77.52675841209634,72.92363142201633
2026-09-07 09:39:49,77.51978518657269,72.93829609343734
2026-09-07 09:39:50,77.52599713490419,72.95005502473843
2026-09-07 09:39:51,77.53092502764262,72.9508664109332
2026-09-07 09:39:52,77.54371981060048,72.95687413382988
2026-09-07 09:39:53,77.54701657133472,72.96209031189467
2026-09-07 09:39:54,77.5525759568208,72.96460966176278
2026-09-07 09:39:55,77.55131504739593,72.9501743214969
2026-09-07 09:39:56,77.56687760620017,72.93840553871483
2026-09-07 09:39:57,77.55059122476013,72.93195035161357
2026-09-07 09:39:58,77.56521589109838,72.9429957976518
2026-09-07 09:39:59,77.56066285604959,72.94539271147904
2026-09-07 09:40:00,77.56047839041713,72.92741048569049
2026-09-07 09:40:01,77.55794745326939,72.93005427854925
2026-09-07 09:40:02,77.56681921379862,72.91915691744934
2026-09-07 09:40:03,77.54973102926164,72.90488447269513
2026-09-07 09:40:04,77.55223448274351,72.90561501447075
2026-09-07 09:40:05,77.55336705465805,72.9069569401115
2026-09-07 09:40:06,77.55059117444553,72.89457809430507
2026-09-07 09:40:07,77.55402799028957,72.89808215534875
2026-09-07 09:40:08,77.55840659754519,72.90938473903552
2026-09-07 09:40:09,77.54901202648513,72.88816254525882
2026-09-07 09:40:10,77.5354894641912,72.90755967733777
2026-09-07 09:40:11,77.52855996376847,72.91118150985274
2026-09-07 09:40:12,77.52844456901485,72.9177938648406
2026-09-07 09:40:13,77.55280297150702,72.91310256761271
2026-09-07 09:40:14,77.55151258086735,72.90767831162785
2026-09-07 09:40:15,77.55337340958471,72.91240257332221
2026-09-07 09:40:16,77.54601080666107,72.9243673095308
2026-09-07 09:40:17,77.55471376870226,72.92841054286423
2026-09-07 09:40:18,77.55387639844906,72.92625645986801
2026-09-07 09:40:19,77.54139575362002,72.93221602930811
2026-09-07 09:40:20,77.53399508807696,72.92765353490391
2026-09-07 09:40:21,77.54155963856581,72.91929567644047
2026-09-07 09:40:22,77.53759641997192,72.92709251588647
2026-09-07 09:40:23,77.55169745386921,72.92081793278918
2026-09-07 09:40:24,77.56007919903453,72.91487153448799
2026-09-07 09:40:25,77.56302599321847,72.91927085152062
2026-09-07 09:40:26,77.55437893427954,72.92858912401613
2026-09-07 09:40:27,77.56804538337941,72.92906154740503
2026-09-07 09:40:28,77.57009244112204,72.91840625831608
2026-09-07 09:40:29,77.58367467625315,72.91897874236786
2026-09-07 09:40:30,77.57397748989307,72.92592726382654
2026-09-07 09:40:31,77.56287488932423,72.91968793572282
2026-09-07 09:40:32,77.54668506465883,72.93219153771524
2026-09-07 09:40:33,77.5634740563006,72.92642177878422
2026-09-07 09:40:34,77.55850965219555,72.92117123856228
2026-09-07 09:40:35,77.55421533502346,72.9262070234833
2026-09-07 09:40:36,77.56529389034307,72.91704770010138
2026-09-07 09:40:37,77.56863888102517,72.9006644715606
2026-09-07 09:40:38,77.58021525699382,72.89986110259429
2026-09-07 09:40:39,77.5748947676486,72.9137732321736
2026-09-07 09:40:40,77.57408912473119,72.92622406419315
2026-09-07 09:40:41,77.58225057388593,72.94128676585999
2026-09-07 09:40:42,77.57617048574565,72.94180166629121
2026-09-07 09:40:43,77.57896855618853,72.94003866373485
2026-09-07 09:40:44,77.59053956833895,72.93354554567706
2026-09-07 09:40:45,77.59815720842737,72.94593865212771
2026-09-07 09:40:46,77.58331404551994,72.93712329057485
2026-09-07 09:40:47,77.57644803360662,72.93215779043057
2026-09-07 09:40:48,77.57941409981098,72.93057764359874
2026-09-07 09:40:49,77.58001333013337,72.92640181767712
2026-09-07 09:40:50,77.57939112923516,72.93080504372165
2026-09-07 09:40:51,77.58505495768058,72.92370243229206
2026-09-07 09:40:52,77.58418919155783,72.9167789741868
2026-09-07 09:40:53,77.5828334967472,72.90373214134834
2026-09-07 09:40:54,77.59008579649038,72.9098339807129
2026-09-07 09:40:55,77.58915480693042,72.9036171590738
2026-09-07 09:40:56,77.58568599494046,72.89756942084819
2026-09-07 09:40:57,77.5739570609381,72.91241076633422
2026-09-07 09:40:58,77.5989549457345,72.90123757832403
2026-09-07 09:40:59,77.59008686334926,72.90649327921044
2026-09-07 09:41:00,77.59468928518817,72.89219649659567
2026-09-07 09:41:01,77.58009166587884,72.8971226630805
2026-09-07 09:41:02,77.56496043685806,72.91005429329537
2026-09-07 09:41:03,77.56119858669038,72.91083116561222
2026-09-07 09:41:04,77.56117448210762,72.90574571387431
2026-09-07 09:41:05,77.56009479568766,72.90302132961537
2026-09-07 09:41:06,77.5695484353077,72.90218683751527
2026-09-07 09:41:07,77.56930489655433,72.8973765315375
2026-09-07 09:41:08,77.56448615092518,72.89068301452791
2026-09-07 09:41:09,77.56456445362987,72.90737353880758
2026-09-07 09:41:10,77.57303709347127,72.90952256744507
2026-09-07 09:41:11,77.58571670938557,72.91873677332094
2026-09-07 09:41:12,77.58729151249736,72.91724093773641
2026-09-07 09:41:13,77.57895239327817,72.91949916763544
2026-09-07 09:41:14,77.57655221105769,72.90509229277399
2026-09-07 09:41:15,77.5667921008879,72.92269075217484
2026-09-07 09:41:16,77.56841993246762,72.92721597227096
2026-09-07 09:41:17,77.56993895973376,72.9229919769308
2026-09-07 09:41:18,77.57344367539802,72.93284122581264
2026-09-07 09:41:19,77.57109718473556,72.93749775094763
2026-09-07 09:41:20,77.57888613669274,72.93310483349534
2026-09-07 09:41:21,77.58017395960587,72.92638010118294
2026-09-07 09:41:22,77.58475615419832,72.92302523317483
2026-09-07 09:41:23,77.59346720784738,72.91607990827394
2026-09-07 09:41:24,77.60630424010672,72.91325676977529
2026-09-07 09:41:25,77.59991888325486,72.90504189800858
2026-09-07 09:41:26,77.60495546985806,72.89726063268992
2026-09-07 09:41:27,77.61867181861912,72.90891408857507
2026-09-07 09:41:28,77.6226100536522,72.89598852096432
2026-09-07 09:41:29,77.62242665522376,72.88938916485952
2026-09-07 09:41:30,77.60865562105994,72.89325013849879
2026-09-07 09:41:31,77.62539085427979,72.88838044712466
2026-09-07 09:41:32,77.63154260897964,72.90004598118661
2026-09-07 09:41:33,77.62423667373383,72.8969565655102
2026-09-07 09:41:34,77.6262763398922,72.90124619575434
2026-09-07 09:41:35,77.61756722449174,72.90321262241793
2026-09-07 09:41:36,77.61675248426971,72.9118584433509
2026-09-07 09:41:37,77.60461005521229,72.90673053472331
2026-09-07 09:41:38,77.60078334911712,72.90385145532926
2026-09-07 09:41:39,77.60627407127706,72.89814147342594
2026-09-07 09:41:40,77.6270875079345,72.89171605831986
2026-09-07 09:41:41,77.633474389365,72.90098288050606
2026-09-07 09:41:42,77.64080967122436,72.89912748910986
2026-09-07 09:41:43,77.63450111171251,72.89680874022967
2026-09-07 09:41:44,77.63956203741742,72.89790941898121
2026-09-07 09:41:45,77.643986730821,72.90313037097077
2026-09-07 09:41:46,77.63726504972563,72.8946324205623
2026-09-07 09:41:47,77.64822398019182,72.89021543603958
2026-09-07 09:41:48,77.63617527237443,72.90711063125404
2026-09-07 09:41:49,77.62983639297528,72.89862314604959
2026-09-07 09:41:50,77.63719150666627,72.88833949249144
2026-09-07 09:41:51,77.6305695999797,72.89786166690818
2026-09-07 09:41:52,77.62433596908066,72.9206559473307
2026-09-07 09:41:53,77.62507762111755,72.94505954462548
2026-09-07 09:41:54,77.62606019764318,72.9455622625116
2026-09-07 09:41:55,77.62118453788969,72.9435382798506
2026-09-07 09:41:56,77.6173759997575,72.94332395833253
2026-09-07 09:41:57,77.62324251855786,72.93176557459421
2026-09-07 09:41:58,77.6162640195707,72.91273489713357
2026-09-07 09:41:59,77.62769788627513,72.91205678769671
2026-09-07 09:42:00,77.62759363607118,72.91152886378975
2026-09-07 09:42:01,77.63523081333942,72.91444664071084
2026-09-07 09:42:02,77.64169523161499,72.91292493106855
2026-09-07 09:42:03,77.64077376839607,72.91241915568558
2026-09-07 09:42:04,77.62661222890657,72.92232381256868
2026-09-07 09:42:05,77.6146170379811,72.91328446109273
2026-09-07 09:42:06,77.61971653217195,72.91378569676544
2026-09-07 09:42:07,77.62589504148784,72.92929222671752
2026-09-07 09:42:08,77.64005193002475,72.9418618124799
2026-09-07 09:42:09,77.63833633521483,72.96049216348514
2026-09-07 09:42:10,77.63164584886923,72.95970667216406
2026-09-07 09:42:11,77.63922252949337,72.95776423496311
2026-09-07 09:42:12,77.63830164820583,72.95455296248352
2026-09-07 09:42:13,77.64867885052072,72.93211946535287
2026-09-07 09:42:14,77.65835815162173,72.94175318096032
2026-09-07 09:42:15,77.65780756839989,72.94685515645997
2026-09-07 09:42:16,77.65044184746236,72.95694187557328
2026-09-07 09:42:17,77.6737201547568,72.94858044639378
2026-09-07 09:42:18,77.6843419127301,72.94806758050431
2026-09-07 09:42:19,77.68177002296935,72.94363902235445
2026-09-07 09:42:20,77.68032676472117,72.93225857497963
2026-09-07 09:42:21,77.66999757388517,72.947372210034
2026-09-07 09:42:22,77.66986330055204,72.95239527363731
2026-09-07 09:42:23,77.67222340789402,72.95672990594724
2026-09-07 09:42:24,77.66061776678828,72.9481030738303
2026-09-07 09:42:25,77.6654338435493,72.95718050087548
2026-09-07 09:42:26,77.6567280745579,72.95192331982575
2026-09-07 09:42:27,77.6485996806471,72.95786188161323
2026-09-07 09:42:28,77.65121859097378,72.9581597478874
2026-09-07 09:42:29,77.6462750588016,72.96128135550325
2026-09-07 09:42:30,77.64651758963707,72.95451859853281
2026-09-07 09:42:31,77.64905154889348,72.94847445730088
2026-09-07 09:42:32,77.65629087485517,72.95416650056033
2026-09-07 09:42:33,77.65106093506623,72.95950510555868
2026-09-07 09:42:34,77.65157186188144,72.95308463130648
2026-09-07 09:42:35,77.64462041899652,72.93796496245263
2026-09-07 09:42:36,77.63602242980093,72.94111801309441
2026-09-07 09:42:37,77.64520426076403,72.93540529275708
2026-09-07 09:42:38,77.64641785333356,72.93853558040789
2026-09-07 09:42:39,77.6523546109067,72.94256400432157
2026-09-07 09:42:40,77.66168703124274,72.94953145289149
2026-09-07 09:42:41,77.65589193634916,72.95313851462318
2026-09-07 09:42:42,77.63808074405482,72.95150679922239
2026-09-07 09:42:43,77.63823590778276,72.95677517054999
2026-09-07 09:42:44,77.63594125037554,72.96434524980404
2026-09-07 09:42:45,77.64598617516388,72.95671054751901
2026-09-07 09:42:46,77.64185476677535,72.95907879047465
2026-09-07 09:42:47,77.64558352853405,72.9603865806718
2026-09-07 09:42:48,77.6519022889186,72.94963374396792
2026-09-07 09:42:49,77.65780284049819,72.96024099096502
2026-09-07 09:42:50,77.66624547745326,72.96411959896881
2026-09-07 09:42:51,77.66443815346261,72.96775442427051
2026-09-07 09:42:52,77.66386840589983,72.95332407051852
2026-09-07 09:42:53,77.6592637612615,72.95295497587696
2026-09-07 09:42:54,77.65534029056263,72.94447391165264
2026-09-07 09:42:55,77.65357680768729,72.94109460627031
2026-09-07 09:42:56,77.65410286979915,72.94065232736841
2026-09-07 09:42:57,77.65540999512791,72.94968365460461
2026-09-07 09:42:58,77.65644869489861,72.95337854667841
2026-09-07 09:42:59,77.64715180814562,72.92657654329624
2026-09-07 09:43:00,77.64410664761367,72.93273334252943
2026-09-07 09:43:01,77.6415263685846,72.92706670879487
2026-09-07 09:43:02,77.63209918991149,72.93517307172003
2026-09-07 09:43:03,77.62808752714913,72.93740355768098
2026-09-07 09:43:04,77.63668528130422,72.942277207772
2026-09-07 09:43:05,77.6537445876012,72.9410714777347
2026-09-07 09:43:06,77.66101707991417,72.94737787751305
2026-09-07 09:43:07,77.65603432152756,72.94781061052875
2026-09-07 09:43:08,77.65173869687648,72.93849374126411
2026-09-07 09:43:09,77.65401932218755,72.93144803950317
2026-09-07 09:43:10,77.66679392664007,72.92471356989925
2026-09-07 09:43:11,77.66265303795208,72.92554416833572
2026-09-07 09:43:12,77.65870837799521,72.92602879490897
2026-09-07 09:43:13,77.65408558669463,72.91310403351038
2026-09-07 09:43:14,77.63573846119067,72.90138106208275
2026-09-07 09:43:15,77.64730792398194,72.90541880339197
2026-09-07 09:43:16,77.64847721909125,72.90119567329258
2026-09-07 09:43:17,77.64737120199722,72.90391183434261
2026-09-07 09:43:18,77.63680587264766,72.89665735191038
2026-09-07 09:43:19,77.63003496743866,72.90809773513612
2026-09-07 09:43:20,77.6220023868781,72.9187542628554
2026-09-07 09:43:21,77.61846212267565,72.9435355352861
2026-09-07 09:43:22,77.61786463607973,72.94382848565115
2026-09-07 09:43:23,77.62813384286537,72.95178260306392
2026-09-07 09:43:24,77.63527478618201,72.9420605403749
2026-09-07 09:43:25,77.64391155110373,72.95733583612467
2026-09-07 09:43:26,77.64313301226154,72.95293315373091
2026-09-07 09:43:27,77.63483308136036,72.96218504207228
2026-09-07 09:43:28,77.63706819518868,72.96224534650933
2026-09-07 09:43:29,77.62767631761542,72.97698898504636
2026-09-07 09:43:30,77.63433020472897,72.97680592610543
2026-09-07 09:43:31,77.64555492550393,72.96815239266716
2026-09-07 09:43:32,77.65225939193023,72.95906929798001
2026-09-07 09:43:33,77.6629897291191,72.95656673429362
2026-09-07 09:43:34,77.67229272078144,72.95278469776791
2026-09-07 09:43:35,77.67532507628017,72.96316817290399
2026-09-07 09:43:36,77.66846245199079,72.96404905357906
2026-09-07 09:43:37,77.66208575322108,72.9717985315954
2026-09-07 09:43:38,77.65749350904224,72.9684070335838
2026-09-07 09:43:39,77.6559517023515,72.97900193296479
2026-09-07 09:43:40,77.64803091150537,72.97876977057514
2026-09-07 09:43:41,77.64552902841521,72.9737702100632
2026-09-07 09:43:42,77.63954160331039,72.97231805556983
2026-09-07 09:43:43,77.64103134648416,72.95824425460889
2026-09-07 09:43:44,77.64280920628983,72.94747466107006
2026-09-07 09:43:45,77.6429218313005,72.96820526162759
2026-09-07 09:43:46,77.63556397016629,72.96760494730941
2026-09-07 09:43:47,77.63362738127506,72.97653320611003
2026-09-07 09:43:48,77.63002045133176,72.96029085743133
2026-09-07 09:43:49,77.61777191462828,72.96190085253926
2026-09-07 09:43:50,77.61969677320218,72.97160692362205
2026-09-07 09:43:51,77.61561649967483,72.97766523088124
2026-09-07 09:43:52,77.60752636821634,72.98944925582384
2026-09-07 09:43:53,77.60698543164952,72.98327991680492
2026-09-07 09:43:54,77.60833759334055,72.99913493441393
2026-09-07 09:43:55,77.60189747491651,72.9878533772332
2026-09-07 09:43:56,77.59418084556961,72.97734458165013
2026-09-07 09:43:57,77.59379607886754,72.98053500837901
2026-09-07 09:43:58,77.59254738017357,72.98232667759255
2026-09-07 09:43:59,77.60155409340128,72.97970039215672
2026-09-07 09:44:00,77.59203306775457,72.95891000029253
2026-09-07 09:44:01,77.59387151420697,72.95272570828385
2026-09-07 09:44:02,77.59197893333328,72.95645085428788
2026-09-07 09:44:03,77.59549374649862,72.9421937692428
2026-09-07 09:44:04,77.58821939749704,72.94286920284786
2026-09-07 09:44:05,77.58712603056112,72.95329617865212
2026-09-07 09:44:06,77.58331306873933,72.9345221305165
2026-09-07 09:44:07,77.59220529031388,72.91965302051884
2026-09-07 09:44:08,77.58482980610742,72.92319339228582
2026-09-07 09:44:09,77.57678119481452,72.94581675628285
2026-09-07 09:44:10,77.5785910871292,72.9506850450112
2026-09-07 09:44:11,77.57527556353448,72.97084420497417
2026-09-07 09:44:12,77.57937727657351,72.96432312896557
2026-09-07 09:44:13,77.58891052038885,72.94896002773577
2026-09-07 09:44:14,77.58445413202845,72.95158329316405
2026-09-07 09:44:15,77.58550196636153,72.9428618130438
2026-09-07 09:44:16,77.59750895151788,72.95624143005685
2026-09-07 09:44:17,77.59040432618043,72.95963587227577
2026-09-07 09:44:18,77.58558415783509,72.95570067584879
2026-09-07 09:44:19,77.59307905417408,72.9568472791468
2026-09-07 09:44:20,77.59225529659304,72.95778040045172
2026-09-07 09:44:21,77.58334716970181,72.96888354021084
2026-09-07 09:44:22,77.57763868288566,72.98078454112907
2026-09-07 09:44:23,77.57415731126378,72.97663881242525
2026-09-07 09:44:24,77.58544531344273,72.97837821048854
2026-09-07 09:44:25,77.58058677118063,72.97350517628583
2026-09-07 09:44:26,77.58518658860606,72.99052438237975
2026-09-07 09:44:27,77.58984973410259,72.9869443648818
2026-09-07 09:44:28,77.58132911771007,72.98082466178596
2026-09-07 09:44:29,77.58042431409983,72.98305211530128
2026-09-07 09:44:30,77.57544319382147,72.99469626566382
2026-09-07 09:44:31,77.56816701881725,72.98820006749271
2026-09-07 09:44:32,77.57194450750777,72.9925751474517
2026-09-07 09:44:33,77.56898040273504,73.00132605704844
2026-09-07 09:44:34,77.55828368117096,73.01619377540473
2026-09-07 09:44:35,77.57489534228726,73.03396581157982
2026-09-07 09:44:36,77.57579959366947,73.05187612968653
2026-09-07 09:44:37,77.57620729776602,73.0639806891394
2026-09-07 09:44:38,77.57469165048647,73.06574682863294
2026-09-07 09:44:39,77.57867414449122,73.04983815278847
2026-09-07 09:44:40,77.57709324017827,73.06548007657956
2026-09-07 09:44:41,77.5548948099523,73.06898620934635
2026-09-07 09:44:42,77.56189619046538,73.0719713003239
2026-09-07 09:44:43,77.56337295060325,73.08460445178501
2026-09-07 09:44:44,77.56592070073901,73.06736921858987
2026-09-07 09:44:45,77.55874623606654,73.06467212662369
2026-09-07 09:44:46,77.5598417532238,73.0605969801504
2026-09-07 09:44:47,77.5590450839123,73.0757912135202
2026-09-07 09:44:48,77.53677785075405,73.0862820662524
2026-09-07 09:44:49,77.54388852716404,73.0917665919994
2026-09-07 09:44:50,77.54400422948788,73.0923461623813
2026-09-07 09:44:51,77.54676487046298,73.09455140676783
2026-09-07 09:44:52,77.54126961067325,73.10166650626084
2026-09-07 09:44:53,77.53500081270249,73.10129755736847
2026-09-07 09:44:54,77.53228136561191,73.0908146019547
2026-09-07 09:44:55,77.53687492710917,73.09018189739619
2026-09-07 09:44:56,77.5280344608555,73.08947381595036
2026-09-07 09:44:57,77.51758050663473,73.10253082975781
2026-09-07 09:44:58,77.52149580616312,73.12060838115384
2026-09-07 09:44:59,77.51719450417504,73.12703022257394
2026-09-07 09:45:00,77.50985592080293,73.1192798038542
2026-09-07 09:45:01,77.50917975880533,73.12302117325116
2026-09-07 09:45:02,77.51618272545477,73.12059047123958
2026-09-07 09:45:03,77.52453604552056,73.12936368014049
2026-09-07 09:45:04,77.51790785874802,73.127741330294
2026-09-07 09:45:05,77.51097155405837,73.14324973749615
2026-09-07 09:45:06,77.50680085290358,73.15129536012675
2026-09-07 09:45:07,77.51372138368669,73.14898664260741
2026-09-07 09:45:08,77.51003631144765,73.15211627839253
2026-09-07 09:45:09,77.50417053808047,73.14062239321773
2026-09-07 09:45:10,77.49686046400159,73.14370006316499
2026-09-07 09:45:11,77.49831303429436,73.15971341382769
2026-09-07 09:45:12,77.48449354357759,73.16428303957264
2026-09-07 09:45:13,77.4757699386459,73.17477454882379
2026-09-07 09:45:14,77.48102769380372,73.17592868017613
2026-09-07 09:45:15,77.49216971177655,73.1725431072347
2026-09-07 09:45:16,77.48816482201178,73.1629943886997
2026-09-07 09:45:17,77.48320571831827,73.1640399074604
2026-09-07 09:45:18,77.48828787627201,73.17566272243582
2026-09-07 09:45:19,77.48625825535123,73.16903926931825
2026-09-07 09:45:20,77.48373241124884,73.1651479169355
2026-09-07 09:45:21,77.48020122911052,73.16149783055315
2026-09-07 09:45:22,77.47362493700149,73.16102330474952
2026-09-07 09:45:23,77.46975867137523,73.15949202729813
2026-09-07 09:45:24,77.45931028107847,73.1608077445708
2026-09-07 09:45:25,77.46362831900606,73.16667717163546
2026-09-07 09:45:26,77.45949320928857,73.15634639394175
2026-09-07 09:45:27,77.44968575024157,73.14572677930072
2026-09-07 09:45:28,77.44484137955993,73.14292024121035
2026-09-07 09:45:29,77.43148103765175,73.14898608062893
2026-09-07 09:45:30,77.41989410381129,73.142780877913
2026-09-07 09:45:31,77.41446204572667,73.1502821229213
2026-09-07 09:45:32,77.428300328205,73.14708496829498
2026-09-07 09:45:33,77.42623667838907,73.14353934143539
2026-09-07 09:45:34,77.42473289286878,73.14200752302659
2026-09-07 09:45:35,77.4432942521591,73.13216935753815
2026-09-07 09:45:36,77.44247251706165,73.12504315432287
2026-09-07 09:45:37,77.44515468224114,73.12035055283079
2026-09-07 09:45:38,77.44947815272508,73.11059355318119
2026-09-07 09:45:39,77.46534760538061,73.11248638591728
2026-09-07 09:45:40,77.45206349595371,73.11880109025556
2026-09-07 09:45:41,77.44853553628853,73.1083875709853
2026-09-07 09:45:42,77.45185243515196,73.10371682821892
2026-09-07 09:45:43,77.45739784020593,73.09878380695514
2026-09-07 09:45:44,77.46417840513973,73.10012752353926
2026-09-07 09:45:45,77.4668645568026,73.10154947664775
2026-09-07 09:45:46,77.46412731171816,73.0982968268727
2026-09-07 09:45:47,77.46752002163846,73.10468945072807
2026-09-07 09:45:48,77.46445573898328,73.12484469426028
2026-09-07 09:45:49,77.47715410241707,73.11453080972882
2026-09-07 09:45:50,77.48531112933395,73.1139019138408
2026-09-07 09:45:51,77.48706021607939,73.10680431040316
2026-09-07 09:45:52,77.49945647845061,73.09939563023084
2026-09-07 09:45:53,77.49884597056467,73.09288688811237
2026-09-07 09:45:54,77.5133489003722,73.10416399042556
2026-09-07 09:45:55,77.50345424756709,73.10012510359186
2026-09-07 09:45:56,77.50618734748133,73.09625725155226
2026-09-07 09:45:57,77.5035327521374,73.08659323962799
2026-09-07 09:45:58,77.50541411299277,73.07679851267339
2026-09-07 09:45:59,77.51165700345172,73.09833163119075
2026-09-07 09:46:00,77.50921535969621,73.11310488215221
2026-09-07 09:46:01,77.51201369149824,73.10710373470206
2026-09-07 09:46:02,77.50943213019002,73.09849186148463
2026-09-07 09:46:03,77.51029345072769,73.10478497081188
2026-09-07 09:46:04,77.51726735655487,73.10229825651398
2026-09-07 09:46:05,77.50832931020126,73.10163304921976
2026-09-07 09:46:06,77.52085843764294,73.10416687236085
2026-09-07 09:46:07,77.52038484938956,73.08556056883681
2026-09-07 09:46:08,77.51714175937187,73.0904521331157
2026-09-07 09:46:09,77.51005961368955,73.10255580877534
2026-09-07 09:46:10,77.50582494113804,73.09476592564066
2026-09-07 09:46:11,77.50148578711914,73.09395226901569
2026-09-07 09:46:12,77.50896334801453,73.08890993760329
2026-09-07 09:46:13,77.49562622467933,73.08822415077023
2026-09-07 09:46:14,77.49953650959223,73.10203639189831
2026-09-07 09:46:15,77.4911431974869,73.11531890049429
2026-09-07 09:46:16,77.49620140895739,73.11941057535557
2026-09-07 09:46:17,77.49046589660506,73.11153770762958
2026-09-07 09:46:18,77.48332736517317,73.11990937887384
2026-09-07 09:46:19,77.48496511409249,73.12948474321222
2026-09-07 09:46:20,77.49855228756921,73.12967911919264
2026-09-07 09:46:21,77.4981992231503,73.14685619479995
2026-09-07 09:46:22,77.48845095881236,73.14287547871096
2026-09-07 09:46:23,77.48569021368456,73.13951532350791
2026-09-07 09:46:24,77.48676368964581,73.13204837427276
2026-09-07 09:46:25,77.49544054517371,73.1198873660252
2026-09-07 09:46:26,77.48935603695666,73.10481748925967
2026-09-07 09:46:27,77.47889028175962,73.11009859233135
2026-09-07 09:46:28,77.48358868634655,73.10837364016875
2026-09-07 09:46:29,77.48989409732411,73.1139274438601
2026-09-07 09:46:30,77.48558876875575,73.11361594467722
2026-09-07 09:46:31,77.48833056841131,73.13161012605201
2026-09-07 09:46:32,77.48504451242083,73.13495945507908
2026-09-07 09:46:33,77.48911730901551,73.14588018987175
2026-09-07 09:46:34,77.49229106483853,73.155503485874
2026-09-07 09:46:35,77.48435060668945,73.15319868262884
2026-09-07 09:46:36,77.46990531129504,73.15279391643838
2026-09-07 09:46:37,77.48730610298134,73.15499849775098
2026-09-07 09:46:38,77.48797086080639,73.1574181948854
2026-09-07 09:46:39,77.4890551762532,73.14564369747285
2026-09-07 09:46:40,77.48388806193164,73.14413615642466
2026-09-07 09:46:41,77.48514714262507,73.13648501359705
2026-09-07 09:46:42,77.48435759185823,73.12999082555774
2026-09-07 09:46:43,77.47451696002715,73.12416849402756
2026-09-07 09:46:44,77.46851194371554,73.131692105872
2026-09-07 09:46:45,77.47850465535903,73.13690834751982
2026-09-07 09:46:46,77.47692483664228,73.13200108377052
2026-09-07 09:46:47,77.46521271699444,73.12736183468309
2026-09-07 09:46:48,77.47688313673622,73.13769804543573
2026-09-07 09:46:49,77.47855940075121,73.13556335104346
2026-09-07 09:46:50,77.47859078189555,73.13938308743099
2026-09-07 09:46:51,77.4785361808298,73.14325524087647
2026-09-07 09:46:52,77.47278810359886,73.14371720272219
2026-09-07 09:46:53,77.47017278049914,73.15336268524597
2026-09-07 09:46:54,77.46092353926903,73.16497230899634
2026-09-07 09:46:55,77.46028620034066,73.16054879173787
2026-09-07 09:46:56,77.46044801988315,73.1617066534803
2026-09-07 09:46:57,77.45871340887248,73.16553898827557
2026-09-07 09:46:58,77.45440818965238,73.15052839025623
2026-09-07 09:46:59,77.45960096306999,73.15036298514835
2026-09-07 09:47:00,77.4720238027339,73.1538645052306
2026-09-07 09:47:01,77.45710472544717,73.16496934780221
2026-09-07 09:47:02,77.45198074569568,73.16990656417377
2026-09-07 09:47:03,77.46853189678217,73.17968392462701
2026-09-07 09:47:04,77.46037650686972,73.17893466664134
2026-09-07 09:47:05,77.44839839258752,73.18494410374932
2026-09-07 09:47:06,77.45259152075467,73.17588167105603
2026-09-07 09:47:07,77.45597004556413,73.18426338703392
2026-09-07 09:47:08,77.46199281799338,73.1783710943619
2026-09-07 09:47:09,77.45683297925618,73.16847041867238
2026-09-07 09:47:10,77.44720272843763,73.17133810884829
2026-09-07 09:47:11,77.4474998333763,73.1829786246268
2026-09-07 09:47:12,77.4495421297906,73.18018241146063
2026-09-07 09:47:13,77.4389123340327,73.19397842853415
2026-09-07 09:47:14,77.4401407755747,73.19377456899566
2026-09-07 09:47:15,77.43265488435159,73.1845357590872
2026-09-07 09:47:16,77.43737250529094,73.17596489364425
2026-09-07 09:47:17,77.44173062278767,73.18161509316239
2026-09-07 09:47:18,77.43888699009507,73.16729173791178
2026-09-07 09:47:19,77.44194976432044,73.17984646201502
2026-09-07 09:47:20,77.43580756527908,73.16871598022793
2026-09-07 09:47:21,77.44391765819003,73.17006595166791
2026-09-07 09:47:22,77.4392742065506,73.18102589078673
2026-09-07 09:47:23,77.437214879027,73.1851112892572
2026-09-07 09:47:24,77.43422172920764,73.1785286665594
2026-09-07 09:47:25,77.43585865732419,73.17098912126194
2026-09-07 09:47:26,77.4226463215799,73.16628078430846
2026-09-07 09:47:27,77.43183620404011,73.17609656702518
2026-09-07 09:47:28,77.44802666595726,73.18498248358861
2026-09-07 09:47:29,77.46004746950348,73.18728619958567
2026-09-07 09:47:30,77.45680704625825,73.19150324415054
2026-09-07 09:47:31,77.44973743180716,73.1981018011624
2026-09-07 09:47:32,77.44640223894025,73.20047588879494
2026-09-07 09:47:33,77.4400598497182,73.19937604345462
2026-09-07 09:47:34,77.447357190996,73.19754262755059
2026-09-07 09:47:35,77.44234396297409,73.20013714175555
2026-09-07 09:47:36,77.4488996208722,73.1985705146823
2026-09-07 09:47:37,77.44019962201838,73.18485794452691
2026-09-07 09:47:38,77.43023360375855,73.1943772381865
2026-09-07 09:47:39,77.42957628560201,73.19869979941852
2026-09-07 09:47:40,77.4375662344832,73.20130931188437
2026-09-07 09:47:41,77.44115472526218,73.1969332121201
2026-09-07 09:47:42,77.4291778526603,73.20258731128722
2026-09-07 09:47:43,77.42846300710224,73.20776798049754
2026-09-07 09:47:44,77.42053870939746,73.20660842333473
2026-09-07 09:47:45,77.4355267688341,73.19926907274292
2026-09-07 09:47:46,77.43625600115531,73.21094209900916
2026-09-07 09:47:47,77.43453446616948,73.21214483879685
2026-09-07 09:47:48,77.41869196042913,73.2190974738008
2026-09-07 09:47:49,77.41541237768365,73.23056039287371
2026-09-07 09:47:50,77.41473710144884,73.22736679327647
2026-09-07 09:47:51,77.41797629411663,73.22535228086652
2026-09-07 09:47:52,77.41414841387748,73.23908003910368
2026-09-07 09:47:53,77.42145091038662,73.2401528672431
2026-09-07 09:47:54,77.42745980226786,73.24753843950816
2026-09-07 09:47:55,77.43177894132332,73.24805598191926
2026-09-07 09:47:56,77.43231710143603,73.25176392350194
2026-09-07 09:47:57,77.43651904607839,73.2549980779276
2026-09-07 09:47:58,77.43242791034191,73.25444872415231
2026-09-07 09:47:59,77.43583190028913,73.24589657324248
2026-09-07 09:48:00,77.43576509477818,73.25267591608741
2026-09-07 09:48:01,77.43701925924215,73.25028161185516
2026-09-07 09:48:02,77.43685038207626,73.24614836839372
2026-09-07 09:48:03,77.44415236095183,73.24295520453074
2026-09-07 09:48:04,77.43178138443345,73.23246970708969
2026-09-07 09:48:05,77.43400819435618,73.23442817502726
2026-09-07 09:48:06,77.43050289283416,73.22303416930262
2026-09-07 09:48:07,77.42939447587483,73.21579168024967
2026-09-07 09:48:08,77.42452063588071,73.21590578536264
2026-09-07 09:48:09,77.41882829927586,73.21876345515949
2026-09-07 09:48:10,77.41334000809651,73.21481816274164
2026-09-07 09:48:11,77.41165101939106,73.22774959637181
2026-09-07 09:48:12,77.42335700658546,73.23615027440188
2026-09-07 09:48:13,77.417891732048,73.23632524057746
2026-09-07 09:48:14,77.42467574258181,73.24352010219567
2026-09-07 09:48:15,77.41258893107123,73.24316453893323
2026-09-07 09:48:16,77.40710110457016,73.24986707018863
2026-09-07 09:48:17,77.41183562489208,73.24530275881426
2026-09-07 09:48:18,77.42773783720645,73.24301199085309
2026-09-07 09:48:19,77.44587187113483,73.2416679779869
2026-09-07 09:48:20,77.44524323966542,73.25840599071039
2026-09-07 09:48:21,77.44133459521943,73.25441678051202
2026-09-07 09:48:22,77.45228916021229,73.25421026600151
2026-09-07 09:48:23,77.45583980823045,73.24335282543834
2026-09-07 09:48:24,77.4691244356661,73.25207999829871
2026-09-07 09:48:25,77.47177688106378,73.25838976728765
2026-09-07 09:48:26,77.46806394865749,73.25438929060356
2026-09-07 09:48:27,77.45639710761392,73.25775489446896
2026-09-07 09:48:28,77.46558305608025,73.26536907210036
2026-09-07 09:48:29,77.4724118202121,73.27170273723615
2026-09-07 09:48:30,77.46557891704963,73.26046395217115
2026-09-07 09:48:31,77.47033963981342,73.26205531100668
2026-09-07 09:48:32,77.47766109118277,73.25980165383463
2026-09-07 09:48:33,77.47111382449279,73.26382635192395
2026-09-07 09:48:34,77.46697964049638,73.2496774186335
2026-09-07 09:48:35,77.46246292594445,73.2421749198905
2026-09-07 09:48:36,77.45418865702288,73.23752451101741
2026-09-07 09:48:37,77.46123554750038,73.25815493437179
2026-09-07 09:48:38,77.47406819468992,73.25468838782278
2026-09-07 09:48:39,77.48255312478943,73.254210355366
2026-09-07 09:48:40,77.48554318586903,73.24846886701219
2026-09-07 09:48:41,77.48499326799858,73.23401848346502
2026-09-07 09:48:42,77.49830440051211,73.22751279934387
2026-09-07 09:48:43,77.50265371926616,73.22255768608275
2026-09-07 09:48:44,77.50466264888352,73.21247721358489
2026-09-07 09:48:45,77.50187800657359,73.2205607534999
2026-09-07 09:48:46,77.50629223315948,73.20382807461137
2026-09-07 09:48:47,77.51262024319156,73.19258162170544
2026-09-07 09:48:48,77.51474019526839,73.19723704856591
2026-09-07 09:48:49,77.50997013319251,73.19462679355375
2026-09-07 09:48:50,77.50814310363424,73.19825666772616
2026-09-07 09:48:51,77.51493693675187,73.21023704342056
2026-09-07 09:48:52,77.51736510278491,73.22770701462088
2026-09-07 09:48:53,77.51032924229797,73.24330595535518
2026-09-07 09:48:54,77.5083843088043,73.25011930232479
2026-09-07 09:48:55,77.50744936409436,73.2509926934332
2026-09-07 09:48:56,77.50062839781019,73.25450942781646
2026-09-07 09:48:57,77.51567548574113,73.25594906796121
2026-09-07 09:48:58,77.515518036953,73.25613704424082
2026-09-07 09:48:59,77.52081660585182,73.25451572959187
2026-09-07 09:49:00,77.52078460232326,73.25653989602043
2026-09-07 09:49:01,77.53046665544579,73.2649489785113
2026-09-07 09:49:02,77.52264145241755,73.25961942979866
2026-09-07 09:49:03,77.52279107694685,73.26712416320133
2026-09-07 09:49:04,77.52998868579816,73.26547699414205
2026-09-07 09:49:05,77.54580167202054,73.26421387848472
2026-09-07 09:49:06,77.55625463345879,73.27672130413701
2026-09-07 09:49:07,77.56811943421509,73.27861714963986
2026-09-07 09:49:08,77.57240399958852,73.2655074844634
2026-09-07 09:49:09,77.55917054112277,73.26036173905186
2026-09-07 09:49:10,77.56452009366525,73.26974660243869
2026-09-07 09:49:11,77.56375737449159,73.27891983691508
2026-09-07 09:49:12,77.56805723077773,73.29229413356643
2026-09-07 09:49:13,77.55622187125913,73.28525258846314
2026-09-07 09:49:14,77.54910792314912,73.27634230125764
2026-09-07 09:49:15,77.56136528974231,73.26846730761436
2026-09-07 09:49:16,77.55520090698265,73.26516225356708
2026-09-07 09:49:17,77.5617772905489,73.26130928325185
2026-09-07 09:49:18,77.56725687942786,73.2662302116045
2026-09-07 09:49:19,77.56249809128153,73.24588504516323
2026-09-07 09:49:20,77.5556739412583,73.23521646584297
2026-09-07 09:49:21,77.56784200486558,73.22913971846549
2026-09-07 09:49:22,77.55987771733906,73.23255426078155
2026-09-07 09:49:23,77.56027951696882,73.22458674851984
2026-09-07 09:49:24,77.56842639757606,73.23266403218197
2026-09-07 09:49:25,77.57050411605458,73.22623594327698
2026-09-07 09:49:26,77.56400948009251,73.20860699795377
2026-09-07 09:49:27,77.56686184905747,73.21214964205295
2026-09-07 09:49:28,77.56001456296957,73.21251088313676
2026-09-07 09:49:29,77.58441659779861,73.20286802903911
2026-09-07 09:49:30,77.57170818458219,73.20829466716201
2026-09-07 09:49:31,77.56853492694023,73.20414699053838
2026-09-07 09:49:32,77.57316569630723,73.20315041045063
2026-09-07 09:49:33,77.5805723963712,73.20775378930593
2026-09-07 09:49:34,77.58921699428747,73.20892134184628
2026-09-07 09:49:35,77.57314795453173,73.22082149315875
2026-09-07 09:49:36,77.56048048221619,73.22999810051363
2026-09-07 09:49:37,77.56235694173118,73.21808240311175
2026-09-07 09:49:38,77.5628525859923,73.22584240414282
2026-09-07 09:49:39,77.55524683381783,73.22633138084328
2026-09-07 09:49:40,77.5497495865243,73.21774875675226
2026-09-07 09:49:41,77.54515375339051,73.22893001587455
2026-09-07 09:49:42,77.55026241005226,73.22879588500943
2026-09-07 09:49:43,77.54965602020786,73.23001534336242
2026-09-07 09:49:44,77.55178877146028,73.23172829358573
2026-09-07 09:49:45,77.53899798872109,73.23982071720731
2026-09-07 09:49:46,77.53262317422192,73.21734204059892
2026-09-07 09:49:47,77.53786170019981,73.20698764950451
2026-09-07 09:49:48,77.53680595413047,73.20628566459114
2026-09-07 09:49:49,77.53240522919255,73.21103473627008
2026-09-07 09:49:50,77.53037622059297,73.20872427100448
2026-09-07 09:49:51,77.52326576890978,73.20639764306915
2026-09-07 09:49:52,77.51554625958002,73.2068648942991
2026-09-07 09:49:53,77.52540677167333,73.21572596940887
2026-09-07 09:49:54,77.52859662328481,73.20401408965763
2026-09-07 09:49:55,77.53626403303166,73.21221962858483
2026-09-07 09:49:56,77.55163526628685,73.19279854326015
2026-09-07 09:49:57,77.55175903423344,73.1900093846201
2026-09-07 09:49:58,77.55987466719859,73.1806801087129
2026-09-07 09:49:59,77.55703845877858,73.20090355509656
2026-09-07 09:50:00,77.5644598504537,73.18369973492993
2026-09-07 09:50:01,77.56461550651554,73.19566475242983
2026-09-07 09:50:02,77.56000647859366,73.2009356963199
2026-09-07 09:50:03,77.56074840276663,73.18833452007864
2026-09-07 09:50:04,77.55607353249695,73.19827638233907
2026-09-07 09:50:05,77.56491878822621,73.19314035462578
2026-09-07 09:50:06,77.57332079138693,73.18704453569403
2026-09-07 09:50:07,77.57516571719314,73.18693544939815
2026-09-07 09:50:08,77.56583712635951,73.18981288923044
2026-09-07 09:50:09,77.56293346056279,73.1660539453938
2026-09-07 09:50:10,77.55674315278381,73.15877926715069
2026-09-07 09:50:11,77.55050774710453,73.15036800318636
2026-09-07 09:50:12,77.54536676410912,73.12915250310931
2026-09-07 09:50:13,77.5520161667676,73.1298518333831
2026-09-07 09:50:14,77.55391553530224,73.12760997676934
2026-09-07 09:50:15,77.55439168652617,73.12539879352008
2026-09-07 09:50:16,77.54625233263631,73.11227304662658
2026-09-07 09:50:17,77.5468082734512,73.12117741200132
2026-09-07 09:50:18,77.54855958444126,73.13525949888039
2026-09-07 09:50:19,77.53836829619335,73.13302173023915
2026-09-07 09:50:20,77.53375715433734,73.14380266667872
2026-09-07 09:50:21,77.54641937906219,73.13932847632272
2026-09-07 09:50:22,77.55188175808276,73.13727697067337
2026-09-07 09:50:23,77.54442173867255,73.13637162181638
2026-09-07 09:50:24,77.53664612893874,73.14990973286886
2026-09-07 09:50:25,77.5410558323456,73.16029843076404
2026-09-07 09:50:26,77.54373307555707,73.13919194954978
2026-09-07 09:50:27,77.54972645704996,73.14003677281235
2026-09-07 09:50:28,77.53191743819274,73.14096941647993
2026-09-07 09:50:29,77.53947119596604,73.15591139982298
2026-09-07 09:50:30,77.53183125087537,73.16282746034177
2026-09-07 09:50:31,77.53431985520913,73.1613739546772
2026-09-07 09:50:32,77.53220227261482,73.16603237137272
2026-09-07 09:50:33,77.53651046175516,73.17181273179122
2026-09-07 09:50:34,77.53346257400636,73.16036312352706
2026-09-07 09:50:35,77.54331082728706,73.1717237656497
2026-09-07 09:50:36,77.53909321621171,73.17149075492607
2026-09-07 09:50:37,77.54512484026576,73.15620936332982
2026-09-07 09:50:38,77.54885439025252,73.17734629744253
2026-09-07 09:50:39,77.55088292410821,73.17123335535578
2026-09-07 09:50:40,77.56614996349417,73.17134810649256
2026-09-07 09:50:41,77.56773276931699,73.16767723340372
2026-09-07 09:50:42,77.569081524305,73.15205226402516
2026-09-07 09:50:43,77.55949884122744,73.13921378122828
2026-09-07 09:50:44,77.56623803665778,73.13843839839716
2026-09-07 09:50:45,77.57485094877018,73.12069013913334
2026-09-07 09:50:46,77.57037121850688,73.13342899068918
2026-09-07 09:50:47,77.56445186801956,73.11719498216463
2026-09-07 09:50:48,77.55888170789238,73.11420877309757
2026-09-07 09:50:49,77.55878295985352,73.12561056636288
2026-09-07 09:50:50,77.56871204551493,73.13918394840296
2026-09-07 09:50:51,77.57305419931346,73.13482857184911
2026-09-07 09:50:52,77.56935532133637,73.12193740068767
2026-09-07 09:50:53,77.57886380443934,73.13290337846634
2026-09-07 09:50:54,77.57952893053861,73.12514725664523
2026-09-07 09:50:55,77.58457202132603,73.12943694285804
2026-09-07 09:50:56,77.5857252537193,73.1193096822858
2026-09-07 09:50:57,77.58751315100668,73.11438091820165
2026-09-07 09:50:58,77.59303500494026,73.11961938916532
2026-09-07 09:50:59,77.5963241136925,73.1159077235772
2026-09-07 09:51:00,77.60770359603907,73.12269005091595
2026-09-07 09:51:01,77.6171806994913,73.13003454806248
2026-09-07 09:51:02,77.62213535069935,73.13347080746925
2026-09-07 09:51:03,77.61414770346154,73.11759757862735
2026-09-07 09:51:04,77.60715661392366,73.12297647724253
2026-09-07 09:51:05,77.6139619152141,73.1245901594262
2026-09-07 09:51:06,77.61463036521039,73.14064279496489
2026-09-07 09:51:07,77.6116629443912,73.12507493181225
2026-09-07 09:51:08,77.60011139359938,73.12227582334324
2026-09-07 09:51:09,77.60533639852473,73.12871935591268
2026-09-07 09:51:10,77.60368628298733,73.13587351759065
2026-09-07 09:51:11,77.60332789215114,73.12955874750946
2026-09-07 09:51:12,77.60050437448342,73.13616805675717
2026-09-07 09:51:13,77.60762381046024,73.12636036193496
2026-09-07 09:51:14,77.60024862728142,73.12744183888533
2026-09-07 09:51:15,77.61610701797052,73.117236109026
2026-09-07 09:51:16,77.60676207167346,73.1209034811921
2026-09-07 09:51:17,77.61056182227934,73.115568473227
2026-09-07 09:51:18,77.61036917614668,73.11981379505801
2026-09-07 09:51:19,77.59736870694893,73.11961909147156
2026-09-07 09:51:20,77.60184997093347,73.12769488477969
2026-09-07 09:51:21,77.61054202119523,73.12708060355936
2026-09-07 09:51:22,77.59979673455896,73.13882400835502
2026-09-07 09:51:23,77.60554660153419,73.13326956841962
2026-09-07 09:51:24,77.61326432486162,73.1423546994516
2026-09-07 09:51:25,77.61222660969788,73.12173679949561
2026-09-07 09:51:26,77.60873579938892,73.11513461327687
2026-09-07 09:51:27,77.60250137794465,73.11442922602828
2026-09-07 09:51:28,77.59444755129257,73.11783697976854
2026-09-07 09:51:29,77.60852154546163,73.10745333996647
2026-09-07 09:51:30,77.61627688111426,73.10281294642486
2026-09-07 09:51:31,77.6203308341447,73.1017061697597
2026-09-07 09:51:32,77.62989279972392,73.09550671129702
2026-09-07 09:51:33,77.63535689714763,73.08874853711438
2026-09-07 09:51:34,77.63706517942282,73.08863067936933
2026-09-07 09:51:35,77.6451795029915,73.07485947391599
2026-09-07 09:51:36,77.63512841792455,73.08701802874633
2026-09-07 09:51:37,77.63800545305499,73.10184832522522
2026-09-07 09:51:38,77.63033371988521,73.10369468896286
2026-09-07 09:51:39,77.63482782875244,73.11913363832463
2026-09-07 09:51:40,77.63443519766909,73.11522601579438
2026-09-07 09:51:41,77.6397614565538,73.11433810910583
2026-09-07 09:51:42,77.63418830039703,73.12099813117212
2026-09-07 09:51:43,77.62001598239385,73.11213833856675
2026-09-07 09:51:44,77.63015006416433,73.10777662175565
2026-09-07 09:51:45,77.62774282833705,73.1110248320937
2026-09-07 09:51:46,77.63609289376026,73.11564399405593
2026-09-07 09:51:47,77.62891989138086,73.11068771925792
2026-09-07 09:51:48,77.63672790992695,73.10965119260055
2026-09-07 09:51:49,77.63203630091606,73.11728793478142
2026-09-07 09:51:50,77.64052865090697,73.13630071876827
2026-09-07 09:51:51,77.63252802051338,73.13013045032459
2026-09-07 09:51:52,77.62737511338626,73.1332371286564
2026-09-07 09:51:53,77.62383162025871,73.14298581001204
2026-09-07 09:51:54,77.60385722811024,73.15139430983923
2026-09-07 09:51:55,77.59908179694722,73.14899650298189
2026-09-07 09:51:56,77.60330453989258,73.15077302183309
2026-09-07 09:51:57,77.59578637435223,73.1639001932941
2026-09-07 09:51:58,77.6000693338227,73.15960523003184
2026-09-07 09:51:59,77.6016212238401,73.14993804750533
2026-09-07 09:52:00,77.59250275594397,73.14731054664698
2026-09-07 09:52:01,77.59521504305852,73.1482015704722
2026-09-07 09:52:02,77.58946207137407,73.13609339479008
2026-09-07 09:52:03,77.57701577515253,73.15005451577899
2026-09-07 09:52:04,77.57975670899414,73.14305805254583
2026-09-07 09:52:05,77.58856277228197,73.14778344135708
2026-09-07 09:52:06,77.58549885489035,73.14242242461624
2026-09-07 09:52:07,77.59394859729578,73.14528780245503
2026-09-07 09:52:08,77.60607986942364,73.14846204341373
2026-09-07 09:52:09,77.60174510515188,73.14322763736506
2026-09-07 09:52:10,77.59652915712208,73.1454494206607
2026-09-07 09:52:11,77.59841287525687,73.15075732347118
2026-09-07 09:52:12,77.60176127089522,73.1415773656218
2026-09-07 09:52:13,77.6002498770307,73.13334873141918
2026-09-07 09:52:14,77.60382598603067,73.12185242660738
2026-09-07 09:52:15,77.59952115154893,73.11435382955607
2026-09-07 09:52:16,77.5949457572917,73.11210906095803
2026-09-07 09:52:17,77.60614244725834,73.10987491481079
2026-09-07 09:52:18,77.59552169207288,73.10723946958292
2026-09-07 09:52:19,77.60106543534599,73.11207919451454
2026-09-07 09:52:20,77.60283849721094,73.12949184996955
2026-09-07 09:52:21,77.61105464246047,73.13029120690132
2026-09-07 09:52:22,77.62005828476595,73.11858607677762
2026-09-07 09:52:23,77.6188042190418,73.1110123219508
2026-09-07 09:52:24,77.62012075875903,73.1251518172128
2026-09-07 09:52:25,77.61645383173632,73.13908259763929
2026-09-07 09:52:26,77.60889897370852,73.1515557164754
2026-09-07 09:52:27,77.59637176940272,73.14413106725364
2026-09-07 09:52:28,77.60375500018246,73.14332952800869
2026-09-07 09:52:29,77.60482626345977,73.14321985393208
2026-09-07 09:52:30,77.60616646102743,73.1416569353451
2026-09-07 09:52:31,77.59893359380175,73.13911979607774
2026-09-07 09:52:32,77.59975647214867,73.1312503858834
2026-09-07 09:52:33,77.6032084558605,73.14666590048908
2026-09-07 09:52:34,77.59108231898203,73.14190525328586
2026-09-07 09:52:35,77.5890115403161,73.14207142919194
2026-09-07 09:52:36,77.58971879802645,73.13573209804154
2026-09-07 09:52:37,77.58947037819044,73.13578477134539
2026-09-07 09:52:38,77.58883525947465,73.14925802607709
2026-09-07 09:52:39,77.58979649108173,73.13633904992008
2026-09-07 09:52:40,77.57822902087669,73.14151032246936
2026-09-07 09:52:41,77.57571083956364,73.13610440366519
2026-09-07 09:52:42,77.56570470408737,73.13340920524371
2026-09-07 09:52:43,77.5650339692561,73.12741124041415
2026-09-07 09:52:44,77.56244042531432,73.13516464645481
2026-09-07 09:52:45,77.56823299416484,73.13994833355646
2026-09-07 09:52:46,77.5669546734432,73.12807813386986
2026-09-07 09:52:47,77.57268930805255,73.14116543293481
2026-09-07 09:52:48,77.5821019411986,73.15134865201948
2026-09-07 09:52:49,77.58415238937636,73.15463538092831
2026-09-07 09:52:50,77.58405274403331,73.16560479307769
2026-09-07 09:52:51,77.58207061400665,73.18438972989735
2026-09-07 09:52:52,77.58781397614909,73.18157701293974
2026-09-07 09:52:53,77.58780619753139,73.16750842944563
2026-09-07 09:52:54,77.58240141830753,73.16488532620552
2026-09-07 09:52:55,77.60048159283805,73.15776899974946
2026-09-07 09:52:56,77.60726157099761,73.15844144378154
2026-09-07 09:52:57,77.60507911660095,73.16391284347067
2026-09-07 09:52:58,77.59036797156655,73.17218392422103
2026-09-07 09:52:59,77.6046512229925,73.17477540737217
2026-09-07 09:53:00,77.6041962573464,73.17617954028877
2026-09-07 09:53:01,77.60909196992509,73.1718925909848
2026-09-07 09:53:02,77.60998460726262,73.17630773816221
2026-09-07 09:53:03,77.60740768289294,73.17971720518788
2026-09-07 09:53:04,77.60987257971458,73.18597309798791
2026-09-07 09:53:05,77.60258997216795,73.18128633353102
2026-09-07 09:53:06,77.59944259382247,73.19177245462564
2026-09-07 09:53:07,77.6012843384085,73.17730093933903
2026-09-07 09:53:08,77.59186124100889,73.19428084557231
2026-09-07 09:53:09,77.5943638522621,73.18295333125388
2026-09-07 09:53:10,77.58764782563897,73.18420078273273
2026-09-07 09:53:11,77.59817755185404,73.19837864515944
2026-09-07 09:53:12,77.59548561960065,73.19576138526268
2026-09-07 09:53:13,77.60965248705332,73.18716487144535
2026-09-07 09:53:14,77.62119544708273,73.19013324474514
2026-09-07 09:53:15,77.62189264756316,73.20140217174233
2026-09-07 09:53:16,77.62545729408912,73.19408319918135
2026-09-07 09:53:17,77.61421030273952,73.19422446550439
2026-09-07 09:53:18,77.61799178572635,73.20619763143098
2026-09-07 09:53:19,77.59871135079676,73.21795056534457
2026-09-07 09:53:20,77.60328197553939,73.23124352381943
2026-09-07 09:53:21,77.60916352522587,73.23311281144059
2026-09-07 09:53:22,77.61235160806689,73.23660660615117
2026-09-07 09:53:23,77.60771853894191,73.23560810082593
2026-09-07 09:53:24,77.60866790262862,73.2316606135159
2026-09-07 09:53:25,77.59785737150939,73.2190004499742
2026-09-07 09:53:26,77.60158323568629,73.22356389271016
2026-09-07 09:53:27,77.6023840117111,73.21332054865026
2026-09-07 09:53:28,77.60866873015266,73.20989310347974
2026-09-07 09:53:29,77.59335624410024,73.22361149640327
2026-09-07 09:53:30,77.58234923008328,73.24336832445339
2026-09-07 09:53:31,77.58628383429858,73.23950696556635
2026-09-07 09:53:32,77.56893821247843,73.23333879971284
2026-09-07 09:53:33,77.5798682145138,73.24527024631982
2026-09-07 09:53:34,77.58178351466783,73.230258154419
2026-09-07 09:53:35,77.57897184221899,73.2277783380673
2026-09-07 09:53:36,77.58238253046615,73.22668128934572
2026-09-07 09:53:37,77.5849313599725,73.21237572025878
2026-09-07 09:53:38,77.58018706214692,73.22501649307335
2026-09-07 09:53:39,77.569468547509,73.23312124586431
2026-09-07 09:53:40,77.5865033705777,73.23883852656898
2026-09-07 09:53:41,77.5762576632603,73.24976738076691
2026-09-07 09:53:42,77.56258075734654,73.25273382902061
2026-09-07 09:53:43,77.55956839327749,73.26360812511412
2026-09-07 09:53:44,77.56826384154547,73.26527791471203
2026-09-07 09:53:45,77.5814842375552,73.27390864175575
2026-09-07 09:53:46,77.57795800567015,73.26528371915737
2026-09-07 09:53:47,77.59612181226072,73.26172644293253
2026-09-07 09:53:48,77.59915838738074,73.26070846838934
2026-09-07 09:53:49,77.59567273856439,73.2465908611241
2026-09-07 09:53:50,77.59460573518001,73.24558428508725
2026-09-07 09:53:51,77.60185460867915,73.24106849705184
2026-09-07 09:53:52,77.5903131975214,73.23164466262581
2026-09-07 09:53:53,77.59002090733473,73.23383943100883
2026-09-07 09:53:54,77.5953704519813,73.23048157245846
2026-09-07 09:53:55,77.59935367787673,73.2317457137864
2026-09-07 09:53:56,77.61181821737833,73.23125762968475
2026-09-07 09:53:57,77.6128844952805,73.23623296808489
2026-09-07 09:53:58,77.62188146754637,73.22814307566716
2026-09-07 09:53:59,77.6183858829946,73.22573042635159
2026-09-07 09:54:00,77.60265237679971,73.2371755246335
2026-09-07 09:54:01,77.61057297513855,73.23737097317955
2026-09-07 09:54:02,77.63542687935472,73.24854935907878
2026-09-07 09:54:03,77.65036735729306,73.26235386888305
2026-09-07 09:54:04,77.6570563109153,73.2499071588911
2026-09-07 09:54:05,77.66837311269697,73.25360174565891
2026-09-07 09:54:06,77.659538329104,73.25406949490987
2026-09-07 09:54:07,77.665115078837,73.26272348546348
2026-09-07 09:54:08,77.66641159219614,73.25813126501129
2026-09-07 09:54:09,77.6720645091072,73.25143956120367
2026-09-07 09:54:10,77.67149478114813,73.25815635892847
2026-09-07 09:54:11,77.6608590325676,73.26145346864823
2026-09-07 09:54:12,77.64639266240633,73.25329885422656
2026-09-07 09:54:13,77.63729909317082,73.25251044964189
2026-09-07 09:54:14,77.64257956602135,73.2520671876621
2026-09-07 09:54:15,77.6493290664403,73.25291450428179
2026-09-07 09:54:16,77.64781608747896,73.25724676991234
2026-09-07 09:54:17,77.64605762692824,73.25843880113207
2026-09-07 09:54:18,77.65374933498208,73.2534229568895
2026-09-07 09:54:19,77.66226184531585,73.24367969606682
2026-09-07 09:54:20,77.6606422309213,73.22841197252747
2026-09-07 09:54:21,77.65672430964555,73.24239610023015
2026-09-07 09:54:22,77.65936169104894,73.25357193187457
2026-09-07 09:54:23,77.64850302375486,73.24467224470219
2026-09-07 09:54:24,77.65195316960653,73.25196227499535
2026-09-07 09:54:25,77.65813558515799,73.23722846640933
2026-09-07 09:54:26,77.66191554653412,73.23659456698712
2026-09-07 09:54:27,77.66280978549935,73.2407941564965
2026-09-07 09:54:28,77.66074066244364,73.2258984448856
2026-09-07 09:54:29,77.65283923921156,73.21316988461336
2026-09-07 09:54:30,77.64311221592409,73.21199554978011
2026-09-07 09:54:31,77.65277987860959,73.2057146860883
2026-09-07 09:54:32,77.6471335275718,73.1956105497345
2026-09-07 09:54:33,77.63435453952813,73.19619724033477
2026-09-07 09:54:34,77.63076675589116,73.19408498611966
2026-09-07 09:54:35,77.62366149249779,73.19837099558501
2026-09-07 09:54:36,77.61477663450195,73.20320363228281
2026-09-07 09:54:37,77.60988720315345,73.21014439938317
2026-09-07 09:54:38,77.60332256666224,73.2140452582152
2026-09-07 09:54:39,77.60657816026841,73.21334686514714
2026-09-07 09:54:40,77.61866319331266,73.21489558932124
2026-09-07 09:54:41,77.61209908075213,73.22099086254032
2026-09-07 09:54:42,77.60600595362567,73.21622991917503
2026-09-07 09:54:43,77.60609639279009,73.21783113378477
2026-09-07 09:54:44,77.61871254284058,73.20245477764138
2026-09-07 09:54:45,77.6168089612789,73.21240518479895
2026-09-07 09:54:46,77.61562911978795,73.21523470801924
2026-09-07 09:54:47,77.62692830833443,73.20438957969222
2026-09-07 09:54:48,77.62725520507568,73.21137702799359
2026-09-07 09:54:49,77.622914261715,73.19594370887191
2026-09-07 09:54:50,77.61552364877103,73.1976550431817
2026-09-07 09:54:51,77.61692839053697,73.21389474797515
2026-09-07 09:54:52,77.62675648772496,73.200261127203
2026-09-07 09:54:53,77.63443773641902,73.20832357712744
2026-09-07 09:54:54,77.6464366347263,73.20698021523683
2026-09-07 09:54:55,77.64231689117952,73.20827435132469
2026-09-07 09:54:56,77.65377389658332,73.21376780388651
2026-09-07 09:54:57,77.66634657186285,73.22070509794068
2026-09-07 09:54:58,77.66199098439213,73.2117852082959
2026-09-07 09:54:59,77.67571505469962,73.198437352559
2026-09-07 09:55:00,77.67312273780475,73.19564034918346
2026-09-07 09:55:01,77.66637057066774,73.06560198689363
2026-09-07 09:55:02,77.66641640196693,72.96156986734313
2026-09-07 09:55:03,77.66593672531936,72.83195516443686
2026-09-07 09:55:04,77.66685581034531,72.71524034109237
2026-09-07 09:55:05,77.66081011817741,72.58666236451428
2026-09-07 09:55:06,77.6478658348988,72.46785675903871
2026-09-07 09:55:07,77.65290976804883,72.35610473911801
2026-09-07 09:55:08,77.6440327871611,72.25030323326294
2026-09-07 09:55:09,77.65049773908694,72.12287654616689
2026-09-07 09:55:10,77.64760046797332,71.99514098251991
2026-09-07 09:55:11,77.63861310724428,71.8769477525989
2026-09-07 09:55:12,77.63411195321096,71.74556568509448
2026-09-07 09:55:13,77.6379393195328,71.62155964219288
2026-09-07 09:55:14,77.63361263277945,71.49448410285028
2026-09-07 09:55:15,77.62996881668337,71.38137814841949
2026-09-07 09:55:16,77.6373958135422,71.24995915722126
2026-09-07 09:55:17,77.63709963431178,71.13707877393281
2026-09-07 09:55:18,77.6349691025207,71.0278201112975
2026-09-07 09:55:19,77.63826856630881,70.90873434269665
2026-09-07 09:55:20,77.62287345113197,70.79124113778465
2026-09-07 09:55:21,77.6253916384061,70.79638888834332
2026-09-07 09:55:22,77.62895898952277,70.80105268262584
2026-09-07 09:55:23,77.62519222581247,70.8090178323453
2026-09-07 09:55:24,77.62566035850483,70.79974133360746
2026-09-07 09:55:25,77.61811395978144,70.80117200845211
2026-09-07 09:55:26,77.62060360118925,70.78165711773734
2026-09-07 09:55:27,77.60530859681343,70.79095083096203
2026-09-07 09:55:28,77.60522283169317,70.81616812337917
2026-09-07 09:55:29,77.5938642913551,70.81397338344064
2026-09-07 09:55:30,77.58941982983666,70.81890848836477
2026-09-07 09:55:31,77.59986770000027,70.83318921472186
2026-09-07 09:55:32,77.59238903014158,70.84412233467665
2026-09-07 09:55:33,77.58337600523153,70.84685235034448
2026-09-07 09:55:34,77.58464555949283,70.85235182774687
2026-09-07 09:55:35,77.57871633380108,70.86420162378452
2026-09-07 09:55:36,77.57821110108652,70.86403128078709
2026-09-07 09:55:37,77.5762356940054,70.8545819955754
2026-09-07 09:55:38,77.5815856144957,70.85755931089808
2026-09-07 09:55:39,77.58496155076082,70.87408121442812
2026-09-07 09:55:40,77.57853257762967,70.87156539236024
2026-09-07 09:55:41,77.57858870727635,70.87915267045993
2026-09-07 09:55:42,77.57727040890782,70.88743641627553
2026-09-07 09:55:43,77.58065699748107,70.8718362650326
2026-09-07 09:55:44,77.57559616604387,70.85382092664236
2026-09-07 09:55:45,77.57347847808764,70.85012518019987
2026-09-07 09:55:46,77.57785341580824,70.85163687910064
2026-09-07 09:55:47,77.57738019103412,70.86283170058074
2026-09-07 09:55:48,77.58179212040734,70.85191431329983
2026-09-07 09:55:49,77.57667685961131,70.85482458780503
2026-09-07 09:55:50,77.58930647104783,70.85307042406085
2026-09-07 09:55:51,77.58804152284051,70.85542682505101
2026-09-07 09:55:52,77.59384848868987,70.85462840515724
2026-09-07 09:55:53,77.59603419966223,70.85089419036217
2026-09-07 09:55:54,77.59195205254697,70.84385352005457
2026-09-07 09:55:55,77.59684064131338,70.83891994391004
2026-09-07 09:55:56,77.60092023982477,70.8425217153388
2026-09-07 09:55:57,77.6081466045256,70.81871169675136
2026-09-07 09:55:58,77.60098009804052,70.80789389244279
2026-09-07 09:55:59,77.59976536231004,70.81503455425897
2026-09-07 09:56:00,77.61857020093554,70.82874294067146
2026-09-07 09:56:01,77.62865010549318,70.83213115070892
2026-09-07 09:56:02,77.62577860815297,70.83688675458323
2026-09-07 09:56:03,77.60961199230736,70.84515385048563
2026-09-07 09:56:04,77.60967612796881,70.85063620975427
2026-09-07 09:56:05,77.60203557246582,70.84091716869492
2026-09-07 09:56:06,77.59726334916107,70.84053199260617
2026-09-07 09:56:07,77.59985431867977,70.83738182433336
2026-09-07 09:56:08,77.60244953553797,70.84342388236169
2026-09-07 09:56:09,77.59383678126477,70.84252231466422
2026-09-07 09:56:10,77.58227987716752,70.8376527393901
2026-09-07 09:56:11,77.58899619651017,70.83130507925242
2026-09-07 09:56:12,77.60282825820903,70.83579389966802
2026-09-07 09:56:13,77.60943293023095,70.83671901771199
2026-09-07 09:56:14,77.61585615149338,70.84643514875557
2026-09-07 09:56:15,77.61665087667924,70.8417292811659
2026-09-07 09:56:16,77.61256938544588,70.85888409756167
2026-09-07 09:56:17,77.61120924590817,70.854818767666
2026-09-07 09:56:18,77.60595353358367,70.83984491385337
2026-09-07 09:56:19,77.60224647262966,70.84273083064058
2026-09-07 09:56:20,77.5986397188716,70.83598873091584
2026-09-07 09:56:21,77.60168058948784,70.84007460656412
2026-09-07 09:56:22,77.59844087425722,70.84281281160212
2026-09-07 09:56:23,77.59121773748042,70.85046179028039
2026-09-07 09:56:24,77.58390019361585,70.8474709484425
2026-09-07 09:56:25,77.58490990265071,70.84374304182849
2026-09-07 09:56:26,77.57641022865958,70.86240335518069
2026-09-07 09:56:27,77.58766951445426,70.84689705891188
2026-09-07 09:56:28,77.58857111781654,70.83562333420188
2026-09-07 09:56:29,77.59088716702425,70.82403618012559
2026-09-07 09:56:30,77.59520186094284,70.82876166278491
2026-09-07 09:56:31,77.60788927813391,70.8394763698234
2026-09-07 09:56:32,77.60448835250129,70.84788780216256
2026-09-07 09:56:33,77.60108319557781,70.84688450814099
2026-09-07 09:56:34,77.59737039995484,70.83121859809786
2026-09-07 09:56:35,77.6018508915132,70.81314478942477
2026-09-07 09:56:36,77.60010138946357,70.8178166452016
2026-09-07 09:56:37,77.60095056860665,70.80380578131637
2026-09-07 09:56:38,77.59612940099775,70.80985763389094
2026-09-07 09:56:39,77.6042956684701,70.82404916648265
2026-09-07 09:56:40,77.59082181439591,70.82814044279209
2026-09-07 09:56:41,77.58724712571792,70.8349409629469
2026-09-07 09:56:42,77.57471838993679,70.83368301374799
2026-09-07 09:56:43,77.57997102359077,70.82794799776977
2026-09-07 09:56:44,77.57728162817062,70.8192345906276
2026-09-07 09:56:45,77.58555587876914,70.8074279508431
2026-09-07 09:56:46,77.57877591428763,70.80447596555635
2026-09-07 09:56:47,77.57642577402761,70.82326927902878
2026-09-07 09:56:48,77.57846392576073,70.81586543151916
2026-09-07 09:56:49,77.5827770669133,70.81892022155797
2026-09-07 09:56:50,77.5848717433833,70.81834335482633
2026-09-07 09:56:51,77.58830306831885,70.8079171329132
2026-09-07 09:56:52,77.57937878757006,70.80413046981393
2026-09-07 09:56:53,77.57118060090829,70.81036466345215
2026-09-07 09:56:54,77.58559318802864,70.82136486133706
2026-09-07 09:56:55,77.58890792490867,70.82437404530378
2026-09-07 09:56:56,77.58382008653027,70.81281470861087
2026-09-07 09:56:57,77.5878907483689,70.79966024784156
2026-09-07 09:56:58,77.59013531464757,70.79840352175803
2026-09-07 09:56:59,77.59571072481842,70.79885211969243
2026-09-07 09:57:00,77.59650037680586,70.79367915750217
2026-09-07 09:57:01,77.58371534724006,70.79062058264468
2026-09-07 09:57:02,77.58888395539974,70.7999221531842
2026-09-07 09:57:03,77.59911846979745,70.79107037395421
2026-09-07 09:57:04,77.59216349523741,70.79730850925215
2026-09-07 09:57:05,77.58879764117478,70.8201908500166
2026-09-07 09:57:06,77.5911327806056,70.80667582399029
2026-09-07 09:57:07,77.5870147617552,70.82065052935627
2026-09-07 09:57:08,77.57346673560643,70.82200913667315
2026-09-07 09:57:09,77.56317396957266,70.83626111962926
2026-09-07 09:57:10,77.5598546552804,70.82708720620644
2026-09-07 09:57:11,77.54717584023447,70.82074086631863
2026-09-07 09:57:12,77.52821193209513,70.81651473573277
2026-09-07 09:57:13,77.54439512779565,70.81739742858424
2026-09-07 09:57:14,77.54242633621963,70.80706940356887
2026-09-07 09:57:15,77.54495718967355,70.80286979321907
2026-09-07 09:57:16,77.53866943656497,70.81518857269283
2026-09-07 09:57:17,77.54193325739863,70.80728160656757
2026-09-07 09:57:18,77.55291010923784,70.80679448015688
2026-09-07 09:57:19,77.55664718216408,70.80810937440478
2026-09-07 09:57:20,77.56540167207561,70.81358747976424
2026-09-07 09:57:21,77.56282164648422,70.81998348061684
2026-09-07 09:57:22,77.55992093044557,70.8211747867707
2026-09-07 09:57:23,77.57210924585408,70.811725857551
2026-09-07 09:57:24,77.56442502228626,70.8081560087507
2026-09-07 09:57:25,77.56072102892175,70.81974639709819
2026-09-07 09:57:26,77.54890036574632,70.8401755579503
2026-09-07 09:57:27,77.56067302433567,70.83616873957232
2026-09-07 09:57:28,77.5620535519742,70.83295610730588
2026-09-07 09:57:29,77.56704089004997,70.83885801857735
2026-09-07 09:57:30,77.57262896237359,70.8456810213795
2026-09-07 09:57:31,77.58698371833005,70.84416496161161
2026-09-07 09:57:32,77.59218280591969,70.84250479603321
2026-09-07 09:57:33,77.59247364059746,70.84446256663165
2026-09-07 09:57:34,77.59208927358277,70.84754561593537
2026-09-07 09:57:35,77.58576340436834,70.8461850133334
2026-09-07 09:57:36,77.58126903816633,70.83577306681909
2026-09-07 09:57:37,77.57601637253288,70.83134028185917
2026-09-07 09:57:38,77.57490968117168,70.81743051817058
2026-09-07 09:57:39,77.57300074267292,70.80737420748457
2026-09-07 09:57:40,77.56692493690896,70.80906149028611
2026-09-07 09:57:41,77.57516610398758,70.81161215010184
2026-09-07 09:57:42,77.57153304631164,70.80769976098668
2026-09-07 09:57:43,77.58148792317631,70.79323155335577
2026-09-07 09:57:44,77.58995913107759,70.7798553660676
2026-09-07 09:57:45,77.58524697281564,70.7802698493488
2026-09-07 09:57:46,77.58360152227695,70.79508166029427
2026-09-07 09:57:47,77.58727442223788,70.79465283099502
2026-09-07 09:57:48,77.5943636404437,70.79498747475364
2026-09-07 09:57:49,77.58837471021256,70.80499570412488
2026-09-07 09:57:50,77.59952135540013,70.81641740074637
2026-09-07 09:57:51,77.59078650531922,70.88898220940037
2026-09-07 09:57:52,77.587687771981,70.95139287243302
2026-09-07 09:57:53,77.59655458771324,71.02816189448919
2026-09-07 09:57:54,77.58453703189176,71.07460871824688
2026-09-07 09:57:55,77.59330905954329,71.13457848224434
2026-09-07 09:57:56,77.59098725254569,71.16402104438511
2026-09-07 09:57:57,77.59426764113587,71.21791556849735
2026-09-07 09:57:58,77.57484066120514,71.2973655174957
2026-09-07 09:57:59,77.5562422505556,71.34793592941091
2026-09-07 09:58:00,77.55620413574114,71.40557052431589
2026-09-07 09:58:01,77.56181207239877,71.45875234260089
2026-09-07 09:58:02,77.55514290498331,71.51109181152545
2026-09-07 09:58:03,77.5395034389176,71.55667110826906
2026-09-07 09:58:04,77.55419507689471,71.60609628042504
2026-09-07 09:58:05,77.55359860197213,71.678592214354
2026-09-07 09:58:06,77.56142876649088,71.73524081367322
2026-09-07 09:58:07,77.56689653593732,71.78838593833316
2026-09-07 09:58:08,77.56015864466359,71.85288493796922
2026-09-07 09:58:09,77.5611595677904,71.92274542966186
2026-09-07 09:58:10,77.55920696830108,71.9749562456802
2026-09-07 09:58:11,77.56177167557954,72.02881634790934
2026-09-07 09:58:12,77.55945373415823,72.07638125724662
2026-09-07 09:58:13,77.56135111740403,72.13482752545843
2026-09-07 09:58:14,77.5749725395677,72.19014971238218
2026-09-07 09:58:15,77.56190551988715,72.24986771279497
2026-09-07 09:58:16,77.57894799122269,72.30148259739978
2026-09-07 09:58:17,77.57298227662177,72.35554954135344
2026-09-07 09:58:18,77.55168998493511,72.4081078904274
2026-09-07 09:58:19,77.55028978967455,72.45015787443391
2026-09-07 09:58:20,77.55458293809032,72.49789171610196
2026-09-07 09:58:21,77.54082053592316,72.54701965240183
2026-09-07 09:58:22,77.54554156811832,72.61974947914608
2026-09-07 09:58:23,77.55485521184842,72.67705172949498
2026-09-07 09:58:24,77.55104653812917,72.73027612251336
2026-09-07 09:58:25,77.55825580846924,72.78120171457864
2026-09-07 09:58:26,77.5613593661129,72.84539898812069
2026-09-07 09:58:27,77.55460688025616,72.89569664619664
2026-09-07 09:58:28,77.55795043487787,72.95132541264267
2026-09-07 09:58:29,77.55702450200212,73.002148316108
2026-09-07 09:58:30,77.55655100932681,73.07429067305151
2026-09-07 09:58:31,77.56667572732493,73.11541686239997
2026-09-07 09:58:32,77.56702935385327,73.17180139403223
2026-09-07 09:58:33,77.56730341968327,73.215004897483
2026-09-07 09:58:34,77.56633491853859,73.27188936398576
2026-09-07 09:58:35,77.5612548699364,73.33025046248498
2026-09-07 09:58:36,77.54309569330539,73.31677125490454
2026-09-07 09:58:37,77.54385319213048,73.3202634528872
2026-09-07 09:58:38,77.54261477817874,73.31616305440883
2026-09-07 09:58:39,77.54399579110779,73.32585069694618
2026-09-07 09:58:40,77.55069501304918,73.32514282961509
2026-09-07 09:58:41,77.54722687307701,73.3346454429984
2026-09-07 09:58:42,77.55125971434978,73.34254775050738
2026-09-07 09:58:43,77.54919378020513,73.33484838124419
2026-09-07 09:58:44,77.55058617833976,73.32925799709417
2026-09-07 09:58:45,77.55915707321422,73.3369049770745
2026-09-07 09:58:46,77.54290171134556,73.34286630445636
2026-09-07 09:58:47,77.5528336953328,73.35215607308336
2026-09-07 09:58:48,77.5493068853676,73.34445339733615
2026-09-07 09:58:49,77.55654053837902,73.35353029069525
2026-09-07 09:58:50,77.55698526602718,73.34320067778778
2026-09-07 09:58:51,77.54560082603506,73.3455912710451
2026-09-07 09:58:52,77.53944085836143,73.3395049621688
2026-09-07 09:58:53,77.54275341311582,73.34889742510596
2026-09-07 09:58:54,77.52736605790125,73.34290044344945
2026-09-07 09:58:55,77.5370474783684,73.34252025636505
2026-09-07 09:58:56,77.53449299747113,73.34823529151578
2026-09-07 09:58:57,77.52600606041216,73.33729025042823
2026-09-07 09:58:58,77.52616697134253,73.35128749121212
2026-09-07 09:58:59,77.53373518281653,73.35124223075933
2026-09-07 09:59:00,77.54127610279173,73.34756867895007
2026-09-07 09:59:01,77.53248705166888,73.33257664768728
2026-09-07 09:59:02,77.53450670925608,73.34063443723821
2026-09-07 09:59:03,77.53728214419438,73.34029901370832
2026-09-07 09:59:04,77.53429492588754,73.35005864614818
2026-09-07 09:59:05,77.53394762539938,73.33716287205758
2026-09-07 09:59:06,77.54416882478229,73.3313557428933
2026-09-07 09:59:07,77.54709005314976,73.33138854055969
2026-09-07 09:59:08,77.5549511976462,73.33360258002013
2026-09-07 09:59:09,77.56409895656653,73.33549001020768
2026-09-07 09:59:10,77.56066343249671,73.3309417995652
2026-09-07 09:59:11,77.56551824647615,73.32352105443253
2026-09-07 09:59:12,77.57244242090302,73.32137812412033
2026-09-07 09:59:13,77.5655206896772,73.31356261435313
2026-09-07 09:59:14,77.56444140603227,73.32940962940653
2026-09-07 09:59:15,77.5701960022263,73.32958404350506
2026-09-07 09:59:16,77.56344206036218,73.34665237570181
2026-09-07 09:59:17,77.56136943148731,73.34664251861764
2026-09-07 09:59:18,77.55820930398399,73.35859131307552
2026-09-07 09:59:19,77.55952736804812,73.35449289102732
2026-09-07 09:59:20,77.56091026042229,73.3455467282128
2026-09-07 09:59:21,77.55305840845288,73.34410180684138
2026-09-07 09:59:22,77.53159233462742,73.35463479460151
2026-09-07 09:59:23,77.54642333569133,73.34467616614857
2026-09-07 09:59:24,77.5453680022278,73.3305437335708
2026-09-07 09:59:25,77.54664949231034,73.33244532382092
2026-09-07 09:59:26,77.55217539573715,73.32050492402512
2026-09-07 09:59:27,77.54769193614612,73.31471238493894
2026-09-07 09:59:28,77.5458572165264,73.33517935552398
2026-09-07 09:59:29,77.54436911489883,73.3348131733015
2026-09-07 09:59:30,77.54058098630325,73.34194899816539
2026-09-07 09:59:31,77.55970677227397,73.3523630299698
2026-09-07 09:59:32,77.5711415058531,73.34274627958439
2026-09-07 09:59:33,77.57903723178015,73.342998855413
2026-09-07 09:59:34,77.58837688358906,73.35248629863943
2026-09-07 09:59:35,77.59326803313708,73.33746031179966
2026-09-07 09:59:36,77.59426757782416,73.33297919586869
2026-09-07 09:59:37,77.59761046729868,73.33331730666764
2026-09-07 09:59:38,77.6054454393049,73.31894651500907
2026-09-07 09:59:39,77.59991570642195,73.31826933224606
2026-09-07 09:59:40,77.6023118852903,73.31464684675583
2026-09-07 09:59:41,77.60209872380314,73.31514887931506
2026-09-07 09:59:42,77.60992352263351,73.31413168602643
2026-09-07 09:59:43,77.61173342802408,73.29784219106193
2026-09-07 09:59:44,77.59218259552051,73.28472894032119
2026-09-07 09:59:45,77.59484914793546,73.26407363432972
2026-09-07 09:59:46,77.59791141940251,73.26321108455943
2026-09-07 09:59:47,77.59793172537097,73.25666959544057
2026-09-07 09:59:48,77.59479276726816,73.26411658023068
2026-09-07 09:59:49,77.59746588063295,73.26388386575849
2026-09-07 09:59:50,77.59381460870316,73.26578493562995
2026-09-07 09:59:51,77.60271139383673,73.2656126005114
2026-09-07 09:59:52,77.5999693392734,73.25504758914039
2026-09-07 09:59:53,77.60071134578273,73.2468236897122
2026-09-07 09:59:54,77.58996934666084,73.25462774052527
2026-09-07 09:59:55,77.58531024007425,73.23637335511647
2026-09-07 09:59:56,77.57994097318212,73.25288735067396
2026-09-07 09:59:57,77.57914387236566,73.24101007897585
2026-09-07 09:59:58,77.57090609995267,73.24745613286161
2026-09-07 09:59:59,77.57394740035139,73.24937113415507
2026-09-07 10:00:00,77.57248193760165,73.25371168623273
2026-09-07 10:00:01,77.58398997018271,73.25808358572085
2026-09-07 10:00:02,77.58276200412004,73.24554023027142
2026-09-07 10:00:03,77.5860862208216,73.2595933727489
2026-09-07 10:00:04,77.59092913048133,73.2483177485985
2026-09-07 10:00:05,77.59231375530422,73.25997445402437
2026-09-07 10:00:06,77.58756623428856,73.26441375785771
2026-09-07 10:00:07,77.5966130356412,73.27909823441993
2026-09-07 10:00:08,77.5847163286436,73.26342252836385
2026-09-07 10:00:09,77.58751544741638,73.26973486936822
2026-09-07 10:00:10,77.58486723900512,73.26954748963159
2026-09-07 10:00:11,77.58181335757673,73.28032289726762
2026-09-07 10:00:12,77.56526416541908,73.28260944214504
2026-09-07 10:00:13,77.55569658275039,73.2765271251998
2026-09-07 10:00:14,77.54423413640667,73.26835732135451
2026-09-07 10:00:15,77.54405607035312,73.26859491470407
2026-09-07 10:00:16,77.55742316960267,73.26661467588393
2026-09-07 10:00:17,77.56001125792702,73.26979322413465
2026-09-07 10:00:18,77.561939249467,73.28297106272636
2026-09-07 10:00:19,77.56297610944644,73.28431627239654
2026-09-07 10:00:20,77.5621347493145,73.28435288836907
2026-09-07 10:00:21,77.5617168658934,73.29330368637694
2026-09-07 10:00:22,77.56186485745363,73.29392041297045
2026-09-07 10:00:23,77.56150847449229,73.30073622911249
2026-09-07 10:00:24,77.55797368464945,73.30918010073249
2026-09-07 10:00:25,77.55369239549779,73.31541584947736
2026-09-07 10:00:26,77.56806301153269,73.31750615570343
2026-09-07 10:00:27,77.5674097870892,73.30688493171299
2026-09-07 10:00:28,77.57294596062863,73.30700294579174
2026-09-07 10:00:29,77.57975871708099,73.30109462140803
2026-09-07 10:00:30,77.58365604709492,73.31735330972934
2026-09-07 10:00:31,77.58666750530242,73.31441203013655
2026-09-07 10:00:32,77.57691404304738,73.31433311446192
2026-09-07 10:00:33,77.58184839976619,73.31972085705426
2026-09-07 10:00:34,77.57347526686812,73.31047052975671
2026-09-07 10:00:35,77.5661634146287,73.30128518167919
2026-09-07 10:00:36,77.56409713005021,73.30367894607491
2026-09-07 10:00:37,77.57850694688693,73.30544260501468
2026-09-07 10:00:38,77.58939841220351,73.29055500889707
2026-09-07 10:00:39,77.60095850024229,73.29774665905347
2026-09-07 10:00:40,77.60426325366858,73.30517453906138
2026-09-07 10:00:41,77.6088926686815,73.3224186139832
2026-09-07 10:00:42,77.61493502776105,73.30673991639568
2026-09-07 10:00:43,77.60182922338136,73.3212657894874
2026-09-07 10:00:44,77.60120045355916,73.33318477193485
2026-09-07 10:00:45,77.59863189936716,73.32727387349715
2026-09-07 10:00:46,77.59605975036187,73.33011553690116
2026-09-07 10:00:47,77.59746065931515,73.32452931868559
2026-09-07 10:00:48,77.60148736456544,73.33009264139262
2026-09-07 10:00:49,77.59460179823854,73.32005136256232
2026-09-07 10:00:50,77.57988562366698,73.3172839575426
2026-09-07 10:00:51,77.57996500077158,73.311013410481
2026-09-07 10:00:52,77.5754449948191,73.30980889587936
2026-09-07 10:00:53,77.57566555452112,73.3149538780193
2026-09-07 10:00:54,77.58191121613405,73.31890079843149
2026-09-07 10:00:55,77.5903064765416,73.31016190271603
2026-09-07 10:00:56,77.59485857239791,73.3135263314603
2026-09-07 10:00:57,77.58702632629712,73.30741751579674
2026-09-07 10:00:58,77.59035441451888,73.30809295782139
2026-09-07 10:00:59,77.58092334158626,73.30310248689878
2026-09-07 10:01:00,77.59237206647168,73.31071222288371
2026-09-07 10:01:01,77.59298587518987,73.32288061493499
2026-09-07 10:01:02,77.58617725272515,73.32133623762708
2026-09-07 10:01:03,77.59337331910761,73.31830158098597
2026-09-07 10:01:04,77.58498182467589,73.3235889849258
2026-09-07 10:01:05,77.59700926063348,73.30068578580472
2026-09-07 10:01:06,77.59816790859556,73.28940644131714
2026-09-07 10:01:07,77.59592691709105,73.2766623815579
2026-09-07 10:01:08,77.61545809697701,73.27052284755722
2026-09-07 10:01:09,77.61579098724785,73.26415635134484
2026-09-07 10:01:10,77.60835697540816,73.26005578221333
2026-09-07 10:01:11,77.60991577091717,73.27587249435746
2026-09-07 10:01:12,77.61207101360016,73.29000405486437
2026-09-07 10:01:13,77.6040684635312,73.29064997353922
2026-09-07 10:01:14,77.6007852721094,73.27651488168169
2026-09-07 10:01:15,77.6287880582402,73.27432605993964
2026-09-07 10:01:16,77.63062471293634,73.26752539925334
2026-09-07 10:01:17,77.62629978221635,73.25818981761729
2026-09-07 10:01:18,77.63400310539025,73.25455545188818
2026-09-07 10:01:19,77.63291433927814,73.25618742434129
2026-09-07 10:01:20,77.62370327705108,73.25828685647548
2026-09-07 10:01:21,77.62241922151225,73.26230717316113
2026-09-07 10:01:22,77.61952517308292,73.26265710535736
2026-09-07 10:01:23,77.62341628308174,73.27137754067157
2026-09-07 10:01:24,77.6182389372845,73.28015165358153
2026-09-07 10:01:25,77.61083396992589,73.27844721039106
2026-09-07 10:01:26,77.61181258065254,73.27975674142706
2026-09-07 10:01:27,77.59305813430707,73.27092998493083
2026-09-07 10:01:28,77.59167543995531,73.27927019875278
2026-09-07 10:01:29,77.58638699080899,73.29290862774982
2026-09-07 10:01:30,77.57285221091652,73.29360176579091
2026-09-07 10:01:31,77.57690340976698,73.29376107490708
2026-09-07 10:01:32,77.57888616575038,73.30219612471036
2026-09-07 10:01:33,77.57283695720349,73.30752067625855
2026-09-07 10:01:34,77.58081945611671,73.30541761514074
2026-09-07 10:01:35,77.5634371749148,73.29466924715882
2026-09-07 10:01:36,77.55702407564013,73.28511555365135
2026-09-07 10:01:37,77.56025915830901,73.27784895155092
2026-09-07 10:01:38,77.57887533306214,73.28299614171306
2026-09-07 10:01:39,77.56907132173671,73.28041097786016
2026-09-07 10:01:40,77.58054634994268,73.28655100516143
2026-09-07 10:01:41,77.57289563995043,73.29589434833866
2026-09-07 10:01:42,77.56932975424589,73.31588409436146
2026-09-07 10:01:43,77.56518628968833,73.32127019837188
2026-09-07 10:01:44,77.56942307388378,73.31725825586047
2026-09-07 10:01:45,77.56827172163155,73.32772558303239
2026-09-07 10:01:46,77.57200942273374,73.3271810728258
2026-09-07 10:01:47,77.57534520392159,73.34297242876313
2026-09-07 10:01:48,77.58234435824858,73.34727336846143
2026-09-07 10:01:49,77.5848189847467,73.33314442673755
2026-09-07 10:01:50,77.58583471479749,73.32874513179037
2026-09-07 10:01:51,77.59133334071785,73.32326373180085
2026-09-07 10:01:52,77.59470223324061,73.3137675386047
2026-09-07 10:01:53,77.60142532113503,73.30719404039623
2026-09-07 10:01:54,77.60121196058005,73.31240971480184
2026-09-07 10:01:55,77.59878271694271,73.31247397978039
2026-09-07 10:01:56,77.60674831976864,73.32844645547712
2026-09-07 10:01:57,77.5931916246311,73.32029076522355
2026-09-07 10:01:58,77.5982645844307,73.32878275173904
2026-09-07 10:01:59,77.59470441889647,73.32963834542807
2026-09-07 10:02:00,77.59325629020302,73.35020491970704
2026-09-07 10:02:01,77.59175706515833,73.33945042574568
2026-09-07 10:02:02,77.58009783413249,73.32792169329407
2026-09-07 10:02:03,77.58988163831914,73.3244067254806
2026-09-07 10:02:04,77.604521957047,73.33016960531467
2026-09-07 10:02:05,77.60739853379258,73.33599343745493
2026-09-07 10:02:06,77.61333361728741,73.34430066646381
2026-09-07 10:02:07,77.60600298604213,73.33926633264424
2026-09-07 10:02:08,77.601887950957,73.34020948165703
2026-09-07 10:02:09,77.60000603176991,73.32908462696913
2026-09-07 10:02:10,77.59479529573227,73.34522268825151
2026-09-07 10:02:11,77.6107333373145,73.33749325885759
2026-09-07 10:02:12,77.61359294476762,73.33716554972544
2026-09-07 10:02:13,77.6072359743603,73.34360408799274
2026-09-07 10:02:14,77.60671378219948,73.35867965460446
2026-09-07 10:02:15,77.61014707526876,73.35587135643989
2026-09-07 10:02:16,77.59026739636022,73.35494418619656
2026-09-07 10:02:17,77.5966358154331,73.3485023908611
2026-09-07 10:02:18,77.60327488560071,73.3546731107357
2026-09-07 10:02:19,77.59001663364756,73.3529026449677
2026-09-07 10:02:20,77.59242288951963,73.35971581359134
2026-09-07 10:02:21,77.59358433932361,73.35958033556683
2026-09-07 10:02:22,77.59098161402854,73.35695560659444
2026-09-07 10:02:23,77.59100824301274,73.3473578892964
2026-09-07 10:02:24,77.59582866282975,73.34442149068094
2026-09-07 10:02:25,77.59974960588397,73.33984810155091
2026-09-07 10:02:26,77.60283363162613,73.34099343724176
2026-09-07 10:02:27,77.60952740960757,73.34516691609512
2026-09-07 10:02:28,77.61653303161062,73.34366660239502
2026-09-07 10:02:29,77.61611641290331,73.34130453383239
2026-09-07 10:02:30,77.60669822168369,73.34017320458334
2026-09-07 10:02:31,77.61486980884295,73.34712614145539
2026-09-07 10:02:32,77.60848422947036,73.34983266666747
2026-09-07 10:02:33,77.61412562512007,73.3375655165706
2026-09-07 10:02:34,77.61674470085286,73.34053621296512
2026-09-07 10:02:35,77.62236982612322,73.34284639333504
2026-09-07 10:02:36,77.60930130351323,73.32466203563483
2026-09-07 10:02:37,77.62420660544382,73.32109746456322
2026-09-07 10:02:38,77.63376844033066,73.33250480877416
2026-09-07 10:02:39,77.63442515466572,73.32219347660183
2026-09-07 10:02:40,77.64470083323111,73.32185789657501
2026-09-07 10:02:41,77.64860459888678,73.32617224042995
2026-09-07 10:02:42,77.65576896622629,73.33530400247541
2026-09-07 10:02:43,77.64509078469652,73.32260688646667
2026-09-07 10:02:44,77.64615512758506,73.32268889683432
2026-09-07 10:02:45,77.65199808683607,73.32147249397823
2026-09-07 10:02:46,77.65063638491696,73.33974984875104
2026-09-07 10:02:47,77.66096136885754,73.35019689759262
2026-09-07 10:02:48,77.66875142628523,73.34309480772062
2026-09-07 10:02:49,77.6681090407322,73.34246810811668
2026-09-07 10:02:50,77.65988437732616,73.33463788711676
2026-09-07 10:02:51,77.6610923841373,73.32370244679059
2026-09-07 10:02:52,77.66516515358552,73.32795816725262
2026-09-07 10:02:53,77.66339363439482,73.32490594036065
2026-09-07 10:02:54,77.66792025613755,73.32922645195468
2026-09-07 10:02:55,77.6706669279719,73.318215975809
2026-09-07 10:02:56,77.65847200397728,73.33665160396986
2026-09-07 10:02:57,77.65356723598343,73.33336211375959
2026-09-07 10:02:58,77.63985756876353,73.3261737015479
2026-09-07 10:02:59,77.63435457386213,73.33335014798152
2026-09-07 10:03:00,77.61451026023396,73.32073774801304
2026-09-07 10:03:01,77.61141282679235,73.31631849924787
2026-09-07 10:03:02,77.60558980792608,73.3123513904849
2026-09-07 10:03:03,77.59374948519458,73.31475719566444
2026-09-07 10:03:04,77.60272281363889,73.31613533855881
2026-09-07 10:03:05,77.59869451181126,73.32750212070562
2026-09-07 10:03:06,77.60235843655904,73.31823922394341
2026-09-07 10:03:07,77.59805641075658,73.31274748410635
2026-09-07 10:03:08,77.59771465595607,73.3236562123974
2026-09-07 10:03:09,77.59242354345065,73.32233660409268
2026-09-07 10:03:10,77.59326912860324,73.31163074703771
2026-09-07 10:03:11,77.5896905803109,73.31713914751484
2026-09-07 10:03:12,77.59819095054758,73.30030047356179
2026-09-07 10:03:13,77.60350103561255,73.29768641368653
2026-09-07 10:03:14,77.61318538197055,73.30327144457588
2026-09-07 10:03:15,77.62797880380502,73.30605843507452
2026-09-07 10:03:16,77.62500726844924,73.29858443019265
2026-09-07 10:03:17,77.61425646741401,73.30356602961295
2026-09-07 10:03:18,77.61813041045238,73.31092398995371
2026-09-07 10:03:19,77.62076421944568,73.297484015728
2026-09-07 10:03:20,77.61771315096884,73.29530442868403
2026-09-07 10:03:21,77.61891394661086,73.30218943326567
2026-09-07 10:03:22,77.62956861563784,73.30475339472198
2026-09-07 10:03:23,77.61407100217045,73.29558976849968
2026-09-07 10:03:24,77.59804000972787,73.28873238721201
2026-09-07 10:03:25,77.58903911965311,73.29087531367844
2026-09-07 10:03:26,77.58737936361672,73.30088570105978
2026-09-07 10:03:27,77.59548478062122,73.29679844287973
2026-09-07 10:03:28,77.60258452690641,73.29691328989202
2026-09-07 10:03:29,77.60600778181342,73.30900389508523
2026-09-07 10:03:30,77.59738520876732,73.30840205830485
2026-09-07 10:03:31,77.60894382719276,73.30155271312765
2026-09-07 10:03:32,77.61056173238218,73.30274062826028
2026-09-07 10:03:33,77.6074403797279,73.2910114852211
2026-09-07 10:03:34,77.60228800925891,73.2822084584844
2026-09-07 10:03:35,77.61041037778465,73.28444148733865
2026-09-07 10:03:36,77.61568722481273,73.27378807560657
2026-09-07 10:03:37,77.6194558736941,73.27507807627484
2026-09-07 10:03:38,77.62733618259188,73.26861849409147
2026-09-07 10:03:39,77.63342818281866,73.28090824094389
2026-09-07 10:03:40,77.64697831046112,73.27258072112785
2026-09-07 10:03:41,77.63854426508057,73.25946523862262
2026-09-07 10:03:42,77.6457770350649,73.26479342314609
2026-09-07 10:03:43,77.64834776785608,73.25703857441152
2026-09-07 10:03:44,77.65777237740369,73.27141737149131
2026-09-07 10:03:45,77.65750988422155,73.27034374027467
2026-09-07 10:03:46,77.66645364404609,73.27487978481159
2026-09-07 10:03:47,77.67656420382534,73.27126392908798
2026-09-07 10:03:48,77.67911804834706,73.26824076272715
2026-09-07 10:03:49,77.67483844794972,73.26558326255139
2026-09-07 10:03:50,77.6727080946515,73.27010238101806
2026-09-07 10:03:51,77.67042812216683,73.27073489097393
2026-09-07 10:03:52,77.66435371659576,73.25976942744775
2026-09-07 10:03:53,77.6750976558878,73.25097321300754
2026-09-07 10:03:54,77.6887384152452,73.25938542157944
2026-09-07 10:03:55,77.67153551968778,73.2536768082268
2026-09-07 10:03:56,77.66840692027311,73.25386471168808
2026-09-07 10:03:57,77.66707174473447,73.24846507761215
2026-09-07 10:03:58,77.67649386740396,73.24732725023415
2026-09-07 10:03:59,77.6837361548238,73.24119877658626
2026-09-07 10:04:00,77.67855512277934,73.25312835594964
2026-09-07 10:04:01,77.67644388675312,73.24331201595778
2026-09-07 10:04:02,77.6751727371908,73.25272449240778
2026-09-07 10:04:03,77.67396827285282,73.24630899448941
2026-09-07 10:04:04,77.6787564547521,73.25509978638627
2026-09-07 10:04:05,77.67721186317785,73.25225835216997
2026-09-07 10:04:06,77.674479440121,73.27640592134236
2026-09-07 10:04:07,77.67307409545502,73.29201947388744
2026-09-07 10:04:08,77.67196972270975,73.2956547042899
2026-09-07 10:04:09,77.65667543390195,73.297247083765
2026-09-07 10:04:10,77.6570806798371,73.29442052244156
2026-09-07 10:04:11,77.65402251979101,73.28223783950602
2026-09-07 10:04:12,77.6428484564859,73.28373413980763
2026-09-07 10:04:13,77.6380586630468,73.28294012946537
2026-09-07 10:04:14,77.63671694453969,73.27841939467258
2026-09-07 10:04:15,77.63125969319604,73.29501492195975
2026-09-07 10:04:16,77.6229859952954,73.29047238376593
2026-09-07 10:04:17,77.62078182423602,73.28016752783458
2026-09-07 10:04:18,77.61359244596358,73.28787769043124
2026-09-07 10:04:19,77.62059828620312,73.28906401728527
2026-09-07 10:04:20,77.64495539062777,73.29646935920864
2026-09-07 10:04:21,77.65422796896443,73.28919036158102
2026-09-07 10:04:22,77.66237998883248,73.30424489814246
2026-09-07 10:04:23,77.6595516038835,73.32040784653319
2026-09-07 10:04:24,77.65351576690315,73.31028099304993
2026-09-07 10:04:25,77.65319245953563,73.3030824273658
2026-09-07 10:04:26,77.65799497209026,73.29321877026267
2026-09-07 10:04:27,77.65863896421976,73.27575427594164
2026-09-07 10:04:28,77.65841550872605,73.28514368903062
2026-09-07 10:04:29,77.65645084236833,73.2879376110426
2026-09-07 10:04:30,77.66466287378745,73.27814744845824
2026-09-07 10:04:31,77.65513275733541,73.27887789179232
2026-09-07 10:04:32,77.65723878853518,73.2764950442807
2026-09-07 10:04:33,77.64997719175456,73.28733146508038
2026-09-07 10:04:34,77.64126813309989,73.28501509933076
2026-09-07 10:04:35,77.64097172590759,73.29149426333856
2026-09-07 10:04:36,77.6376352473498,73.28417677949668
2026-09-07 10:04:37,77.65277373633332,73.27664097031636
2026-09-07 10:04:38,77.65878699720841,73.2752750664653
2026-09-07 10:04:39,77.65523104627471,73.2748856223838
2026-09-07 10:04:40,77.65333319772384,73.27766582491464
2026-09-07 10:04:41,77.63425907037109,73.27743575411189
2026-09-07 10:04:42,77.63482296245282,73.26877484856564
2026-09-07 10:04:43,77.63193773662958,73.28963828502066
2026-09-07 10:04:44,77.64582375316331,73.29536985352037
2026-09-07 10:04:45,77.6475973475733,73.29265577572535
2026-09-07 10:04:46,77.65804525302015,73.28866956398274
2026-09-07 10:04:47,77.65191151977994,73.29484717860163
2026-09-07 10:04:48,77.64468647720675,73.28780304839509
2026-09-07 10:04:49,77.6555839079766,73.27348104619503
2026-09-07 10:04:50,77.65511807742118,73.27455117466134
2026-09-07 10:04:51,77.65708516874987,73.26157222084028
2026-09-07 10:04:52,77.65540531344628,73.2586035982501
2026-09-07 10:04:53,77.66986644659862,73.267564970894
2026-09-07 10:04:54,77.66422009602358,73.27536372384385
2026-09-07 10:04:55,77.6691601666491,73.27435931800296
2026-09-07 10:04:56,77.66736856453251,73.27191532159064
2026-09-07 10:04:57,77.6558144303998,73.26630421324134
2026-09-07 10:04:58,77.66287096110247,73.27919275524555
2026-09-07 10:04:59,77.6768222092013,73.27584565059385
2026-09-07 10:05:00,77.6814798541785,73.25440152809121
2026-09-07 10:05:01,77.6794893076895,73.24315287542849
2026-09-07 10:05:02,77.68570005874419,73.22838492900277
2026-09-07 10:05:03,77.67790824367755,73.21854647457327
2026-09-07 10:05:04,77.68091485973477,73.22601615315301
2026-09-07 10:05:05,77.67404385979899,73.2420884937748
2026-09-07 10:05:06,77.67528222436015,73.23466918377311
2026-09-07 10:05:07,77.67793612177843,73.23454627296805
2026-09-07 10:05:08,77.68421330753345,73.23761937128221
2026-09-07 10:05:09,77.70068778784628,73.24804250681382
2026-09-07 10:05:10,77.69592673253632,73.25506435860224
2026-09-07 10:05:11,77.70167694832605,73.24615760098696
2026-09-07 10:05:12,77.69608487801555,73.23897157054014
2026-09-07 10:05:13,77.67758141413012,73.2446468544618
2026-09-07 10:05:14,77.67599522779733,73.25563040650711
2026-09-07 10:05:15,77.67183684672524,73.25630623624343
2026-09-07 10:05:16,77.67732040730037,73.26493806677688
2026-09-07 10:05:17,77.67975719883835,73.255674250423
2026-09-07 10:05:18,77.69633617834678,73.26341882364449
2026-09-07 10:05:19,77.70659992908027,73.27784372699912
2026-09-07 10:05:20,77.71718225306155,73.28154895837868
2026-09-07 10:05:21,77.72077380053254,73.28718288681628
2026-09-07 10:05:22,77.70952126136328,73.29443877271576
2026-09-07 10:05:23,77.70224654762828,73.29820503147037
2026-09-07 10:05:24,77.6946990283062,73.30458381397864
2026-09-07 10:05:25,77.69108811748225,73.32676993682288
2026-09-07 10:05:26,77.69257235994313,73.33130625125423
2026-09-07 10:05:27,77.68581987566083,73.32875065599515
2026-09-07 10:05:28,77.68543300058494,73.32619701316816
2026-09-07 10:05:29,77.68220988549794,73.31840472935396
2026-09-07 10:05:30,77.68797727910548,73.31499654696405
2026-09-07 10:05:31,77.68190869489968,73.31826254826882
2026-09-07 10:05:32,77.67586529302004,73.3167145417984
2026-09-07 10:05:33,77.67207492323115,73.30847633928087
2026-09-07 10:05:34,77.67043230017838,73.30115078436059
2026-09-07 10:05:35,77.66108351665369,73.30429262723578
2026-09-07 10:05:36,77.65890949826992,73.29126807428246
2026-09-07 10:05:37,77.65600059873778,73.29293627562167
2026-09-07 10:05:38,77.65926257222583,73.29627143515754
2026-09-07 10:05:39,77.6612175584734,73.30159165563498
2026-09-07 10:05:40,77.65756953969777,73.29449251164213
2026-09-07 10:05:41,77.6622210126194,73.2908492759686
2026-09-07 10:05:42,77.66234979751611,73.2966540474461
2026-09-07 10:05:43,77.66944236123695,73.30755206407436
2026-09-07 10:05:44,77.66434308807914,73.30426291053641
2026-09-07 10:05:45,77.66856704826797,73.29152545150639
2026-09-07 10:05:46,77.65918749209644,73.29694176511452
2026-09-07 10:05:47,77.65464575455044,73.288737070239
2026-09-07 10:05:48,77.66071980394518,73.29347409673493
2026-09-07 10:05:49,77.66765674371696,73.29053770554582
2026-09-07 10:05:50,77.66555352274072,73.28752619187955
2026-09-07 10:05:51,77.66783650157413,73.26947903680221
2026-09-07 10:05:52,77.66270932420754,73.27578162046733
2026-09-07 10:05:53,77.65692750411701,73.27521693591493
2026-09-07 10:05:54,77.65792256910409,73.27985711748686
2026-09-07 10:05:55,77.65442394691648,73.26979900702112
2026-09-07 10:05:56,77.6731800871833,73.26344171809774
2026-09-07 10:05:57,77.68605248197284,73.2478338190268
2026-09-07 10:05:58,77.68694446195313,73.24610238999723
2026-09-07 10:05:59,77.70120113906903,73.26423265219009
2026-09-07 10:06:00,77.70858688695802,73.25523248200376
2026-09-07 10:06:01,77.70263270551241,73.24855628458005
2026-09-07 10:06:02,77.69882885233766,73.25088779945985
2026-09-07 10:06:03,77.69300513355576,73.24870949442365
2026-09-07 10:06:04,77.70409257922131,73.26150297451146
2026-09-07 10:06:05,77.69022028699627,73.25306119085977
2026-09-07 10:06:06,77.68749868541221,73.26458186529034
2026-09-07 10:06:07,77.68509289097614,73.28155266958261
2026-09-07 10:06:08,77.68789204888084,73.29431275125313
2026-09-07 10:06:09,77.68153584222001,73.29156936553748
2026-09-07 10:06:10,77.68923526395224,73.29665294562209
2026-09-07 10:06:11,77.67533515898496,73.2942223138454
2026-09-07 10:06:12,77.67674826429578,73.29982098468268
2026-09-07 10:06:13,77.67206740411558,73.31528851928459
2026-09-07 10:06:14,77.67327346870586,73.32816427832097
2026-09-07 10:06:15,77.67635924029817,73.32892156157071
2026-09-07 10:06:16,77.67404843606043,73.31857364228897
2026-09-07 10:06:17,77.68058836673121,73.32530128925102
2026-09-07 10:06:18,77.68764412220897,73.32197627939901
2026-09-07 10:06:19,77.68020370495893,73.31862607624238
2026-09-07 10:06:20,77.6779402126561,73.3185334478472
2026-09-07 10:06:21,77.68536548282046,73.31045911964777
2026-09-07 10:06:22,77.68179870886499,73.31658574728087
2026-09-07 10:06:23,77.68862894381459,73.33623617842221
2026-09-07 10:06:24,77.69264227670539,73.3287380554041
2026-09-07 10:06:25,77.68494920781154,73.3217409893016
2026-09-07 10:06:26,77.68555720468456,73.3240006395581
2026-09-07 10:06:27,77.68514045601293,73.31857659951054
2026-09-07 10:06:28,77.6838419065247,73.31790126449334
2026-09-07 10:06:29,77.68835532896138,73.31864937382547
2026-09-07 10:06:30,77.68238742687541,73.30830038796927
2026-09-07 10:06:31,77.69354747700869,73.3075501417464
2026-09-07 10:06:32,77.69232053338847,73.30734347251186
2026-09-07 10:06:33,77.70083096683769,73.30458425166009
2026-09-07 10:06:34,77.7022291272054,73.30249934979928
2026-09-07 10:06:35,77.70663849696228,73.29356305262507
2026-09-07 10:06:36,77.70824796637653,73.30268677972965
2026-09-07 10:06:37,77.7171875152746,73.30816605549775
2026-09-07 10:06:38,77.7194741780913,73.32211147405778
2026-09-07 10:06:39,77.7248467010602,73.33452007944022
2026-09-07 10:06:40,77.7159678054863,73.32481407641755
2026-09-07 10:06:41,77.72203059059844,73.32247172949425
2026-09-07 10:06:42,77.71889826800653,73.31407889144089
2026-09-07 10:06:43,77.73007761292072,73.3035337518147
2026-09-07 10:06:44,77.73095900035972,73.29121047051811
2026-09-07 10:06:45,77.72975472523254,73.3111119899708
2026-09-07 10:06:46,77.74802937878214,73.30675740243868
2026-09-07 10:06:47,77.74058487821807,73.32119324142953
2026-09-07 10:06:48,77.73428831043078,73.30542151159536
2026-09-07 10:06:49,77.73698401415083,73.29589586717155
2026-09-07 10:06:50,77.72625475212679,73.30585909765095
2026-09-07 10:06:51,77.7209042035683,73.2964634656046
2026-09-07 10:06:52,77.72226126184147,73.29480718406268
2026-09-07 10:06:53,77.73074159782168,73.29566513190424
2026-09-07 10:06:54,77.74272085898,73.30574458983253
2026-09-07 10:06:55,77.7561130728052,73.31568355602064
2026-09-07 10:06:56,77.75675109761559,73.32052537651289
2026-09-07 10:06:57,77.75702081524773,73.30677798741864
2026-09-07 10:06:58,77.74834796038135,73.3133461885131
2026-09-07 10:06:59,77.73081921323904,73.30606215038846
2026-09-07 10:07:00,77.72134760166003,73.30552116138809
2026-09-07 10:07:01,77.71372751744137,73.3077458116364
2026-09-07 10:07:02,77.71236465118135,73.30361345628357
2026-09-07 10:07:03,77.70616218481706,73.28398629850746
2026-09-07 10:07:04,77.70682766676852,73.27258274937869
2026-09-07 10:07:05,77.70473949592603,73.2758786515479
2026-09-07 10:07:06,77.71266320681633,73.28211166453532
2026-09-07 10:07:07,77.72379674305559,73.26958116797007
2026-09-07 10:07:08,77.72894445810067,73.28345958271697
2026-09-07 10:07:09,77.73200407863656,73.27368029810438
2026-09-07 10:07:10,77.73508295694462,73.26911541732807
2026-09-07 10:07:11,77.73039854616741,73.27854228043726
2026-09-07 10:07:12,77.7291871626161,73.26867893296279
2026-09-07 10:07:13,77.724265118797,73.28604795946703
2026-09-07 10:07:14,77.71808621430263,73.29203339545533
2026-09-07 10:07:15,77.71952847658838,73.3023840944269
2026-09-07 10:07:16,77.71756772634457,73.29405118483358
2026-09-07 10:07:17,77.7129136700833,73.28497935824008
2026-09-07 10:07:18,77.73235314470938,73.28672153972146
2026-09-07 10:07:19,77.73008682212965,73.29787173467494
2026-09-07 10:07:20,77.73509530446103,73.29628194744498
2026-09-07 10:07:21,77.73984681369083,73.29870390483687
2026-09-07 10:07:22,77.74835807897233,73.31332646949171
2026-09-07 10:07:23,77.74614044875642,73.31303642784245
2026-09-07 10:07:24,77.74490668141706,73.3238685682941
2026-09-07 10:07:25,77.74788722780943,73.33081946791111
2026-09-07 10:07:26,77.75470523612677,73.32522706381826
2026-09-07 10:07:27,77.75578645721495,73.33749135522959
2026-09-07 10:07:28,77.7627916524773,73.34469848754858
2026-09-07 10:07:29,77.76082618374735,73.34154102901898
2026-09-07 10:07:30,77.754574599625,73.33917854852977
2026-09-07 10:07:31,77.7542237759873,73.32654076215799
2026-09-07 10:07:32,77.76299567592889,73.31981000594375
2026-09-07 10:07:33,77.7649890650788,73.32515340417572
2026-09-07 10:07:34,77.76100826563,73.30918666734769
2026-09-07 10:07:35,77.76831550356094,73.31282102157249
2026-09-07 10:07:36,77.76656297367005,73.32286117626825
2026-09-07 10:07:37,77.77334929984066,73.31445112549135
2026-09-07 10:07:38,77.77287695619839,73.29891280666656
2026-09-07 10:07:39,77.77104687118023,73.31141000420743
2026-09-07 10:07:40,77.76493370862305,73.31873034746538
2026-09-07 10:07:41,77.75384558619609,73.31614798502572
2026-09-07 10:07:42,77.7609778027584,73.3313521608536
2026-09-07 10:07:43,77.76447815525769,73.3380671975253
2026-09-07 10:07:44,77.77738900876915,73.31652151736712
2026-09-07 10:07:45,77.76482025087468,73.33325398382839
2026-09-07 10:07:46,77.78328579620887,73.33856423727798
2026-09-07 10:07:47,77.78390141186212,73.3408873056229
2026-09-07 10:07:48,77.78424134993959,73.33547799905614
2026-09-07 10:07:49,77.78425321508301,73.33439237525627
2026-09-07 10:07:50,77.78935442911295,73.34043138613035
2026-09-07 10:07:51,77.79677194821603,73.34565203032723
2026-09-07 10:07:52,77.78968664738832,73.35798081576658
2026-09-07 10:07:53,77.76995791342797,73.35903739228023
2026-09-07 10:07:54,77.77254492684074,73.35437377823068
2026-09-07 10:07:55,77.7865799153366,73.34474411271064
2026-09-07 10:07:56,77.77802550337198,73.34030254092825
2026-09-07 10:07:57,77.78125669095087,73.34734945874428
2026-09-07 10:07:58,77.78219601624804,73.35328326209795
2026-09-07 10:07:59,77.77710936458172,73.34796170792362
2026-09-07 10:08:00,77.77820894796368,73.3361044389816
2026-09-07 10:08:01,77.77972900913464,73.33264500849286
2026-09-07 10:08:02,77.78492761165774,73.32372816387793
2026-09-07 10:08:03,77.78113341608801,73.31874885741956
2026-09-07 10:08:04,77.77854720956962,73.3099507410355
2026-09-07 10:08:05,77.77674957899904,73.29803861173396
2026-09-07 10:08:06,77.7808516184129,73.30399658992839
2026-09-07 10:08:07,77.78086836650743,73.30235687141031
2026-09-07 10:08:08,77.77440046686469,73.29390373238996
2026-09-07 10:08:09,77.77290511409365,73.28594238840606
2026-09-07 10:08:10,77.76432525492291,73.28744105465849
2026-09-07 10:08:11,77.76430987873073,73.28388490770703
2026-09-07 10:08:12,77.75841694890204,73.28342994407222
2026-09-07 10:08:13,77.75341883754211,73.27966265610831
2026-09-07 10:08:14,77.75492139280567,73.28604297381074
2026-09-07 10:08:15,77.76063665994492,73.28071211670033
2026-09-07 10:08:16,77.76969844463025,73.27052702003603
2026-09-07 10:08:17,77.76855221910229,73.2820521244762
2026-09-07 10:08:18,77.786230076002,73.28321457074556
2026-09-07 10:08:19,77.7836970092248,73.2799418240365
2026-09-07 10:08:20,77.77485335083783,73.27867523629247
2026-09-07 10:08:21,77.77184472550675,73.272042752142
2026-09-07 10:08:22,77.78081545373377,73.26519580861537
2026-09-07 10:08:23,77.79345239642306,73.2726383280365
2026-09-07 10:08:24,77.79830980911109,73.26747642980412
2026-09-07 10:08:25,77.7946788409556,73.24989129782166
2026-09-07 10:08:26,77.79682410648627,73.24753450918568
2026-09-07 10:08:27,77.79981248264403,73.2416381648346
2026-09-07 10:08:28,77.80352781334089,73.22846295503206
2026-09-07 10:08:29,77.78748967293033,73.23267429381595
2026-09-07 10:08:30,77.79554567087789,73.20494612573444
2026-09-07 10:08:31,77.80515646944272,73.20189029745426
2026-09-07 10:08:32,77.8040821231139,73.18835561350879
2026-09-07 10:08:33,77.79682852236854,73.19464549879308
2026-09-07 10:08:34,77.79152263496252,73.19433238025816
2026-09-07 10:08:35,77.79050089913277,73.21189625176908
2026-09-07 10:08:36,77.79718885941182,73.20028102972657
2026-09-07 10:08:37,77.79376125227154,73.19018366112194
2026-09-07 10:08:38,77.78364265038452,73.18418676413961
2026-09-07 10:08:39,77.79188404805268,73.1846410786474
2026-09-07 10:08:40,77.79696120964697,73.18346966041331
2026-09-07 10:08:41,77.7939636963961,73.18421287585014
2026-09-07 10:08:42,77.79351763615752,73.20121286313393
2026-09-07 10:08:43,77.80687502811574,73.20455171431048
2026-09-07 10:08:44,77.81142966565407,73.18701430761608
2026-09-07 10:08:45,77.81063963720233,73.2081222174621
2026-09-07 10:08:46,77.80486598579063,73.21532484373957
2026-09-07 10:08:47,77.81396863524694,73.21183765581047
2026-09-07 10:08:48,77.81241729408913,73.20783295322076
2026-09-07 10:08:49,77.81838936100982,73.2080463775471
2026-09-07 10:08:50,77.82957530508068,73.21853171265177
2026-09-07 10:08:51,77.82961094122784,73.24147962994019
2026-09-07 10:08:52,77.82744581212653,73.23611546778466
2026-09-07 10:08:53,77.82581673939542,73.2283702888405
2026-09-07 10:08:54,77.8228308161827,73.22775824445247
2026-09-07 10:08:55,77.82949664827152,73.21382535613861
2026-09-07 10:08:56,77.81929598485715,73.20702246034227
2026-09-07 10:08:57,77.81716298753476,73.21105103022192
2026-09-07 10:08:58,77.81147390091402,73.22438948919198
2026-09-07 10:08:59,77.80769248552106,73.22249338805483
2026-09-07 10:09:00,77.80819482563565,73.23283797784313
2026-09-07 10:09:01,77.81049173738351,73.23308745219536
2026-09-07 10:09:02,77.80660703442945,73.23460407298548
2026-09-07 10:09:03,77.80967151424402,73.2315232672157
2026-09-07 10:09:04,77.80961051481323,73.21528171319333
2026-09-07 10:09:05,77.80580361942476,73.225737080415
2026-09-07 10:09:06,77.81635003367097,73.22510754754644
2026-09-07 10:09:07,77.80056175395794,73.24133255667185
2026-09-07 10:09:08,77.79940795909506,73.26405737393709
2026-09-07 10:09:09,77.79647540759815,73.27294238671011
2026-09-07 10:09:10,77.79203718113716,73.28509879147119
2026-09-07 10:09:11,77.80064608357614,73.2756935153821
2026-09-07 10:09:12,77.81026032260291,73.30101190362146
2026-09-07 10:09:13,77.80871780207222,73.29031554590885
2026-09-07 10:09:14,77.8108451237603,73.28678822394754
2026-09-07 10:09:15,77.79992745434157,73.27751808975444
2026-09-07 10:09:16,77.80182095885274,73.26405252156248
2026-09-07 10:09:17,77.80985121556296,73.2680440476866
2026-09-07 10:09:18,77.80862335029147,73.28045605840084
2026-09-07 10:09:19,77.80191894745255,73.28653637389137
2026-09-07 10:09:20,77.79205383261369,73.28366429076536
2026-09-07 10:09:21,77.79684171125272,73.27893458024394
2026-09-07 10:09:22,77.79608512340825,73.284696033091
2026-09-07 10:09:23,77.80735754990651,73.29624136482346
2026-09-07 10:09:24,77.8108157518091,73.29394535979678
2026-09-07 10:09:25,77.80027412630498,73.30917163416039
2026-09-07 10:09:26,77.8141275847577,73.29008015911648
2026-09-07 10:09:27,77.82060470384879,73.28971451722755
2026-09-07 10:09:28,77.82588392053665,73.29252419696536
2026-09-07 10:09:29,77.82454556866644,73.29249935277367
2026-09-07 10:09:30,77.82434856822397,73.30283626281252
2026-09-07 10:09:31,77.82250989229468,73.29802071165581
2026-09-07 10:09:32,77.82739067607372,73.30373829545037
2026-09-07 10:09:33,77.83066532779296,73.306259494915
2026-09-07 10:09:34,77.841563645996,73.3161522752767
2026-09-07 10:09:35,77.84319707356927,73.31429334105812
2026-09-07 10:09:36,77.84812152058701,73.29771153988567
2026-09-07 10:09:37,77.84436773965594,73.29144385693152
2026-09-07 10:09:38,77.8457060412101,73.2880369964929
2026-09-07 10:09:39,77.86386823245651,73.29459024466004
2026-09-07 10:09:40,77.86690428939316,73.31456318240687
2026-09-07 10:09:41,77.86696545242341,73.31173283756088
2026-09-07 10:09:42,77.87608192392678,73.31909916717233
2026-09-07 10:09:43,77.88294914469385,73.32984721410524
2026-09-07 10:09:44,77.88035625091194,73.32398690774897
2026-09-07 10:09:45,77.87514811079662,73.32491155249004
2026-09-07 10:09:46,77.88258018511532,73.31558004973971
2026-09-07 10:09:47,77.87873163013826,73.30370407048841
2026-09-07 10:09:48,77.89348181657505,73.31081477708842
2026-09-07 10:09:49,77.89516424185003,73.3000085009549
2026-09-07 10:09:50,77.88767987344985,73.29427883926867
2026-09-07 10:09:51,77.8880008769948,73.28300964811164
2026-09-07 10:09:52,77.88640747861822,73.2938524705385
2026-09-07 10:09:53,77.88657857884913,73.29473600851038
2026-09-07 10:09:54,77.87128915101594,73.29232680719964
2026-09-07 10:09:55,77.87029050699932,73.28618314848107
2026-09-07 10:09:56,77.86021191802097,73.285553187032
2026-09-07 10:09:57,77.85277748752412,73.28070142454946
2026-09-07 10:09:58,77.84115608430683,73.27987752734302
2026-09-07 10:09:59,77.84789345684261,73.27240614047547
2026-09-07 10:10:00,77.85034226884946,73.2589341748436
2026-09-07 10:10:01,77.85465699185663,73.26376078524973
2026-09-07 10:10:02,77.85188318729247,73.27162765253391
2026-09-07 10:10:03,77.84552373800727,73.27205099334363
2026-09-07 10:10:04,77.85793238390107,73.27184856194556
2026-09-07 10:10:05,77.84976858581857,73.28210745325545
2026-09-07 10:10:06,77.85376965496013,73.27964928112992
2026-09-07 10:10:07,77.84051750306486,73.26291568271067
2026-09-07 10:10:08,77.8294485078248,73.27611769177302
2026-09-07 10:10:09,77.83166512021923,73.26854848750806
2026-09-07 10:10:10,77.84017560505573,73.28158595756395
2026-09-07 10:10:11,77.83406982951988,73.28587937368866
2026-09-07 10:10:12,77.82208288678723,73.28920376271307
2026-09-07 10:10:13,77.83545229829056,73.27664236989882
2026-09-07 10:10:14,77.83593860557012,73.27099229581303
2026-09-07 10:10:15,77.83532696014858,73.27177906778289
2026-09-07 10:10:16,77.8374492252991,73.27971111241416
2026-09-07 10:10:17,77.84127525513637,73.28903210623547
2026-09-07 10:10:18,77.84877590591026,73.29882503796688
2026-09-07 10:10:19,77.84390684936845,73.30247338934302
2026-09-07 10:10:20,77.84124075968141,73.29497782194214
2026-09-07 10:10:21,77.85563294206148,73.29758317524272
2026-09-07 10:10:22,77.85603490194175,73.27884025859167
2026-09-07 10:10:23,77.85441122206473,73.28572105521177
2026-09-07 10:10:24,77.85299301064421,73.28087014223841
2026-09-07 10:10:25,77.86384773176351,73.27809842333498
2026-09-07 10:10:26,77.86147951697883,73.2772076671891
2026-09-07 10:10:27,77.85981798687645,73.28658358889255
2026-09-07 10:10:28,77.86405200776854,73.28596363755368
2026-09-07 10:10:29,77.86147853946918,73.28395860667932
2026-09-07 10:10:30,77.87391959833914,73.28123548736252
2026-09-07 10:10:31,77.8787683401762,73.26719685442461
2026-09-07 10:10:32,77.8811903919172,73.27333218958238
2026-09-07 10:10:33,77.89055589191484,73.27615731231363
2026-09-07 10:10:34,77.89485745890396,73.27903621379002
2026-09-07 10:10:35,77.90273134895799,73.29728075740675
2026-09-07 10:10:36,77.90427258758928,73.29001603694374
2026-09-07 10:10:37,77.90869414967001,73.2890352512796
2026-09-07 10:10:38,77.91344118686638,73.295950910963
2026-09-07 10:10:39,77.91463010718135,73.29203806767664
2026-09-07 10:10:40,77.91694075857959,73.2809272411716
2026-09-07 10:10:41,77.91901212277985,73.27303309330058
2026-09-07 10:10:42,77.92237423283574,73.27412321280244
2026-09-07 10:10:43,77.92085340319595,73.26341374654353
2026-09-07 10:10:44,77.92129246661005,73.25735577289264
2026-09-07 10:10:45,77.92032940462028,73.26354486753439
2026-09-07 10:10:46,77.92736709225444,73.25207079622015
2026-09-07 10:10:47,77.93427515878483,73.26420963275321
2026-09-07 10:10:48,77.94257863151157,73.26667719283158
2026-09-07 10:10:49,77.94199431651481,73.28219631911897
2026-09-07 10:10:50,77.93973013282069,73.26860195509026
2026-09-07 10:10:51,77.94046472936958,73.27115849031931
2026-09-07 10:10:52,77.93297353074259,73.26031693418936
2026-09-07 10:10:53,77.94752347317876,73.26133243942704
2026-09-07 10:10:54,77.95330008248676,73.25613328851048
2026-09-07 10:10:55,77.94230157184293,73.2545513620585
2026-09-07 10:10:56,77.95217609511906,73.2486031015251
2026-09-07 10:10:57,77.9391734621158,73.24706575753179
2026-09-07 10:10:58,77.9372037177817,73.24721526100909
2026-09-07 10:10:59,77.9296594004263,73.24445129879292
2026-09-07 10:11:00,77.92576305935474,73.25231425823493
2026-09-07 10:11:01,77.92695139544858,73.26008018606116
2026-09-07 10:11:02,77.92665880577607,73.24107382923152
2026-09-07 10:11:03,77.91245647825065,73.24584421899694
2026-09-07 10:11:04,77.91893436825589,73.25364323067191
2026-09-07 10:11:05,77.91847019493494,73.23773773131263
2026-09-07 10:11:06,77.91495592253663,73.24133939936415
2026-09-07 10:11:07,77.92510159407904,73.2382840960889
2026-09-07 10:11:08,77.92108074339795,73.23138113057065
2026-09-07 10:11:09,77.9286003511161,73.23912074116721
2026-09-07 10:11:10,77.91535416427192,73.24993600241996
2026-09-07 10:11:11,77.90871164541788,73.23683119643711
2026-09-07 10:11:12,77.89715784959118,73.23035587117654
2026-09-07 10:11:13,77.91415987713593,73.25311567193556
2026-09-07 10:11:14,77.90516275363976,73.2471303236379
2026-09-07 10:11:15,77.90639631710746,73.25083765286445
2026-09-07 10:11:16,77.9029906793367,73.23671639761224
2026-09-07 10:11:17,77.90006428957649,73.23065372383991
2026-09-07 10:11:18,77.88706613842288,73.23194144501126
2026-09-07 10:11:19,77.87645388177873,73.21647202154914
2026-09-07 10:11:20,77.88760875101109,73.22485660859276
2026-09-07 10:11:21,77.89825748881852,73.22591902068639
2026-09-07 10:11:22,77.89533214929037,73.22515525081522
2026-09-07 10:11:23,77.88544148837536,73.23176431944442
2026-09-07 10:11:24,77.88749603285906,73.22905611041013
2026-09-07 10:11:25,77.87393505099296,73.22806934979234
2026-09-07 10:11:26,77.8858963097022,73.24098782317117
2026-09-07 10:11:27,77.89237229197883,73.23785262801226
2026-09-07 10:11:28,77.89346509133524,73.2428001881179
2026-09-07 10:11:29,77.89497525623788,73.25213902987107
2026-09-07 10:11:30,77.89019901208428,73.23145550394179
2026-09-07 10:11:31,77.87258615185888,73.22333882631575
2026-09-07 10:11:32,77.8625799018017,73.22926544625872
2026-09-07 10:11:33,77.87052251024495,73.22927379825273
2026-09-07 10:11:34,77.87454158292573,73.22996712230774
2026-09-07 10:11:35,77.87589766208139,73.22576911693092
2026-09-07 10:11:36,77.8730333367293,73.23638252347256
2026-09-07 10:11:37,77.87115964738969,73.23602249799086
2026-09-07 10:11:38,77.8799687146606,73.24479749454547
2026-09-07 10:11:39,77.8771956812834,73.24705916251854
2026-09-07 10:11:40,77.86989943879875,73.24824104389423
2026-09-07 10:11:41,77.87228917958696,73.2482322735222
2026-09-07 10:11:42,77.87356492719638,73.25148919303075
2026-09-07 10:11:43,77.85517177784203,73.24414072931012
2026-09-07 10:11:44,77.8558138007282,73.23975616922534
2026-09-07 10:11:45,77.8488564216185,73.23764031104588
2026-09-07 10:11:46,77.86068294332036,73.23560670024796
2026-09-07 10:11:47,77.85602333494327,73.23132810919024
2026-09-07 10:11:48,77.84742623963653,73.23565515027033
2026-09-07 10:11:49,77.84032156974666,73.2437833741845
2026-09-07 10:11:50,77.84704515589343,73.24889840720884
2026-09-07 10:11:51,77.8547146776906,73.24813808071411
2026-09-07 10:11:52,77.84196209121896,73.24756655810899
2026-09-07 10:11:53,77.84671367815166,73.23378606910052
2026-09-07 10:11:54,77.83788325431225,73.24356038674938
2026-09-07 10:11:55,77.84117119676696,73.25558198082737
2026-09-07 10:11:56,77.84613190428945,73.25617923075262
2026-09-07 10:11:57,77.84935413213869,73.26376088317623
2026-09-07 10:11:58,77.84923695362795,73.26189167101425
2026-09-07 10:11:59,77.85162078980909,73.25908259872423
2026-09-07 10:12:00,77.86932827661755,73.25225007640898
2026-09-07 10:12:01,77.8583383174593,73.2407207113356
2026-09-07 10:12:02,77.86608304637524,73.23710946537214
2026-09-07 10:12:03,77.86733591339744,73.23519616274017
2026-09-07 10:12:04,77.8694587361026,73.22224883789357
2026-09-07 10:12:05,77.87017806788516,73.21713033286989
2026-09-07 10:12:06,77.87821622958057,73.22268221811436
2026-09-07 10:12:07,77.86908875725217,73.21405516864152
2026-09-07 10:12:08,77.87334486017772,73.22472377365135
2026-09-07 10:12:09,77.87905927954351,73.22336557123931
2026-09-07 10:12:10,77.88729604931588,73.2023319267682
2026-09-07 10:12:11,77.88346311056492,73.19363571088014
2026-09-07 10:12:12,77.87600274022945,73.19866593379078
2026-09-07 10:12:13,77.8781302604616,73.20120217984578
2026-09-07 10:12:14,77.87725541962615,73.20673837548757
2026-09-07 10:12:15,77.88309369914941,73.2016290156164
2026-09-07 10:12:16,77.89005420079768,73.1933497336506
2026-09-07 10:12:17,77.90308091943892,73.18172549159392
2026-09-07 10:12:18,77.90107336010777,73.17206803952959
2026-09-07 10:12:19,77.90145969956347,73.18381466190591
2026-09-07 10:12:20,77.89604308168474,73.19967321844598
2026-09-07 10:12:21,77.90651112517855,73.20311678433194
2026-09-07 10:12:22,77.90228291254812,73.21118989872029
2026-09-07 10:12:23,77.8813640289569,73.20436567993742
2026-09-07 10:12:24,77.88852925556706,73.20401480641132
2026-09-07 10:12:25,77.90690229556701,73.19798255437362
2026-09-07 10:12:26,77.89720847222733,73.19606243767716
2026-09-07 10:12:27,77.90156888421556,73.2112959468367
2026-09-07 10:12:28,77.88869454699571,73.21270772447679
2026-09-07 10:12:29,77.8980981627431,73.20669275920166
2026-09-07 10:12:30,77.89483975294688,73.19585916233129
2026-09-07 10:12:31,77.90058924970106,73.20327744408664
2026-09-07 10:12:32,77.90503905914862,73.20547951605137
2026-09-07 10:12:33,77.91244710755664,73.20439236818694
2026-09-07 10:12:34,77.91783454569529,73.21171261038317
2026-09-07 10:12:35,77.9275326420372,73.21630398850816
2026-09-07 10:12:36,77.92825829894862,73.22263599489862
2026-09-07 10:12:37,77.91691790151319,73.2068739930105
2026-09-07 10:12:38,77.92896606205484,73.20810837976666
2026-09-07 10:12:39,77.9212941077307,73.20291129436156
2026-09-07 10:12:40,77.92028901344112,73.2035578130399
2026-09-07 10:12:41,77.91474552981344,73.21247150103781
2026-09-07 10:12:42,77.90225005442186,73.23758121940601
2026-09-07 10:12:43,77.89433505444134,73.25247330985246
2026-09-07 10:12:44,77.89937719003349,73.23739302705788
2026-09-07 10:12:45,77.8904135974846,73.23793761048319
2026-09-07 10:12:46,77.89252990144615,73.23413785523665
2026-09-07 10:12:47,77.89272384981675,73.23559246363412
2026-09-07 10:12:48,77.88435147523572,73.23613490362706
2026-09-07 10:12:49,77.90130435546571,73.23034064806346
2026-09-07 10:12:50,77.89388847714571,73.23629566320133
2026-09-07 10:12:51,77.9039709009385,73.24565416121372
2026-09-07 10:12:52,77.89937935403606,73.2449909807849
2026-09-07 10:12:53,77.90098910381138,73.2431084166437
2026-09-07 10:12:54,77.9040581163338,73.2528365013638
2026-09-07 10:12:55,77.9082259553388,73.25274193620889
2026-09-07 10:12:56,77.90682641659299,73.26881569528307
2026-09-07 10:12:57,77.89777641292872,73.28682128286643
2026-09-07 10:12:58,77.90336103062364,73.28761668761382
2026-09-07 10:12:59,77.89792381291818,73.30411686538483
2026-09-07 10:13:00,77.90707048161246,73.31230941050329
2026-09-07 10:13:01,77.92270537502513,73.2961650393705
2026-09-07 10:13:02,77.92355259018026,73.29340107257595
2026-09-07 10:13:03,77.91822748708081,73.29407995047967
2026-09-07 10:13:04,77.92233157059377,73.29880718357138
2026-09-07 10:13:05,77.92139803960575,73.28690686041006
2026-09-07 10:13:06,77.92567037403266,73.29238246662399
2026-09-07 10:13:07,77.94161796297317,73.30078545320937
2026-09-07 10:13:08,77.9418422396374,73.29045732163878
2026-09-07 10:13:09,77.962319991513,73.28438011099877
2026-09-07 10:13:10,77.96389245408223,73.2911205673326
2026-09-07 10:13:11,77.96776221137314,73.3031089926636
2026-09-07 10:13:12,77.96012761992655,73.296901705875
2026-09-07 10:13:13,77.96153504536997,73.28580800377924
2026-09-07 10:13:14,77.95704783302412,73.29827874004735
2026-09-07 10:13:15,77.95936630949791,73.29736024917081
2026-09-07 10:13:16,77.95519544412186,73.29779490998648
2026-09-07 10:13:17,77.95504849118167,73.28808642022575
2026-09-07 10:13:18,77.96106771138956,73.27655562082128
2026-09-07 10:13:19,77.97079187820592,73.27350627366319
2026-09-07 10:13:20,77.95374351694959,73.25952190614986
2026-09-07 10:13:21,77.95601305641696,73.25168601403001
2026-09-07 10:13:22,77.96972491521112,73.26415583268293
2026-09-07 10:13:23,77.98566487864676,73.27221956510284
2026-09-07 10:13:24,77.9959371990739,73.26675362781549
2026-09-07 10:13:25,78.00584691953667,73.26281005102712
2026-09-07 10:13:26,78.00557752387945,73.25052038273436
2026-09-07 10:13:27,78.00611115590745,73.25416411877683
2026-09-07 10:13:28,78.00574533997036,73.2441674525886
2026-09-07 10:13:29,78.01267154741369,73.25241347380197
2026-09-07 10:13:30,78.01211166755697,73.25950459346221
2026-09-07 10:13:31,78.01966422009828,73.25060847971822
2026-09-07 10:13:32,78.01950292361701,73.23378502144911
2026-09-07 10:13:33,78.01178469514407,73.23765876630125
2026-09-07 10:13:34,78.0052427824138,73.24121162800331
2026-09-07 10:13:35,78.00807766112,73.22255361994223
2026-09-07 10:13:36,78.0044997173303,73.23629257614779
2026-09-07 10:13:37,78.0047068052969,73.23741281464781
2026-09-07 10:13:38,77.99946996552791,73.2229068740815
2026-09-07 10:13:39,77.98751909314495,73.24895234539089
2026-09-07 10:13:40,77.98621981125801,73.24106925864372
2026-09-07 10:13:41,77.98716042264992,73.22351523713995
2026-09-07 10:13:42,77.99786768959576,73.23903726079226
2026-09-07 10:13:43,77.99226339088511,73.24196624336933
2026-09-07 10:13:44,77.98552727072396,73.24974655341626
2026-09-07 10:13:45,77.97924262804295,73.24844779919727
2026-09-07 10:13:46,77.98926514781984,73.25320218406024
2026-09-07 10:13:47,77.98688318812556,73.23941738947885
2026-09-07 10:13:48,77.97487727265039,73.25033140180686
2026-09-07 10:13:49,77.97887139189126,73.25085207405785
2026-09-07 10:13:50,77.98851875125396,73.25218509073486
2026-09-07 10:13:51,77.98308739473283,73.2512354297263
2026-09-07 10:13:52,77.98244771199951,73.25111125013049
2026-09-07 10:13:53,78.00151217774888,73.25638100862628
2026-09-07 10:13:54,78.00369326996852,73.25410145725837
2026-09-07 10:13:55,77.99861391629996,73.24507462248782
2026-09-07 10:13:56,77.98440057207196,73.2408918628442
2026-09-07 10:13:57,77.97293149483795,73.22405234568264
2026-09-07 10:13:58,77.96587318000385,73.20561588150773
2026-09-07 10:13:59,77.97643619829452,73.21694726423299
2026-09-07 10:14:00,77.96915503539894,73.23556946681099
2026-09-07 10:14:01,77.97428208130765,73.21260069390769
2026-09-07 10:14:02,77.9745341180901,73.20351907791164
2026-09-07 10:14:03,77.96134237023395,73.20114704407126
2026-09-07 10:14:04,77.97022411558633,73.20519290717016
2026-09-07 10:14:05,77.95917061536018,73.1991669621999
2026-09-07 10:14:06,77.95347090423394,73.20959581568137
2026-09-07 10:14:07,77.95281483473566,73.20068306014399
2026-09-07 10:14:08,77.94594048482705,73.18274624539954
2026-09-07 10:14:09,77.93958052212562,73.19090386437365
2026-09-07 10:14:10,77.92507646798055,73.19265920536735
2026-09-07 10:14:11,77.92429251999374,73.20009056487733
2026-09-07 10:14:12,77.91563401668161,73.20838172122073
2026-09-07 10:14:13,77.92757888967128,73.22924893853283
2026-09-07 10:14:14,77.9152222473426,73.22896776423181
2026-09-07 10:14:15,77.91369240099334,73.23009033310265
2026-09-07 10:14:16,77.90621655121654,73.23791706254602
2026-09-07 10:14:17,77.92421482750463,73.25165349722472
2026-09-07 10:14:18,77.91698929183613,73.24638759580273
2026-09-07 10:14:19,77.92263717362397,73.24762303372172
2026-09-07 10:14:20,77.91687596758428,73.25890704629508
2026-09-07 10:14:21,77.9209110780994,73.26825447241924
2026-09-07 10:14:22,77.91963342696981,73.27993536858882
2026-09-07 10:14:23,77.91613778506387,73.26972565011339
2026-09-07 10:14:24,77.91614872912078,73.25697350070041
2026-09-07 10:14:25,77.92580234185502,73.26367036935218
2026-09-07 10:14:26,77.91299306052609,73.2652338439235
2026-09-07 10:14:27,77.91954820617876,73.26195940175381
2026-09-07 10:14:28,77.92279162071956,73.25661859173681
2026-09-07 10:14:29,77.92232007091721,73.25584100760787
2026-09-07 10:14:30,77.92608134317912,73.24699466505434
2026-09-07 10:14:31,77.91748703450358,73.25000579321218
2026-09-07 10:14:32,77.91364964735105,73.25474905558988
2026-09-07 10:14:33,77.90984259003193,73.24275994215063
2026-09-07 10:14:34,77.91555108215596,73.2451921971715
2026-09-07 10:14:35,77.92120874227494,73.24209156562345
2026-09-07 10:14:36,77.91850458103944,73.2536415909171
2026-09-07 10:14:37,77.90559090957868,73.26955078664939
2026-09-07 10:14:38,77.90957880613342,73.26902890411054
2026-09-07 10:14:39,77.91031169311196,73.27455241808944
2026-09-07 10:14:40,77.90444763838757,73.27709167121562
2026-09-07 10:14:41,77.89717973052885,73.26018238606687
2026-09-07 10:14:42,77.89876265453667,73.26109408840925
2026-09-07 10:14:43,77.90376996772301,73.2661876480871
2026-09-07 10:14:44,77.90917928427557,73.27342448869443
2026-09-07 10:14:45,77.90112965802189,73.28455909726084
2026-09-07 10:14:46,77.92170351324613,73.2793759348889
2026-09-07 10:14:47,77.91208498317967,73.28565496425058
2026-09-07 10:14:48,77.91915039699232,73.29491889250032
2026-09-07 10:14:49,77.93096286748255,73.28222399648412
2026-09-07 10:14:50,77.93389179198932,73.28646833906713
2026-09-07 10:14:51,77.94351839008728,73.27829911249263
2026-09-07 10:14:52,77.94374039882896,73.27489907985185
2026-09-07 10:14:53,77.94253239110083,73.27356694727318
2026-09-07 10:14:54,77.94140522907685,73.25737241899695
2026-09-07 10:14:55,77.94115217205345,73.25799370839657
2026-09-07 10:14:56,77.9382269314464,73.22549847126425
2026-09-07 10:14:57,77.93293118919951,73.21951115962912
2026-09-07 10:14:58,77.92628833095576,73.23418378556771
2026-09-07 10:14:59,77.93342193309914,73.23248201753968
2026-09-07 10:15:00,77.93806985891194,73.26264420506244
2026-09-07 10:15:01,77.93065913694997,73.26698169917691
2026-09-07 10:15:02,77.92608829378233,73.28059623769221
2026-09-07 10:15:03,77.93462654765285,73.27946775542253
2026-09-07 10:15:04,77.93935990193596,73.2721677163091
2026-09-07 10:15:05,77.92723323465303,73.2799000654632
2026-09-07 10:15:06,77.93982305954725,73.27710975711123
2026-09-07 10:15:07,77.93580983978448,73.26068154782168
2026-09-07 10:15:08,77.95232544166441,73.24968387490242
2026-09-07 10:15:09,77.94491137636852,73.24789935415855
2026-09-07 10:15:10,77.95424213683702,73.24839094108229
2026-09-07 10:15:11,77.95411787831999,73.248580662066
2026-09-07 10:15:12,77.96065617086651,73.24824217229954
2026-09-07 10:15:13,77.96189322418412,73.24756770520925
2026-09-07 10:15:14,77.9533870489733,73.25989026617306
2026-09-07 10:15:15,77.94808433218064,73.24780153991222
2026-09-07 10:15:16,77.9447521999771,73.24809747722506
2026-09-07 10:15:17,77.95106926760835,73.23461920612684
2026-09-07 10:15:18,77.9413547661732,73.2362516850715
2026-09-07 10:15:19,77.94431541715015,73.22619537341647
2026-09-07 10:15:20,77.93563037290482,73.22780211456131
2026-09-07 10:15:21,77.9345463692574,73.21297241989527
2026-09-07 10:15:22,77.92783576212538,73.22657862311696
2026-09-07 10:15:23,77.91972916061117,73.23620195713069
2026-09-07 10:15:24,77.90799589374744,73.24982044376064
2026-09-07 10:15:25,77.92030455323119,73.24400749706955
2026-09-07 10:15:26,77.91509227235834,73.24977520326092
2026-09-07 10:15:27,77.90559353287291,73.25483027209982
2026-09-07 10:15:28,77.91495918969606,73.25724359054735
2026-09-07 10:15:29,77.91746181665269,73.25579734200971
2026-09-07 10:15:30,77.92517481428717,73.24828543856131
2026-09-07 10:15:31,77.93740204160997,73.24806889304679
2026-09-07 10:15:32,77.93491721711474,73.23309229190626
2026-09-07 10:15:33,77.93155277062205,73.23526535405593
2026-09-07 10:15:34,77.94111324373561,73.22047304014197
2026-09-07 10:15:35,77.94015396685694,73.21418241739268
2026-09-07 10:15:36,77.93097765570533,73.2142234600275
2026-09-07 10:15:37,77.92516475534939,73.22220391984757
2026-09-07 10:15:38,77.90450122652366,73.2289609677076
2026-09-07 10:15:39,77.88991734553693,73.21108800578013
2026-09-07 10:15:40,77.89391643036812,73.20798242437743
2026-09-07 10:15:41,77.8949120486753,73.1991224251153
2026-09-07 10:15:42,77.88687598919353,73.19237791591019
2026-09-07 10:15:43,77.88645993599835,73.18467657095897
2026-09-07 10:15:44,77.88325216889639,73.17679680160418
2026-09-07 10:15:45,77.88505093742603,73.16637609414164
2026-09-07 10:15:46,77.86911066413315,73.14233702280232
2026-09-07 10:15:47,77.86896916053927,73.14321289274602
2026-09-07 10:15:48,77.87634300988685,73.13642950979143
2026-09-07 10:15:49,77.86761584214885,73.12278435651837
2026-09-07 10:15:50,77.87343203458394,73.11706509427167
2026-09-07 10:15:51,77.88099686004735,73.1163402233221
2026-09-07 10:15:52,77.8788970044122,73.09931571049185
2026-09-07 10:15:53,77.8737171715219,73.10653524191245
2026-09-07 10:15:54,77.8690520420659,73.11273774319206
2026-09-07 10:15:55,77.8564599951304,73.12202759616305
2026-09-07 10:15:56,77.87778683287672,73.13223632562047
2026-09-07 10:15:57,77.88025074246751,73.12094187201868
2026-09-07 10:15:58,77.87621726496648,73.11494670632217
2026-09-07 10:15:59,77.87764327376543,73.096473935956
2026-09-07 10:16:00,77.87103051907137,73.10371494269168
2026-09-07 10:16:01,77.872156360052,73.1105058421712
2026-09-07 10:16:02,77.87869730774416,73.10003579351171
2026-09-07 10:16:03,77.86838658307111,73.1042827872295
2026-09-07 10:16:04,77.86864717953523,73.1050054347847
2026-09-07 10:16:05,77.8624206727899,73.11432452782813
2026-09-07 10:16:06,77.86622365921704,73.12476422036399
2026-09-07 10:16:07,77.86351720415361,73.13109975765813
2026-09-07 10:16:08,77.86306643427166,73.12249207589794
2026-09-07 10:16:09,77.86245409111758,73.10734474538494
2026-09-07 10:16:10,77.86108100044531,73.10897320631156
2026-09-07 10:16:11,77.86639977308586,73.09934049739182
2026-09-07 10:16:12,77.8562373220925,73.09265979614072
2026-09-07 10:16:13,77.84038696925845,73.0866818694648
2026-09-07 10:16:14,77.86041111589041,73.08800039948476
2026-09-07 10:16:15,77.8546028169313,73.0817803361515
2026-09-07 10:16:16,77.86813536736815,73.07112991666743
2026-09-07 10:16:17,77.86726363355825,73.07040864370914
2026-09-07 10:16:18,77.86165144501523,73.06383332601119
2026-09-07 10:16:19,77.84880692010235,73.05615492868739
2026-09-07 10:16:20,77.85875175282422,73.06909801034463
2026-09-07 10:16:21,77.85659597767494,73.07553126670553
2026-09-07 10:16:22,77.8601171037297,73.07653583572937
2026-09-07 10:16:23,77.85907271892206,73.0876438217642
2026-09-07 10:16:24,77.86342591825648,73.08557772823102
2026-09-07 10:16:25,77.86163662008732,73.09411741964614
2026-09-07 10:16:26,77.85709486402305,73.08755575338907
2026-09-07 10:16:27,77.85499420749879,73.08300057427132
2026-09-07 10:16:28,77.86465649501638,73.08625951189468
2026-09-07 10:16:29,77.86398582749179,73.08144095126748
2026-09-07 10:16:30,77.87481013804073,73.08546775149647
2026-09-07 10:16:31,77.89074830724608,73.09377963126815
2026-09-07 10:16:32,77.88910351728202,73.08876171690257
2026-09-07 10:16:33,77.88692681316729,73.09042177877379
2026-09-07 10:16:34,77.89297884768398,73.09486503857305
2026-09-07 10:16:35,77.90499689151514,73.08096956165338
2026-09-07 10:16:36,77.90521456417716,73.06799637006247
2026-09-07 10:16:37,77.897336692153,73.06249877961892
2026-09-07 10:16:38,77.8923558318653,73.05363773311488
2026-09-07 10:16:39,77.88073021247509,73.06403195960193
2026-09-07 10:16:40,77.87827869857229,73.07285116124807
2026-09-07 10:16:41,77.86982400667563,73.05165153950881
2026-09-07 10:16:42,77.86527341991885,73.05969008198191
2026-09-07 10:16:43,77.86099824149065,73.06330171239196
2026-09-07 10:16:44,77.85276101281794,73.07602071151248
2026-09-07 10:16:45,77.85606892457204,73.0856181294178
2026-09-07 10:16:46,77.85394238192559,73.09731590959606
2026-09-07 10:16:47,77.85449266009887,73.09284837712215
2026-09-07 10:16:48,77.84959619204345,73.09334837250508
2026-09-07 10:16:49,77.84264604416246,73.08243784845638
2026-09-07 10:16:50,77.84363839722906,73.0889258382937
2026-09-07 10:16:51,77.84141104987883,73.09660591142085
2026-09-07 10:16:52,77.853532552262,73.08502598370336
2026-09-07 10:16:53,77.85549662364117,73.07621644748775
2026-09-07 10:16:54,77.8505685498842,73.07783744516175
2026-09-07 10:16:55,77.83243321855352,73.08336708542355
2026-09-07 10:16:56,77.83884514283028,73.08831761733637
2026-09-07 10:16:57,77.84379754078289,73.10488542399008
2026-09-07 10:16:58,77.84099832599249,73.11487441566311
2026-09-07 10:16:59,77.85205760330348,73.11935746002703
2026-09-07 10:17:00,77.83841250571824,73.11791781653999
2026-09-07 10:17:01,77.83616651818544,73.10311059822614
2026-09-07 10:17:02,77.83570185496448,73.11001448282894
2026-09-07 10:17:03,77.8337215218895,73.10834483023116
2026-09-07 10:17:04,77.84494984790547,73.10272237309542
2026-09-07 10:17:05,77.83773587494434,73.10307573238428
2026-09-07 10:17:06,77.84630480395202,73.10849189056586
2026-09-07 10:17:07,77.84685513540416,73.1039821232597
2026-09-07 10:17:08,77.85627846555846,73.1120640257358
2026-09-07 10:17:09,77.84301518485839,73.1150960990214
2026-09-07 10:17:10,77.82462860730921,73.128763137757
2026-09-07 10:17:11,77.82930261419733,73.12300323845419
2026-09-07 10:17:12,77.81943300668112,73.12024562244672
2026-09-07 10:17:13,77.80604466017128,73.12540005761389
2026-09-07 10:17:14,77.80213610477605,73.10922202719514
2026-09-07 10:17:15,77.80197165405274,73.12002554684409
2026-09-07 10:17:16,77.79226087384481,73.11676851053032
2026-09-07 10:17:17,77.80612568538142,73.1184475504582
2026-09-07 10:17:18,77.80187822221289,73.12016657085931
2026-09-07 10:17:19,77.80782969694137,73.11097996978063
2026-09-07 10:17:20,77.80707299180774,73.09605239808673
2026-09-07 10:17:21,77.79496340215066,73.08198274892789
2026-09-07 10:17:22,77.80140414316143,73.0848040137751
2026-09-07 10:17:23,77.80699223377468,73.09590309069027
2026-09-07 10:17:24,77.80733970316444,73.09804598121885
2026-09-07 10:17:25,77.81043074565692,73.10230708053759
2026-09-07 10:17:26,77.80229705858181,73.09979367478437
2026-09-07 10:17:27,77.80113101100176,73.10010869228891
2026-09-07 10:17:28,77.79539562838796,73.09887831105277
2026-09-07 10:17:29,77.7975806003964,73.10056925837493
2026-09-07 10:17:30,77.80207684881059,73.10806189603908
2026-09-07 10:17:31,77.8063258700742,73.11687131662431
2026-09-07 10:17:32,77.81274094825035,73.12959116661696
2026-09-07 10:17:33,77.81753357998835,73.12392208097987
2026-09-07 10:17:34,77.8353098102387,73.13421966768634
2026-09-07 10:17:35,77.84484864694893,73.140879526239
2026-09-07 10:17:36,77.84520940739272,73.13041643066444
2026-09-07 10:17:37,77.84854446643875,73.12716314140032
2026-09-07 10:17:38,77.84547940307782,73.1076353326494
2026-09-07 10:17:39,77.85731344558643,73.09695766344167
2026-09-07 10:17:40,77.84890162619952,73.10120092371633
2026-09-07 10:17:41,77.85323223845903,73.09395237407176
2026-09-07 10:17:42,77.85316853482678,73.09625128186315
2026-09-07 10:17:43,77.8543605634828,73.1010593536422
2026-09-07 10:17:44,77.86028218860092,73.09769410383403
2026-09-07 10:17:45,77.8478844252438,73.11744652787334
2026-09-07 10:17:46,77.84493624158044,73.10838475328184
2026-09-07 10:17:47,77.850667829042,73.11372855183002
2026-09-07 10:17:48,77.84594356563684,73.13520022207929
2026-09-07 10:17:49,77.82795947771265,73.14689411007478
2026-09-07 10:17:50,77.82765971660146,73.14971338011122
2026-09-07 10:17:51,77.83008759246445,73.14758237122494
2026-09-07 10:17:52,77.8325166761576,73.13566657534686
2026-09-07 10:17:53,77.82946496336292,73.15255966650864
2026-09-07 10:17:54,77.80974947241155,73.16381282514908
2026-09-07 10:17:55,77.79266846872446,73.15600787112577
2026-09-07 10:17:56,77.79937640476054,73.1522623855494
2026-09-07 10:17:57,77.79494966839908,73.13853454197499
2026-09-07 10:17:58,77.7940217777189,73.13689891026591
2026-09-07 10:17:59,77.78912656573412,73.12261295761267
2026-09-07 10:18:00,77.79030763826985,73.12643683221789
2026-09-07 10:18:01,77.79901302591786,73.1311341934631
2026-09-07 10:18:02,77.81062942063244,73.14208030896393
2026-09-07 10:18:03,77.78903678181742,73.15729653403638
2026-09-07 10:18:04,77.78822783381182,73.14770214516187
2026-09-07 10:18:05,77.7915292049475,73.15646833181775
2026-09-07 10:18:06,77.77968535294032,73.14516856802072
2026-09-07 10:18:07,77.78493654118974,73.1400948908906
2026-09-07 10:18:08,77.79607764766986,73.14206923372498
2026-09-07 10:18:09,77.79186185519046,73.12991100976298
2026-09-07 10:18:10,77.79643052717172,73.1141648498295
2026-09-07 10:18:11,77.78645882539851,73.10216533411041
2026-09-07 10:18:12,77.7994692607856,73.11774603242846
2026-09-07 10:18:13,77.79776724451874,73.11423253560442
2026-09-07 10:18:14,77.80311553262723,73.12560845621752
2026-09-07 10:18:15,77.79693165694978,73.14573624065935
2026-09-07 10:18:16,77.79534138919954,73.1560808920203
2026-09-07 10:18:17,77.77726999366713,73.1555915547132
2026-09-07 10:18:18,77.77193160089745,73.17374481157172
2026-09-07 10:18:19,77.77028243290117,73.16207547382012
2026-09-07 10:18:20,77.78518537455498,73.1557945769808
2026-09-07 10:18:21,77.78515155473056,73.1443420188384
2026-09-07 10:18:22,77.79032726634682,73.14609235080685
2026-09-07 10:18:23,77.7881081507602,73.14240153834116
2026-09-07 10:18:24,77.78373434727338,73.13580921129592
2026-09-07 10:18:25,77.77296256143723,73.1468287943993
2026-09-07 10:18:26,77.77978441259978,73.13409270199205
2026-09-07 10:18:27,77.77086908781781,73.13781015251017
2026-09-07 10:18:28,77.78817760983482,73.13592548222559
2026-09-07 10:18:29,77.78576809962874,73.13361166331654
2026-09-07 10:18:30,77.78766613491557,73.13199679233848
2026-09-07 10:18:31,77.79594637750402,73.1409758799764
2026-09-07 10:18:32,77.80016137238678,73.15537686221236
2026-09-07 10:18:33,77.79838235867676,73.15032542521978
2026-09-07 10:18:34,77.82115639313803,73.13264153050142
2026-09-07 10:18:35,77.8092133608226,73.1110791756468
2026-09-07 10:18:36,77.81193981498028,73.10129088609466
2026-09-07 10:18:37,77.82005252033778,73.08209355197242
2026-09-07 10:18:38,77.81899314600236,73.07850154440474
2026-09-07 10:18:39,77.8107193010291,73.08871000690988
2026-09-07 10:18:40,77.80765741780085,73.09281442281392
2026-09-07 10:18:41,77.80361356511918,73.09417797092175
2026-09-07 10:18:42,77.80017837790348,73.09484311726551
2026-09-07 10:18:43,77.79940715756966,73.08860350288285
2026-09-07 10:18:44,77.80274347798073,73.08689942130367
2026-09-07 10:18:45,77.79531554001794,73.07729029217347
2026-09-07 10:18:46,77.79869280358577,73.08943242532554
2026-09-07 10:18:47,77.7886543668052,73.08559889501605
2026-09-07 10:18:48,77.7920941666568,73.09511778095411
2026-09-07 10:18:49,77.79753208502305,73.0842757503701
2026-09-07 10:18:50,77.79780257465237,73.0924849760097
2026-09-07 10:18:51,77.79962753394757,73.0904136773448
2026-09-07 10:18:52,77.79057007639788,73.09191478789216
2026-09-07 10:18:53,77.79006729497816,73.09219646499236
2026-09-07 10:18:54,77.80155616449684,73.10304406333668
2026-09-07 10:18:55,77.79547761338516,73.10515178599198
2026-09-07 10:18:56,77.79309300779987,73.10604732197464
2026-09-07 10:18:57,77.80558195166111,73.11441376210125
2026-09-07 10:18:58,77.80588781614411,73.10838692620622
2026-09-07 10:18:59,77.80463488345603,73.11170390890231
2026-09-07 10:19:00,77.80081020001121,73.12177178674983
2026-09-07 10:19:01,77.80096256750082,73.1109504161577
2026-09-07 10:19:02,77.81661174426968,73.08441571382626
2026-09-07 10:19:03,77.81454228881802,73.08330046311332
2026-09-07 10:19:04,77.82210608652849,73.09347764148818
2026-09-07 10:19:05,77.83325994372169,73.10773473555231
2026-09-07 10:19:06,77.83568506358988,73.10876287210186
2026-09-07 10:19:07,77.84347172109942,73.10851713801235
2026-09-07 10:19:08,77.83381440762075,73.10435159089846
2026-09-07 10:19:09,77.838884145548,73.10993352357598
2026-09-07 10:19:10,77.83041238518203,73.12087885403508
2026-09-07 10:19:11,77.8327769731107,73.10712740161722
2026-09-07 10:19:12,77.83635017193124,73.11632197682378
2026-09-07 10:19:13,77.84042498606824,73.11347174135676
2026-09-07 10:19:14,77.83428565782089,73.1237209512602
2026-09-07 10:19:15,77.83601105205582,73.12365878655748
2026-09-07 10:19:16,77.83294686181637,73.11420507503222
2026-09-07 10:19:17,77.81858348691335,73.11104888597023
2026-09-07 10:19:18,77.82706542507141,73.1180213625083
2026-09-07 10:19:19,77.82184177752279,73.1319838055008
2026-09-07 10:19:20,77.82009171271469,73.12276680570115
2026-09-07 10:19:21,77.82757705914449,73.13542672970281
2026-09-07 10:19:22,77.82459151131343,73.12424261273037
2026-09-07 10:19:23,77.82409586975865,73.10201729362534
2026-09-07 10:19:24,77.82449928901292,73.11594800884993
2026-09-07 10:19:25,77.82659106734656,73.10923282721495
2026-09-07 10:19:26,77.8320145766596,73.10470955701851
2026-09-07 10:19:27,77.84170606798988,73.10142485182435
2026-09-07 10:19:28,77.85731309306026,73.0982062138479
2026-09-07 10:19:29,77.8587746692728,73.08961400305081
2026-09-07 10:19:30,77.84897854857157,73.09275793833055
2026-09-07 10:19:31,77.85166210140373,73.08386393432085
2026-09-07 10:19:32,77.85595199140143,73.08008534417708
2026-09-07 10:19:33,77.85171903274089,73.07941944262544
2026-09-07 10:19:34,77.85473504414885,73.08605591986192
2026-09-07 10:19:35,77.86420071107389,73.08953675764272
2026-09-07 10:19:36,77.8586268382868,73.08326901501205
2026-09-07 10:19:37,77.86145414020424,73.0723336497905
2026-09-07 10:19:38,77.86014388824377,73.06881842253188
2026-09-07 10:19:39,77.85938597327635,73.07047115780054
2026-09-07 10:19:40,77.86735176394035,73.08544072153313
2026-09-07 10:19:41,77.87411721680223,73.09466765323069
2026-09-07 10:19:42,77.86592974112163,73.10413859112015
2026-09-07 10:19:43,77.87584982479744,73.0917539555313
2026-09-07 10:19:44,77.89519130633991,73.08657101848814
2026-09-07 10:19:45,77.87694833590818,73.10270247889451
2026-09-07 10:19:46,77.87743567981362,73.09537127691941
2026-09-07 10:19:47,77.8730479373115,73.105150482417
2026-09-07 10:19:48,77.87501362619226,73.10171304769447
2026-09-07 10:19:49,77.88382241629526,73.09313601602616
2026-09-07 10:19:50,77.87731874315477,73.08799660405305
2026-09-07 10:19:51,77.87159289766626,73.09429325429022
2026-09-07 10:19:52,77.8698275117653,73.08466846841316
2026-09-07 10:19:53,77.86630742168546,73.06652776799444
2026-09-07 10:19:54,77.86757660749184,73.06744892173495
2026-09-07 10:19:55,77.87223909253669,73.06529385185684
2026-09-07 10:19:56,77.87528525823107,73.05675882954861
2026-09-07 10:19:57,77.87547399150316,73.05817046485556
2026-09-07 10:19:58,77.86617319516,73.06351627804347
2026-09-07 10:19:59,77.86726315860106,73.06397902956756
2026-09-07 10:20:00,77.86360492952852,73.08225789250717
2026-09-07 10:20:01,77.99693819857434,72.94191052943583
2026-09-07 10:20:02,78.12376941140396,72.81396945772053
2026-09-07 10:20:03,78.2554958135266,72.67342637824785
2026-09-07 10:20:04,78.38329096041348,72.54860750638227
2026-09-07 10:20:05,78.51727693718001,72.42488977628085
2026-09-07 10:20:06,78.65048251264507,72.2807591780888
2026-09-07 10:20:07,78.79044878095716,72.15032939138152
2026-09-07 10:20:08,78.91877601108749,72.01417012543882
2026-09-07 10:20:09,79.04467808821026,71.88840377624759
2026-09-07 10:20:10,79.17482075051326,71.75942701440907
2026-09-07 10:20:11,79.31013755428964,71.62372067533508
2026-09-07 10:20:12,79.44630323568592,71.48812578372991
2026-09-07 10:20:13,79.57061313094457,71.35098852313567
2026-09-07 10:20:14,79.69493903668956,71.22453525122755
2026-09-07 10:20:15,79.83323949155474,71.08585899902856
2026-09-07 10:20:16,79.83797130940481,71.08810086250362
2026-09-07 10:20:17,79.8454099570239,71.07958090593424
2026-09-07 10:20:18,79.845602653457,71.07053508050822
2026-09-07 10:20:19,79.84038009822983,71.08300393767679
2026-09-07 10:20:20,79.82503706338089,71.07465798917049
2026-09-07 10:20:21,79.82875689276766,71.08172855767234
2026-09-07 10:20:22,79.82276490761875,71.06321891562085
2026-09-07 10:20:23,79.8096425502604,71.06655122411216
2026-09-07 10:20:24,79.81805295606844,71.0748150555633
2026-09-07 10:20:25,79.81245780182516,71.08712267399208
2026-09-07 10:20:26,79.81102043642979,71.09272473883614
2026-09-07 10:20:27,79.80955648661467,71.10723099293777
2026-09-07 10:20:28,79.80560703549773,71.0876640869623
2026-09-07 10:20:29,79.8032048060271,71.0893909050524
2026-09-07 10:20:30,79.80531784311988,71.08284908067048
2026-09-07 10:20:31,79.80355053628378,71.07250601869349
2026-09-07 10:20:32,79.80176257383526,71.07328763037285
2026-09-07 10:20:33,79.80359610842044,71.08825533451113
2026-09-07 10:20:34,79.78835303560241,71.09296427934464
2026-09-07 10:20:35,79.79164696676264,71.08241991559538
2026-09-07 10:20:36,79.79218095346441,71.08235086539258
2026-09-07 10:20:37,79.78453688293317,71.08891243208498
2026-09-07 10:20:38,79.79908203265354,71.09503740676784
2026-09-07 10:20:39,79.80499675492348,71.10473985053373
2026-09-07 10:20:40,79.80400900953339,71.11359838825116
2026-09-07 10:20:41,79.79785697301365,71.11522177920308
2026-09-07 10:20:42,79.80322358183304,71.12711970148894
2026-09-07 10:20:43,79.80103001782842,71.12445438955638
2026-09-07 10:20:44,79.8045914505892,71.12372564421686
2026-09-07 10:20:45,79.80563346428725,71.13102992508752
2026-09-07 10:20:46,79.7998052594279,71.13899234860477
2026-09-07 10:20:47,79.80269158063713,71.13658415221447
2026-09-07 10:20:48,79.79316807446213,71.13085008867839
2026-09-07 10:20:49,79.79282841910732,71.1393811096651
2026-09-07 10:20:50,79.77786236934183,71.14584322293118
2026-09-07 10:20:51,79.77932377089662,71.13556733395625
2026-09-07 10:20:52,79.78583027297289,71.13916972712155
2026-09-07 10:20:53,79.7891404672439,71.13028141338646
2026-09-07 10:20:54,79.78073012553631,71.13852675750447
2026-09-07 10:20:55,79.79138572240426,71.1418402529817
2026-09-07 10:20:56,79.78991727502819,71.13774114396227
2026-09-07 10:20:57,79.7769047192832,71.14666395827304
2026-09-07 10:20:58,79.77618053276106,71.15783641606097
2026-09-07 10:20:59,79.77071236393135,71.16737273125145
2026-09-07 10:21:00,79.76529575337288,71.1726750279009
2026-09-07 10:21:01,79.77570914630968,71.16628662320109
2026-09-07 10:21:02,79.782586438729,71.16621862418548
2026-09-07 10:21:03,79.77547914239564,71.16803282554433
2026-09-07 10:21:04,79.78036339055483,71.16155742711227
2026-09-07 10:21:05,79.77834070364901,71.1564078744956
2026-09-07 10:21:06,79.77251342483,71.15450748526952
2026-09-07 10:21:07,79.77874743761971,71.15001169770045
2026-09-07 10:21:08,79.78816951748014,71.14656406024059
2026-09-07 10:21:09,79.78294671143179,71.15626337531478
2026-09-07 10:21:10,79.79357591053181,71.15036440212604
2026-09-07 10:21:11,79.7980073608882,71.13983609004514
2026-09-07 10:21:12,79.79492860402172,71.13644530055271
2026-09-07 10:21:13,79.80028303861222,71.12509331726893
2026-09-07 10:21:14,79.79641695205287,71.11886315500219
2026-09-07 10:21:15,79.79717812729233,71.10774533620841
2026-09-07 10:21:16,79.78706344451687,71.13328469681524
2026-09-07 10:21:17,79.78867248626837,71.11968141146276
2026-09-07 10:21:18,79.79496412861809,71.10779699626787
2026-09-07 10:21:19,79.78073889755099,71.12286093057611
2026-09-07 10:21:20,79.79016971136461,71.11527427681565
2026-09-07 10:21:21,79.78193360667244,71.11955049778001
2026-09-07 10:21:22,79.79725775600967,71.12496060721296
2026-09-07 10:21:23,79.80223600148842,71.11425652543515
2026-09-07 10:21:24,79.788800461146,71.1177457712907
2026-09-07 10:21:25,79.7964353521094,71.11897502161229
2026-09-07 10:21:26,79.79639458387179,71.13144867945424
2026-09-07 10:21:27,79.79005627402879,71.14133579829465
2026-09-07 10:21:28,79.7963193894118,71.13570316015462
2026-09-07 10:21:29,79.79724635934059,71.1366802078326
2026-09-07 10:21:30,79.80162444776188,71.1278712275758
2026-09-07 10:21:31,79.79987044395205,71.12867934617498
2026-09-07 10:21:32,79.80008134557876,71.12887004677707
2026-09-07 10:21:33,79.80196368824213,71.12713935011392
2026-09-07 10:21:34,79.79820377384388,71.13642867968645
2026-09-07 10:21:35,79.793363628936,71.13355460261319
2026-09-07 10:21:36,79.78673547651739,71.12323123522154
2026-09-07 10:21:37,79.79009742898236,71.12284453341209
2026-09-07 10:21:38,79.78908818012665,71.12691396574313
2026-09-07 10:21:39,79.78778743165138,71.13303173568914
2026-09-07 10:21:40,79.80136197214925,71.13616415343232
2026-09-07 10:21:41,79.79936144848878,71.15104120242857
2026-09-07 10:21:42,79.80466687013589,71.13606781964374
2026-09-07 10:21:43,79.81467119242367,71.13795979579686
2026-09-07 10:21:44,79.821071439782,71.12758345325018
2026-09-07 10:21:45,79.81469885689673,71.12175020937251
2026-09-07 10:21:46,79.81884572317234,71.1116441299318
2026-09-07 10:21:47,79.81351831506407,71.12019924144822
2026-09-07 10:21:48,79.80869017778404,71.12124641599145
2026-09-07 10:21:49,79.80194394851173,71.10596411858867
2026-09-07 10:21:50,79.80131738863423,71.10488069883199
2026-09-07 10:21:51,79.79057093506003,71.11361186627882
2026-09-07 10:21:52,79.7967148312286,71.12154558498801
2026-09-07 10:21:53,79.79288140225717,71.11125437836989
2026-09-07 10:21:54,79.7921980066213,71.1127297210473
2026-09-07 10:21:55,79.79088871413006,71.10745934646314
2026-09-07 10:21:56,79.78341889118263,71.1008557997094
2026-09-07 10:21:57,79.78278937274276,71.09647910000702
2026-09-07 10:21:58,79.79526668029045,71.09399911786397
2026-09-07 10:21:59,79.79865657257137,71.08982290340838
2026-09-07 10:22:00,79.79727549275391,71.08109255579211
2026-09-07 10:22:01,79.79364180973789,71.06767682745227
2026-09-07 10:22:02,79.77809737474286,71.07966410954369
2026-09-07 10:22:03,79.77018778939821,71.08353108043583
2026-09-07 10:22:04,79.76923781856065,71.0784356952694
2026-09-07 10:22:05,79.77466675877349,71.07345080124944
2026-09-07 10:22:06,79.77790818685936,71.07013823193117
2026-09-07 10:22:07,79.78515791852737,71.0786824315384
2026-09-07 10:22:08,79.78563930327172,71.0884739370589
2026-09-07 10:22:09,79.78940205045086,71.10238873107735
2026-09-07 10:22:10,79.78848099294474,71.08856035034856
2026-09-07 10:22:11,79.79005499964234,71.0906759980762
2026-09-07 10:22:12,79.78733005376345,71.08880843120009
2026-09-07 10:22:13,79.78530480697421,71.07759979752319
2026-09-07 10:22:14,79.79812031357346,71.07066423253848
2026-09-07 10:22:15,79.79011257606537,71.05652907886389
2026-09-07 10:22:16,79.78380380582594,71.05617159891172
2026-09-07 10:22:17,79.79481315366252,71.06150687013863
2026-09-07 10:22:18,79.78936880692417,71.05038501695941
2026-09-07 10:22:19,79.78099658329062,71.04963566832674
2026-09-07 10:22:20,79.7874655842487,71.0453318706958
2026-09-07 10:22:21,79.79941353320827,71.06256809161704
2026-09-07 10:22:22,79.80057941368095,71.04323350843849
2026-09-07 10:22:23,79.80870829960574,71.0423489442077
2026-09-07 10:22:24,79.8136784547758,71.05113903754322
2026-09-07 10:22:25,79.80614766127957,71.05169700294293
2026-09-07 10:22:26,79.80745118043413,71.04496732950236
2026-09-07 10:22:27,79.81262263874915,71.0438002982164
2026-09-07 10:22:28,79.80959153332319,71.06054894262175
2026-09-07 10:22:29,79.81082284557885,71.07510756747311
2026-09-07 10:22:30,79.80965606185471,71.08434689324329
2026-09-07 10:22:31,79.80402599200903,71.08564600434089
2026-09-07 10:22:32,79.81207292551629,71.06623743010644
2026-09-07 10:22:33,79.81606738235861,71.06379796327563
2026-09-07 10:22:34,79.8241698195277,71.06537757630323
2026-09-07 10:22:35,79.82358350234728,71.05393615450369
2026-09-07 10:22:36,79.84547982417662,71.04734191612363
2026-09-07 10:22:37,79.84304689700126,71.04087891802534
2026-09-07 10:22:38,79.84076482770332,71.04281544039671
2026-09-07 10:22:39,79.83077418200969,71.05221140880019
2026-09-07 10:22:40,79.82880191778462,71.05753949269294
2026-09-07 10:22:41,79.8130625845292,71.05286788995024
2026-09-07 10:22:42,79.8108199637012,71.04938172404991
2026-09-07 10:22:43,79.80582125683777,71.05211553929033
2026-09-07 10:22:44,79.80883213504326,71.04334588026524
2026-09-07 10:22:45,79.79418558151991,71.04982504706807
2026-09-07 10:22:46,79.79177163686195,71.05933405658908
2026-09-07 10:22:47,79.79824092948729,71.05837490006304
2026-09-07 10:22:48,79.78756429657098,71.05512964995653
2026-09-07 10:22:49,79.78211105630724,71.06617340744077
2026-09-07 10:22:50,79.76945949196943,71.07431156683465
2026-09-07 10:22:51,79.75796350972615,71.0691898347532
2026-09-07 10:22:52,79.74741383532029,71.06294436024845
2026-09-07 10:22:53,79.74409518946567,71.06622769403779
2026-09-07 10:22:54,79.7396719669933,71.07233752387725
2026-09-07 10:22:55,79.75265620329935,71.07374463355104
2026-09-07 10:22:56,79.74405102861336,71.07212958654792
2026-09-07 10:22:57,79.74325350301393,71.06888772082304
2026-09-07 10:22:58,79.75177421969998,71.07916271994327
2026-09-07 10:22:59,79.76662782062022,71.08381023503684
2026-09-07 10:23:00,79.74676379871468,71.0826055702699
2026-09-07 10:23:01,79.75170036117461,71.07538379379596
2026-09-07 10:23:02,79.74718929968313,71.08346614915106
2026-09-07 10:23:03,79.748218082698,71.07340095220864
2026-09-07 10:23:04,79.74384123625597,71.04588432872765
2026-09-07 10:23:05,79.74377423052496,71.03495377195615
2026-09-07 10:23:06,79.743337683954,71.02434041300607
2026-09-07 10:23:07,79.7363903803624,71.0197150905997
2026-09-07 10:23:08,79.75703744791011,71.00910385820659
2026-09-07 10:23:09,79.7481740824601,71.00427852699508
2026-09-07 10:23:10,79.75601285143307,71.0113699422895
2026-09-07 10:23:11,79.76113539046926,71.00845463902213
2026-09-07 10:23:12,79.76203742483055,71.00156084033198
2026-09-07 10:23:13,79.76063619411555,70.99434345201809
2026-09-07 10:23:14,79.74977908317354,70.98546296219892
2026-09-07 10:23:15,79.76406411654602,70.9889729008311
2026-09-07 10:23:16,79.75842749965292,70.98796758264626
2026-09-07 10:23:17,79.75501783596941,70.99879663615215
2026-09-07 10:23:18,79.75475096748247,70.99310653905998
2026-09-07 10:23:19,79.75974578170361,70.99592237642555
2026-09-07 10:23:20,79.7546082087035,70.98901153263648
2026-09-07 10:23:21,79.75559975612217,70.97439772287026
2026-09-07 10:23:22,79.74874589154136,70.98336159344191
2026-09-07 10:23:23,79.75510329080804,70.9932561300347
2026-09-07 10:23:24,79.7517375761676,70.9879171423315
2026-09-07 10:23:25,79.74965153421851,70.98361476646716
2026-09-07 10:23:26,79.75909634507576,70.98159954152426
2026-09-07 10:23:27,79.76908821915784,70.97524425456574
2026-09-07 10:23:28,79.77181622386261,70.98964982172924
2026-09-07 10:23:29,79.766229656717,70.98380062204649
2026-09-07 10:23:30,79.76170768306234,70.96940756973916
2026-09-07 10:23:31,79.75942583441594,70.96363720201448
2026-09-07 10:23:32,79.77573233439814,70.95934557152083
2026-09-07 10:23:33,79.75978904555929,70.96771192757933
2026-09-07 10:23:34,79.76678290581565,70.96736979767134
2026-09-07 10:23:35,79.76884095567432,70.97371392122858
2026-09-07 10:23:36,79.76459505921439,70.97404261514919
2026-09-07 10:23:37,79.76558188208048,70.98876162645452
2026-09-07 10:23:38,79.77599021645698,70.99022554289697
2026-09-07 10:23:39,79.76595565109808,70.99805571991207
2026-09-07 10:23:40,79.76547654303899,71.0084228710196
2026-09-07 10:23:41,79.7657894439565,71.01000087741083
2026-09-07 10:23:42,79.7705791632376,71.00345346288496
2026-09-07 10:23:43,79.76559911193999,71.02385381544926
2026-09-07 10:23:44,79.7590870543454,71.03212998084146
2026-09-07 10:23:45,79.76406508116636,71.03937733828351
2026-09-07 10:23:46,79.77413184723092,71.02739336515472
2026-09-07 10:23:47,79.78113446158741,71.00901145253835
2026-09-07 10:23:48,79.78143496567334,71.0119772129555
2026-09-07 10:23:49,79.78898899229887,71.02160664774804
2026-09-07 10:23:50,79.78197369869416,71.01913424926512
2026-09-07 10:23:51,79.78070841158119,71.01289937536865
2026-09-07 10:23:52,79.77454423897524,71.00696333709642
2026-09-07 10:23:53,79.78297435761293,71.01905064793092
2026-09-07 10:23:54,79.78845647812238,71.03401676189452
2026-09-07 10:23:55,79.78902861858242,71.02428371970524
2026-09-07 10:23:56,79.7840865248773,71.02606136017671
2026-09-07 10:23:57,79.7916170998044,71.03685633433066
2026-09-07 10:23:58,79.78487293507777,71.04535283904849
2026-09-07 10:23:59,79.78082338996181,71.05063468775877
2026-09-07 10:24:00,79.787535054167,71.06382398961439
2026-09-07 10:24:01,79.78353449645599,71.06596786841573
2026-09-07 10:24:02,79.78661605078055,71.06220061798619
2026-09-07 10:24:03,79.7871959774792,71.06748045299969
2026-09-07 10:24:04,79.77490127049451,71.06170284677181
2026-09-07 10:24:05,79.7919067868104,71.0657130379608
2026-09-07 10:24:06,79.78767625008925,71.04929870252015
2026-09-07 10:24:07,79.78047627118704,71.05389933814003
2026-09-07 10:24:08,79.78541564799012,71.05785148206577
2026-09-07 10:24:09,79.78971138091086,71.05244075238559
2026-09-07 10:24:10,79.80142816813267,71.04237974630688
2026-09-07 10:24:11,79.80511134156473,71.03998205138824
2026-09-07 10:24:12,79.79234411653377,71.0480199888966
2026-09-07 10:24:13,79.79019766449404,71.05434195252305
2026-09-07 10:24:14,79.79952730480146,71.05578933742025
2026-09-07 10:24:15,79.79452934019481,71.05384439870068
2026-09-07 10:24:16,79.74947350633009,71.11116082849433
2026-09-07 10:24:17,79.71126998107138,71.16975338709933
2026-09-07 10:24:18,79.67235181099153,71.20735673387173
2026-09-07 10:24:19,79.63468048139025,71.26044857653699
2026-09-07 10:24:20,79.58922769358247,71.30901090690638
2026-09-07 10:24:21,79.54231650895707,71.34217206465709
2026-09-07 10:24:22,79.49710139545127,71.39341892726817
2026-09-07 10:24:23,79.44987827749836,71.4178258098442
2026-09-07 10:24:24,79.39940251613604,71.47197139189728
2026-09-07 10:24:25,79.35651754053319,71.52643419710287
2026-09-07 10:24:26,79.30638375700518,71.5671143673742
2026-09-07 10:24:27,79.254413497394,71.60458544804604
2026-09-07 10:24:28,79.21365654845938,71.65026400003768
2026-09-07 10:24:29,79.1655145871289,71.69735127147811
2026-09-07 10:24:30,79.11128131180088,71.73829306862932
2026-09-07 10:24:31,79.05563833006825,71.76932056044096
2026-09-07 10:24:32,79.00101694811893,71.80392599431396
2026-09-07 10:24:33,78.96814896813707,71.86064139305442
2026-09-07 10:24:34,78.93291620890706,71.89987686289768
2026-09-07 10:24:35,78.89298205605574,71.9341546456194
2026-09-07 10:24:36,78.84440923293435,71.98075110680203
2026-09-07 10:24:37,78.78801312901491,72.02694881935105
2026-09-07 10:24:38,78.7480027714689,72.05285391540734
2026-09-07 10:24:39,78.68533529376488,72.09480766697352
2026-09-07 10:24:40,78.63986431263606,72.14052522273708
2026-09-07 10:24:41,78.586922543553,72.19005083429688
2026-09-07 10:24:42,78.54327171759165,72.22792546769355
2026-09-07 10:24:43,78.51086895774253,72.27467226536722
2026-09-07 10:24:44,78.47179562468237,72.33570601269496
2026-09-07 10:24:45,78.42358500443618,72.3781663893879
2026-09-07 10:24:46,78.36615371623822,72.42055585623812
2026-09-07 10:24:47,78.3248338747743,72.48742992254117
2026-09-07 10:24:48,78.28443764329172,72.5336689792104
2026-09-07 10:24:49,78.23051076630819,72.57045767407162
2026-09-07 10:24:50,78.17224699818843,72.6025408679781
2026-09-07 10:24:51,78.1285055365917,72.64965049092453
2026-09-07 10:24:52,78.07717044935173,72.6921235239073
2026-09-07 10:24:53,78.02665483178662,72.74211290313427
2026-09-07 10:24:54,77.98681843027127,72.78152663453459
2026-09-07 10:24:55,77.93886491480622,72.81495481087994
2026-09-07 10:24:56,77.89084234506775,72.87901044934547
2026-09-07 10:24:57,77.8461732082484,72.93115054440585
2026-09-07 10:24:58,77.805900571306,72.9888357197938
2026-09-07 10:24:59,77.75892031746368,73.02514468016456
2026-09-07 10:25:00,77.72204352562561,73.07784420664039
2026-09-07 10:25:01,77.71701884049399,73.08767153445588
2026-09-07 10:25:02,77.71679572357517,73.08727571413684
2026-09-07 10:25:03,77.73029317608153,73.09204108800539
2026-09-07 10:25:04,77.73249042230867,73.08916510206866
2026-09-07 10:25:05,77.73384264439257,73.09863224482449
2026-09-07 10:25:06,77.73709710109252,73.09183537605244
2026-09-07 10:25:07,77.74029614303515,73.09075993993261
2026-09-07 10:25:08,77.74245487253387,73.08901171581094
2026-09-07 10:25:09,77.72613958427408,73.07448661336399
2026-09-07 10:25:10,77.72316180214828,73.0546439584661
2026-09-07 10:25:11,77.71187893679026,73.07288795661603
2026-09-07 10:25:12,77.71689081758227,73.06873557233072
2026-09-07 10:25:13,77.71919199929413,73.04857259534003
2026-09-07 10:25:14,77.72090646866438,73.05741409953069
2026-09-07 10:25:15,77.72218198463054,73.04562281736648
2026-09-07 10:25:16,77.72923714678862,73.04082577994825
2026-09-07 10:25:17,77.72487234242844,73.04259305705254
2026-09-07 10:25:18,77.72250169989894,73.0609376152917
2026-09-07 10:25:19,77.72134587184154,73.08027805828878
2026-09-07 10:25:20,77.72457524653512,73.06908716603273
2026-09-07 10:25:21,77.72444297327566,73.06955400061709
2026-09-07 10:25:22,77.73498485212325,73.08109129890438
2026-09-07 10:25:23,77.75383566832448,73.07509104581928
2026-09-07 10:25:24,77.75046245702815,73.09610994975225
2026-09-07 10:25:25,77.74367706090143,73.09930725634528
2026-09-07 10:25:26,77.75551531394511,73.09015968050157
2026-09-07 10:25:27,77.75280255700798,73.0834209600526
2026-09-07 10:25:28,77.75658789295133,73.08702865284691
2026-09-07 10:25:29,77.75617271714962,73.09295538749154
2026-09-07 10:25:30,77.75019901559004,73.08954287553858
2026-09-07 10:25:31,77.7535503187762,73.10776198271002
2026-09-07 10:25:32,77.75314126571598,73.10829207829825
2026-09-07 10:25:33,77.7627702045416,73.10897370968797
2026-09-07 10:25:34,77.77232466427748,73.11113046744008
2026-09-07 10:25:35,77.78078865932892,73.11277350092156
2026-09-07 10:25:36,77.77382134730054,73.10506011222152
2026-09-07 10:25:37,77.7768889005544,73.12207273989964
2026-09-07 10:25:38,77.79064743003507,73.11919694770641
2026-09-07 10:25:39,77.80915508113286,73.10911457028357
2026-09-07 10:25:40,77.80271947342685,73.11754154356355
2026-09-07 10:25:41,77.79124537201263,73.12579813478372
2026-09-07 10:25:42,77.79393241756513,73.13148393392777
2026-09-07 10:25:43,77.78482754272262,73.13494328358853
2026-09-07 10:25:44,77.79170908496316,73.13446949184633
2026-09-07 10:25:45,77.79925574032238,73.13469100771454
2026-09-07 10:25:46,77.80170137047861,73.13183027335523
2026-09-07 10:25:47,77.79146260091002,73.1303871155668
2026-09-07 10:25:48,77.79506413882042,73.12350954921344
2026-09-07 10:25:49,77.78037139911599,73.10946402209098
2026-09-07 10:25:50,77.79005225220489,73.10743132905637
2026-09-07 10:25:51,77.78422761795089,73.11865329621327
2026-09-07 10:25:52,77.78281221635962,73.10499523000809
2026-09-07 10:25:53,77.77940866369592,73.0969898323728
2026-09-07 10:25:54,77.77791003645935,73.08869870923276
2026-09-07 10:25:55,77.77829143553734,73.09285248865308
2026-09-07 10:25:56,77.77389700025662,73.09102149501051
2026-09-07 10:25:57,77.77261301935809,73.09852303469451
2026-09-07 10:25:58,77.76713205011956,73.10533989617518
2026-09-07 10:25:59,77.7763265000628,73.1035775382514
2026-09-07 10:26:00,77.76898541061281,73.10077521122719
2026-09-07 10:26:01,77.75563452902418,73.09584852819437
2026-09-07 10:26:02,77.74660005737688,73.09429926818656
2026-09-07 10:26:03,77.74370802183635,73.0989935823437
2026-09-07 10:26:04,77.74446645514108,73.10282800898533
2026-09-07 10:26:05,77.74399498380666,73.10538873765773
2026-09-07 10:26:06,77.73542464736519,73.11139849882679
2026-09-07 10:26:07,77.74503338745542,73.12149293946531
2026-09-07 10:26:08,77.7348730954745,73.12529692220323
2026-09-07 10:26:09,77.72261288191055,73.13218017472222
2026-09-07 10:26:10,77.72095993119429,73.12799731476615
2026-09-07 10:26:11,77.71526890384466,73.12583793710066
2026-09-07 10:26:12,77.71511597716865,73.11706864353152
2026-09-07 10:26:13,77.71543943523272,73.11942485514656
2026-09-07 10:26:14,77.71925789530022,73.11902197393073
2026-09-07 10:26:15,77.71910214249607,73.14009164878593
2026-09-07 10:26:16,77.72653194684742,73.14303844619081
2026-09-07 10:26:17,77.7160443922157,73.1486764485276
2026-09-07 10:26:18,77.72021327170395,73.12449119886169
2026-09-07 10:26:19,77.7188749391564,73.12796939259991
2026-09-07 10:26:20,77.7190380107245,73.12885523546075
2026-09-07 10:26:21,77.71777105226411,73.14145033119519
2026-09-07 10:26:22,77.72051122280995,73.13887809170704
2026-09-07 10:26:23,77.71870188403865,73.15788582772062
2026-09-07 10:26:24,77.71213734521157,73.15309091182094
2026-09-07 10:26:25,77.71446551270768,73.15444692870004
2026-09-07 10:26:26,77.71661323920974,73.16680372100355
2026-09-07 10:26:27,77.72502011305708,73.17064264486629
2026-09-07 10:26:28,77.7252355516996,73.17007231037964
2026-09-07 10:26:29,77.72340058437275,73.17923324996349
2026-09-07 10:26:30,77.71382424532018,73.16975772128282
2026-09-07 10:26:31,77.71030084011679,73.16098827279878
2026-09-07 10:26:32,77.70468946575133,73.17187535447913
2026-09-07 10:26:33,77.68773823164372,73.1771321721445
2026-09-07 10:26:34,77.67780846435416,73.1749268922878
2026-09-07 10:26:35,77.67340771400563,73.16588575821984
2026-09-07 10:26:36,77.66219214369588,73.16654177126341
2026-09-07 10:26:37,77.63991416161227,73.14722190017245
2026-09-07 10:26:38,77.63689199784967,73.1572354227577
2026-09-07 10:26:39,77.65067266442861,73.15456952635152
2026-09-07 10:26:40,77.64456484354405,73.15197851947241
2026-09-07 10:26:41,77.64798554827554,73.16049850631393
2026-09-07 10:26:42,77.64074260375631,73.16482841802745
2026-09-07 10:26:43,77.64041306476568,73.17525953654567
2026-09-07 10:26:44,77.63725615918831,73.17336804655761
2026-09-07 10:26:45,77.63077348656685,73.16130447555976
2026-09-07 10:26:46,77.63271076327227,73.1677989276048
2026-09-07 10:26:47,77.64105222471744,73.17024940109533
2026-09-07 10:26:48,77.63749871191129,73.16187548928538
2026-09-07 10:26:49,77.62870972409698,73.15528685449587
2026-09-07 10:26:50,77.63113825966454,73.15611927414733
2026-09-07 10:26:51,77.61386630638945,73.15519505869884
2026-09-07 10:26:52,77.61161558024382,73.14566393960799
2026-09-07 10:26:53,77.6113699319655,73.15050382754981
2026-09-07 10:26:54,77.60352162992379,73.13818035622101
2026-09-07 10:26:55,77.60101238507494,73.14058148253828
2026-09-07 10:26:56,77.59899563597871,73.15466560847514
2026-09-07 10:26:57,77.60000237718845,73.1455235805472
2026-09-07 10:26:58,77.6057372484048,73.1396269198145
2026-09-07 10:26:59,77.61082421703001,73.1405372798539
2026-09-07 10:27:00,77.61998896745203,73.13145658274145
2026-09-07 10:27:01,77.62533122975617,73.13533325365232
2026-09-07 10:27:02,77.61845626549834,73.14174664049165
2026-09-07 10:27:03,77.63540509325557,73.14500487197745
2026-09-07 10:27:04,77.6295656122603,73.14361779396582
2026-09-07 10:27:05,77.63926652229608,73.14595095154294
2026-09-07 10:27:06,77.65031483163246,73.14000282302507
2026-09-07 10:27:07,77.66008287465303,73.12562691745815
2026-09-07 10:27:08,77.658756614044,73.1229346705062
2026-09-07 10:27:09,77.65499778209549,73.13409599712699
2026-09-07 10:27:10,77.65039907354206,73.13730510176576
2026-09-07 10:27:11,77.66427950947897,73.14483509193238
2026-09-07 10:27:12,77.66108889648899,73.13817152410795
2026-09-07 10:27:13,77.64592596887618,73.14163194481222
2026-09-07 10:27:14,77.65253788337564,73.15173296395018
2026-09-07 10:27:15,77.65428962812389,73.17139948438601
2026-09-07 10:27:16,77.66005204184141,73.15032271746695
2026-09-07 10:27:17,77.65334266298228,73.15760894627415
2026-09-07 10:27:18,77.65027048584567,73.16525118918754
2026-09-07 10:27:19,77.66952815494611,73.15829825025928
2026-09-07 10:27:20,77.68614460650838,73.15757060176236
2026-09-07 10:27:21,77.67498677904887,73.15846065396053
2026-09-07 10:27:22,77.6817488666554,73.15316586351422
2026-09-07 10:27:23,77.69361111243664,73.14521151429912
2026-09-07 10:27:24,77.6920873974066,73.15362290054554
2026-09-07 10:27:25,77.69042407987774,73.1485400573367
2026-09-07 10:27:26,77.6902370755123,73.15451839712473
2026-09-07 10:27:27,77.70326737350929,73.16691119125504
2026-09-07 10:27:28,77.71736942363651,73.16665368168238
2026-09-07 10:27:29,77.704771018981,73.16628088625836
2026-09-07 10:27:30,77.7016055693427,73.15719990495631
2026-09-07 10:27:31,77.69766002114595,73.15659013262696
2026-09-07 10:27:32,77.69801131919478,73.16495016688071
2026-09-07 10:27:33,77.69105489740498,73.17541755988651
2026-09-07 10:27:34,77.69135064535261,73.18212790776802
2026-09-07 10:27:35,77.70071635398833,73.17083931178009
2026-09-07 10:27:36,77.71275776268438,73.1642901101475
2026-09-07 10:27:37,77.71573600259526,73.17421909967385
2026-09-07 10:27:38,77.72267708017526,73.15993831257671
2026-09-07 10:27:39,77.7238701312777,73.17030731700137
2026-09-07 10:27:40,77.72290850337332,73.16958442026274
2026-09-07 10:27:41,77.72341260414856,73.18457730863516
2026-09-07 10:27:42,77.7192670493786,73.17597734167728
2026-09-07 10:27:43,77.7108574891264,73.17115415672404
2026-09-07 10:27:44,77.70903830644612,73.17432680430156
2026-09-07 10:27:45,77.70838024435609,73.15865032167034
2026-09-07 10:27:46,77.6964177609838,73.16486494586741
2026-09-07 10:27:47,77.70187986624897,73.15250318310272
2026-09-07 10:27:48,77.70895583821039,73.13031585479825
2026-09-07 10:27:49,77.72655173691669,73.1357058788904
2026-09-07 10:27:50,77.71393931125431,73.14037623517771
2026-09-07 10:27:51,77.71365730813763,73.13623745671487
2026-09-07 10:27:52,77.7108415051817,73.13419971464508
2026-09-07 10:27:53,77.71004871259403,73.12596221693676
2026-09-07 10:27:54,77.70571173323461,73.13105959475949
2026-09-07 10:27:55,77.70969977536807,73.11892223889036
2026-09-07 10:27:56,77.70594253918094,73.13321536361913
2026-09-07 10:27:57,77.71135480634292,73.148287978668
2026-09-07 10:27:58,77.70107779145675,73.13880820971181
2026-09-07 10:27:59,77.68457480505286,73.12110889363709
2026-09-07 10:28:00,77.68170242185518,73.11153089954576
2026-09-07 10:28:01,77.67341011911878,73.10518038700785
2026-09-07 10:28:02,77.6719749988354,73.11278048601073
2026-09-07 10:28:03,77.67621726034022,73.09674595524258
2026-09-07 10:28:04,77.68752559147859,73.09373686035617
2026-09-07 10:28:05,77.67990172109741,73.09346017444531
2026-09-07 10:28:06,77.67684291757536,73.08079414129469
2026-09-07 10:28:07,77.68867358288897,73.07551737746935
2026-09-07 10:28:08,77.68409354460213,73.08042578233936
2026-09-07 10:28:09,77.69681651924405,73.08484554259309
2026-09-07 10:28:10,77.68996716887246,73.08884370518119
2026-09-07 10:28:11,77.69837889773743,73.09231560955116
2026-09-07 10:28:12,77.70330076411474,73.08793573260762
2026-09-07 10:28:13,77.70276648586878,73.0725822745634
2026-09-07 10:28:14,77.69728877780199,73.06221959776808
2026-09-07 10:28:15,77.69733189939983,73.07586511856805
2026-09-07 10:28:16,77.68020632151008,73.06382195598512
2026-09-07 10:28:17,77.67312016636036,73.06300667460617
2026-09-07 10:28:18,77.68196842940046,73.0559153415581
2026-09-07 10:28:19,77.67598263600003,73.06699204349567
2026-09-07 10:28:20,77.67881137982005,73.07181044085777
2026-09-07 10:28:21,77.68514839433736,73.06504975069757
2026-09-07 10:28:22,77.68684300350881,73.05905050715201
2026-09-07 10:28:23,77.68133848250544,73.06027543949556
2026-09-07 10:28:24,77.68464433302883,73.04864995028055
2026-09-07 10:28:25,77.67876706041868,73.0542178050375
2026-09-07 10:28:26,77.68002805316705,73.06029337897364
2026-09-07 10:28:27,77.67762170197615,73.05295930372816
2026-09-07 10:28:28,77.68357179157667,73.05844747224334
2026-09-07 10:28:29,77.6619091888604,73.06635944824626
2026-09-07 10:28:30,77.6560999382357,73.07246390173093
2026-09-07 10:28:31,77.66806663922206,73.06991468081438
2026-09-07 10:28:32,77.66065773051662,73.07226413255825
2026-09-07 10:28:33,77.66133432805326,73.0774417815105
2026-09-07 10:28:34,77.65061978870597,73.07969237558667
2026-09-07 10:28:35,77.65742653381763,73.0860887152083
2026-09-07 10:28:36,77.66221355095878,73.09704080482496
2026-09-07 10:28:37,77.6559099180905,73.10822092571182
2026-09-07 10:28:38,77.65749531417822,73.0991382193496
2026-09-07 10:28:39,77.65521372508141,73.10162077354958
2026-09-07 10:28:40,77.65773510595109,73.11396067694338
2026-09-07 10:28:41,77.65918839885374,73.1092959772192
2026-09-07 10:28:42,77.67585789241456,73.1062802786823
2026-09-07 10:28:43,77.66956466270415,73.11475527003314
2026-09-07 10:28:44,77.66638565424427,73.10755587286702
2026-09-07 10:28:45,77.65826326742733,73.1184085153565
2026-09-07 10:28:46,77.6501497512249,73.11935516856073
2026-09-07 10:28:47,77.6466590877547,73.11761304387652
2026-09-07 10:28:48,77.64041533968262,73.1190114423761
2026-09-07 10:28:49,77.64502140001726,73.12865499591351
2026-09-07 10:28:50,77.64227746790736,73.11801501503273
2026-09-07 10:28:51,77.63095821109162,73.11810248417605
2026-09-07 10:28:52,77.61201067914698,73.13029004284189
2026-09-07 10:28:53,77.61222953420582,73.13143397005439
2026-09-07 10:28:54,77.60158040021442,73.12556730002674
2026-09-07 10:28:55,77.59590763309657,73.1317597555349
2026-09-07 10:28:56,77.59278346952834,73.13743745430511
2026-09-07 10:28:57,77.59670869789186,73.11987277711397
2026-09-07 10:28:58,77.59492595430866,73.13143000406242
2026-09-07 10:28:59,77.5910184308027,73.1326433840975
2026-09-07 10:29:00,77.59004988831752,73.1214732842159
2026-09-07 10:29:01,77.60669232201646,73.12029992339387
2026-09-07 10:29:02,77.61155630114202,73.11624762975875
2026-09-07 10:29:03,77.62224817518351,73.12681355602332
2026-09-07 10:29:04,77.63125952965375,73.13555633456319
2026-09-07 10:29:05,77.63661668143675,73.14827431435654
2026-09-07 10:29:06,77.63968748803256,73.14956828635363
2026-09-07 10:29:07,77.64586442723306,73.14146789808754
2026-09-07 10:29:08,77.62649590760779,73.1489320019472
2026-09-07 10:29:09,77.62765786720898,73.14256092002124
2026-09-07 10:29:10,77.62560845725508,73.1339055650431
2026-09-07 10:29:11,77.61918927841472,73.13568031775381
2026-09-07 10:29:12,77.62011616723619,73.14334154028658
2026-09-07 10:29:13,77.61941469238732,73.14918065592902
2026-09-07 10:29:14,77.62462255912978,73.14284068489154
2026-09-07 10:29:15,77.61173450203361,73.13665299754453
2026-09-07 10:29:16,77.60980167225544,73.13186376546928
2026-09-07 10:29:17,77.62665257867744,73.12570597826581
2026-09-07 10:29:18,77.63026990572682,73.11880509100547
2026-09-07 10:29:19,77.63553767063355,73.10737318027174
2026-09-07 10:29:20,77.64279906402773,73.10910352173397
2026-09-07 10:29:21,77.63974023688395,73.09828246273855
2026-09-07 10:29:22,77.65247077435939,73.09309021451026
2026-09-07 10:29:23,77.66346999814066,73.07122332114756
2026-09-07 10:29:24,77.65430455831105,73.08781330877984
2026-09-07 10:29:25,77.66792058937841,73.08806370832697
2026-09-07 10:29:26,77.67554177854802,73.09368579216832
2026-09-07 10:29:27,77.67280310973888,73.09495765096953
2026-09-07 10:29:28,77.6640433566004,73.08282914633483
2026-09-07 10:29:29,77.66498794212472,73.08956793075423
2026-09-07 10:29:30,77.66620321228496,73.07849103416834
2026-09-07 10:29:31,77.67266963263424,73.07939265260133
2026-09-07 10:29:32,77.67840532571675,73.07685734639256
2026-09-07 10:29:33,77.67637293615329,73.0865322904784
2026-09-07 10:29:34,77.6868452072129,73.0756782221405
2026-09-07 10:29:35,77.67838970650061,73.08459713401001
2026-09-07 10:29:36,77.68113389654047,73.08517341436003
2026-09-07 10:29:37,77.67365280057787,73.0944804819245
2026-09-07 10:29:38,77.67508212218891,73.09656456118115
2026-09-07 10:29:39,77.67803174394206,73.09190686100766
2026-09-07 10:29:40,77.6810631340488,73.09320561919043
2026-09-07 10:29:41,77.68655207786126,73.0967683196089
2026-09-07 10:29:42,77.67676720595011,73.09043599172587
2026-09-07 10:29:43,77.67472095460914,73.10112423778946
2026-09-07 10:29:44,77.66975868573049,73.11154880345855
2026-09-07 10:29:45,77.67799463410196,73.11962151484862
2026-09-07 10:29:46,77.69521281627694,73.11965344527685
2026-09-07 10:29:47,77.69766090401286,73.13086501334963
2026-09-07 10:29:48,77.70076617960352,73.14002261729432
2026-09-07 10:29:49,77.69977364695846,73.15301810758716
2026-09-07 10:29:50,77.70245957969422,73.13572364594255
2026-09-07 10:29:51,77.71073787670265,73.13409792705649
2026-09-07 10:29:52,77.70399496639715,73.13150204850592
2026-09-07 10:29:53,77.70184001425542,73.14205018658345
2026-09-07 10:29:54,77.7043783153996,73.14153168893893
2026-09-07 10:29:55,77.70426587155039,73.13348192910188
2026-09-07 10:29:56,77.69937731828499,73.12935707218165
2026-09-07 10:29:57,77.69764362601742,73.11888741393236
2026-09-07 10:29:58,77.69458526531787,73.12812322127542
2026-09-07 10:29:59,77.69804128411181,73.12824325451429
2026-09-07 10:30:00,77.70068134829978,73.12617280315892
2026-09-07 10:30:01,77.69162249065315,73.13431416657271
2026-09-07 10:30:02,77.70876914257126,73.13907840518178
2026-09-07 10:30:03,77.71401168770538,73.16156600740487
2026-09-07 10:30:04,77.70476647274118,73.16646838366474
2026-09-07 10:30:05,77.7021548006444,73.16407852822955
2026-09-07 10:30:06,77.68950365847361,73.16348917899819
2026-09-07 10:30:07,77.69255009882339,73.14909191273506
2026-09-07 10:30:08,77.69086280566486,73.1447682238584
2026-09-07 10:30:09,77.68322245155872,73.15064255475559
2026-09-07 10:30:10,77.69576824866276,73.15456458363664
2026-09-07 10:30:11,77.70362537805335,73.16160059214624
2026-09-07 10:30:12,77.70313999628233,73.16700859593546
2026-09-07 10:30:13,77.71326391399093,73.16328354538885
2026-09-07 10:30:14,77.71213434889007,73.15090255470403
2026-09-07 10:30:15,77.69792881378548,73.14362838287808
2026-09-07 10:30:16,77.70477176109247,73.14707104291709
2026-09-07 10:30:17,77.70676024465178,73.15912200322569
2026-09-07 10:30:18,77.6932622780244,73.17177299714083
2026-09-07 10:30:19,77.69389839223214,73.17895524463349
2026-09-07 10:30:20,77.70445213883222,73.17171758294745
2026-09-07 10:30:21,77.69781006849266,73.17551351740505
2026-09-07 10:30:22,77.69737609028006,73.1703646169818
2026-09-07 10:30:23,77.69641577838212,73.16392545089724
2026-09-07 10:30:24,77.69744657960496,73.16057216377197
2026-09-07 10:30:25,77.7104393057063,73.15125812514073
2026-09-07 10:30:26,77.71487810936426,73.15207948357404
2026-09-07 10:30:27,77.72696721915553,73.14344449116336
2026-09-07 10:30:28,77.72340711815569,73.15926287065575
2026-09-07 10:30:29,77.71838220369487,73.15595372067499
2026-09-07 10:30:30,77.71538122991564,73.1472248093174
2026-09-07 10:30:31,77.72471013106541,73.16107693678391
2026-09-07 10:30:32,77.72355578326722,73.1544015172836
2026-09-07 10:30:33,77.71321173929528,73.16051723005013
2026-09-07 10:30:34,77.70915732269796,73.16560962698752
2026-09-07 10:30:35,77.69075479742604,73.16191060099253
2026-09-07 10:30:36,77.69554816039323,73.16581498303556
2026-09-07 10:30:37,77.67366784835016,73.16861054517418
2026-09-07 10:30:38,77.67465388183103,73.16855510449132
2026-09-07 10:30:39,77.67204718045832,73.1646848750864
2026-09-07 10:30:40,77.6731432373761,73.16942978629808
2026-09-07 10:30:41,77.64898419575685,73.1694618065046
2026-09-07 10:30:42,77.65609207776758,73.16759871725144
2026-09-07 10:30:43,77.66542249030604,73.1592818626171
2026-09-07 10:30:44,77.68002978111852,73.16810535999649
2026-09-07 10:30:45,77.67692934198122,73.19311862519375
2026-09-07 10:30:46,77.68793750302314,73.20757360969334
2026-09-07 10:30:47,77.67881037883032,73.20669187800412
2026-09-07 10:30:48,77.68241382321868,73.21633026959915
2026-09-07 10:30:49,77.68299209646597,73.20471767006784
2026-09-07 10:30:50,77.69232813938872,73.20332153692617
2026-09-07 10:30:51,77.69568666653909,73.20055416359509
2026-09-07 10:30:52,77.69482899087241,73.18824919193989
2026-09-07 10:30:53,77.6999313932575,73.18270611648907
2026-09-07 10:30:54,77.68637640113505,73.18655471688342
2026-09-07 10:30:55,77.68611271062514,73.19534300327801
2026-09-07 10:30:56,77.69238021774466,73.18450079254471
2026-09-07 10:30:57,77.69103258899065,73.1846069118298
2026-09-07 10:30:58,77.69171533882233,73.17519637631342
2026-09-07 10:30:59,77.69229589241125,73.18417827425773
2026-09-07 10:31:00,77.70177609843893,73.19747043143384
2026-09-07 10:31:01,77.70757002492908,73.17479828266879
2026-09-07 10:31:02,77.70549893830217,73.16999285926234
2026-09-07 10:31:03,77.68334004185046,73.18402375195951
2026-09-07 10:31:04,77.690303418877,73.18407414275633
2026-09-07 10:31:05,77.69305953934432,73.18857263144601
2026-09-07 10:31:06,77.6914025028306,73.201090399157
2026-09-07 10:31:07,77.70534422748014,73.20861655465873
2026-09-07 10:31:08,77.7010959732872,73.21100484318933
2026-09-07 10:31:09,77.7085644230731,73.21761480058613
2026-09-07 10:31:10,77.703325465616,73.22635165446891
2026-09-07 10:31:11,77.70887643444912,73.23171632676681
2026-09-07 10:31:12,77.70568535398154,73.23158415353228
2026-09-07 10:31:13,77.69110088568024,73.23142129151563
2026-09-07 10:31:14,77.68771961032384,73.22885098488347
2026-09-07 10:31:15,77.68557305392709,73.22606222010484
2026-09-07 10:31:16,77.68623402989572,73.22704569132935
2026-09-07 10:31:17,77.68156265117959,73.22596013143965
2026-09-07 10:31:18,77.68087017645652,73.2305106070579
2026-09-07 10:31:19,77.68423849296488,73.22737804134096
2026-09-07 10:31:20,77.67793428898668,73.21267290475673
2026-09-07 10:31:21,77.66838314664443,73.21644753433975
2026-09-07 10:31:22,77.66136366713626,73.2310581677618
2026-09-07 10:31:23,77.66015832112879,73.22767859673989
2026-09-07 10:31:24,77.65895865649291,73.22286147229055
2026-09-07 10:31:25,77.6541504676637,73.22355303383998
2026-09-07 10:31:26,77.64310596144497,73.2248586311766
2026-09-07 10:31:27,77.64240108078022,73.21680429840777
2026-09-07 10:31:28,77.65023357408796,73.22016688583416
2026-09-07 10:31:29,77.65851183871071,73.21424465164088
2026-09-07 10:31:30,77.64903582403198,73.20364248567019
2026-09-07 10:31:31,77.637040096181,73.18667779118863
2026-09-07 10:31:32,77.64899397584658,73.18247628292697
2026-09-07 10:31:33,77.65047080984652,73.17775251620951
2026-09-07 10:31:34,77.64936869596058,73.19206368960462
2026-09-07 10:31:35,77.6361251804332,73.18326905865678
2026-09-07 10:31:36,77.63715210477254,73.17517664364374
2026-09-07 10:31:37,77.64243371026024,73.18693500879606
2026-09-07 10:31:38,77.64924813777733,73.19378029820375
2026-09-07 10:31:39,77.64801011546733,73.20289982424332
2026-09-07 10:31:40,77.64189978944134,73.19224917050241
2026-09-07 10:31:41,77.63991174964141,73.19007956554985
2026-09-07 10:31:42,77.64925044294677,73.181271591026
2026-09-07 10:31:43,77.65798786256369,73.1743464969619
2026-09-07 10:31:44,77.6483438082965,73.15914933159995
2026-09-07 10:31:45,77.64808047305684,73.14621346233817
2026-09-07 10:31:46,77.6497033663439,73.14671196581908
2026-09-07 10:31:47,77.64665571528062,73.1294278988884
2026-09-07 10:31:48,77.6426996859125,73.13352869094355
2026-09-07 10:31:49,77.62909018092085,73.13982823908974
2026-09-07 10:31:50,77.62922837202235,73.13500904783643
2026-09-07 10:31:51,77.63078109980505,73.1409455131478
2026-09-07 10:31:52,77.63061515419305,73.13401909731607
2026-09-07 10:31:53,77.63660671186685,73.12797360092408
2026-09-07 10:31:54,77.63936466768592,73.13682082238937
2026-09-07 10:31:55,77.64934344207224,73.15125257875656
2026-09-07 10:31:56,77.65715644143884,73.15262409069724
2026-09-07 10:31:57,77.65561666351779,73.15438642605491
2026-09-07 10:31:58,77.65963699895681,73.18137662101807
2026-09-07 10:31:59,77.66466366945629,73.17399302873473
2026-09-07 10:32:00,77.67627872612377,73.15973238670632
2026-09-07 10:32:01,77.68393797117555,73.14828055942876
2026-09-07 10:32:02,77.67562756582704,73.1438149645612
2026-09-07 10:32:03,77.6734610298971,73.13172299031702
2026-09-07 10:32:04,77.67818794859829,73.13075705181886
2026-09-07 10:32:05,77.6884396075258,73.12165096228274
2026-09-07 10:32:06,77.6746212384552,73.12790352714076
2026-09-07 10:32:07,77.67290906076813,73.13675166221077
2026-09-07 10:32:08,77.65507306814585,73.12555760581931
2026-09-07 10:32:09,77.65576702633919,73.14321470887026
2026-09-07 10:32:10,77.64636637105801,73.12609886302855
2026-09-07 10:32:11,77.64290016485872,73.1388965588981
2026-09-07 10:32:12,77.6549677904145,73.12669723324719
2026-09-07 10:32:13,77.65032151156485,73.11016859663715
2026-09-07 10:32:14,77.64389951327776,73.10154540231677
2026-09-07 10:32:15,77.64716079053862,73.11184470704488
2026-09-07 10:32:16,77.66534938241301,73.10866119838188
2026-09-07 10:32:17,77.67159550847349,73.11068597454606
2026-09-07 10:32:18,77.6725628112656,73.1281599618257
2026-09-07 10:32:19,77.67793344918312,73.1422922234924
2026-09-07 10:32:20,77.6802324746174,73.1501318715494
2026-09-07 10:32:21,77.68411075216882,73.14931852223263
2026-09-07 10:32:22,77.67879718037918,73.14572917901289
2026-09-07 10:32:23,77.67890215814788,73.14233389908888
2026-09-07 10:32:24,77.67630474883758,73.13602384897678
2026-09-07 10:32:25,77.68285678194137,73.13386567524199
2026-09-07 10:32:26,77.68196430816576,73.1319405272913
2026-09-07 10:32:27,77.69197531068116,73.12714445459088
2026-09-07 10:32:28,77.70275183574331,73.11942679044635
2026-09-07 10:32:29,77.71441994124586,73.1249843040993
2026-09-07 10:32:30,77.71068769311327,73.12913764190512
2026-09-07 10:32:31,77.71937069635761,73.12059322328527
2026-09-07 10:32:32,77.7176545845643,73.12345233188299
2026-09-07 10:32:33,77.71607481246858,73.12087742204399
2026-09-07 10:32:34,77.71623705951541,73.12374047077682
2026-09-07 10:32:35,77.72216794807312,73.13709630893545
2026-09-07 10:32:36,77.71972313731293,73.16361876248298
2026-09-07 10:32:37,77.71723519230308,73.17968894637492
2026-09-07 10:32:38,77.7162739365925,73.16663754851844
2026-09-07 10:32:39,77.71296985718833,73.16357130415302
2026-09-07 10:32:40,77.72113866449237,73.14541023227238
2026-09-07 10:32:41,77.71633041433377,73.14426994203312
2026-09-07 10:32:42,77.72134860008057,73.14787747436243
2026-09-07 10:32:43,77.7278949643627,73.14648091237173
2026-09-07 10:32:44,77.72612805422091,73.15740903093032
2026-09-07 10:32:45,77.73925302715304,73.16088235791226
2026-09-07 10:32:46,77.74045559530587,73.15319791689909
2026-09-07 10:32:47,77.75650522223206,73.1568404418013
2026-09-07 10:32:48,77.76123644553392,73.14241974312402
2026-09-07 10:32:49,77.76586941450347,73.16437277676262
2026-09-07 10:32:50,77.76464305532252,73.16257820425041
2026-09-07 10:32:51,77.7763541320845,73.1609346902852
2026-09-07 10:32:52,77.78280274358347,73.17849495447372
2026-09-07 10:32:53,77.77392177750805,73.17105664015479
2026-09-07 10:32:54,77.77911971754389,73.17215665772672
2026-09-07 10:32:55,77.77945189730745,73.17069137040339
2026-09-07 10:32:56,77.78045257943471,73.17394115387143
2026-09-07 10:32:57,77.77685216887761,73.17147332735955
2026-09-07 10:32:58,77.7786421600815,73.1617069601131
2026-09-07 10:32:59,77.7820364077525,73.14195293304303
2026-09-07 10:33:00,77.78692827451653,73.14090130858186
2026-09-07 10:33:01,77.77801079819125,73.15309619269372
2026-09-07 10:33:02,77.76911245006568,73.17178356357898
2026-09-07 10:33:03,77.76360007822095,73.18275640633682
2026-09-07 10:33:04,77.76313764006225,73.19736419040147
2026-09-07 10:33:05,77.7614747272062,73.20670954831306
2026-09-07 10:33:06,77.75906671102157,73.18982883468075
2026-09-07 10:33:07,77.7620563719681,73.19416565584127
2026-09-07 10:33:08,77.76512926287725,73.2093052921366
2026-09-07 10:33:09,77.75956338670852,73.19642826396361
2026-09-07 10:33:10,77.76153239176318,73.1902008248902
2026-09-07 10:33:11,77.7607752393506,73.19021971284343
2026-09-07 10:33:12,77.7545916256259,73.2001212284918
2026-09-07 10:33:13,77.75370800783345,73.21633060449733
2026-09-07 10:33:14,77.7556357014516,73.22591480802429
2026-09-07 10:33:15,77.75346224978259,73.22000003648687
2026-09-07 10:33:16,77.74948589622043,73.21209536196021
2026-09-07 10:33:17,77.75291626772126,73.21338650420428
2026-09-07 10:33:18,77.74475771994926,73.19951739231817
2026-09-07 10:33:19,77.73827696638695,73.18306987020065
2026-09-07 10:33:20,77.7315947557301,73.16940277480919
2026-09-07 10:33:21,77.73697910424133,73.15896620708533
2026-09-07 10:33:22,77.73254839755822,73.15790295225791
2026-09-07 10:33:23,77.73282754049971,73.16175159872364
2026-09-07 10:33:24,77.7386428613264,73.16759626134186
2026-09-07 10:33:25,77.73607035383101,73.17891782393433
2026-09-07 10:33:26,77.73891571160526,73.17255406574189
2026-09-07 10:33:27,77.75028325373998,73.16190687978255
2026-09-07 10:33:28,77.75390043143318,73.17328427326471
2026-09-07 10:33:29,77.75480334197935,73.17644184923995
2026-09-07 10:33:30,77.75575820171554,73.18249983253634
2026-09-07 10:33:31,77.75749022634798,73.18259827639982
2026-09-07 10:33:32,77.7628546067765,73.16550602022106
2026-09-07 10:33:33,77.76480145050121,73.16281321806377
2026-09-07 10:33:34,77.77967194081639,73.16546362793913
2026-09-07 10:33:35,77.77472513409327,73.17141078687878
2026-09-07 10:33:36,77.7718683281218,73.16072635465963
2026-09-07 10:33:37,77.76979087640098,73.16529399377276
2026-09-07 10:33:38,77.77881270026005,73.1748050904129
2026-09-07 10:33:39,77.7805786624068,73.17337822738631
2026-09-07 10:33:40,77.7821299327229,73.18434916385931
2026-09-07 10:33:41,77.7812183969315,73.19486693936679
2026-09-07 10:33:42,77.77525601185206,73.19478427357166
2026-09-07 10:33:43,77.78113739050889,73.20116877571878
2026-09-07 10:33:44,77.78269318836162,73.19655113108371
2026-09-07 10:33:45,77.76919060567135,73.19261796950259
2026-09-07 10:33:46,77.76283843194255,73.1890085416029
2026-09-07 10:33:47,77.77479488195063,73.18208041822042
2026-09-07 10:33:48,77.78122425927117,73.18193067191936
2026-09-07 10:33:49,77.77293337121634,73.18294408696099
2026-09-07 10:33:50,77.77863365034642,73.1722521049699
2026-09-07 10:33:51,77.76992648739049,73.16884762055346
2026-09-07 10:33:52,77.77542932276461,73.16345546530084
2026-09-07 10:33:53,77.77864919299579,73.16762485905157
2026-09-07 10:33:54,77.7787824607996,73.17171249250868
2026-09-07 10:33:55,77.7883741164245,73.17000855764883
2026-09-07 10:33:56,77.79085676258376,73.1604216859315
2026-09-07 10:33:57,77.78546140873011,73.15955166490762
2026-09-07 10:33:58,77.79161888386253,73.15351894877986
2026-09-07 10:33:59,77.78120442304302,73.16189455085507
2026-09-07 10:34:00,77.79907799855715,73.13868558548828
2026-09-07 10:34:01,77.79113011465365,73.13981016793682
2026-09-07 10:34:02,77.79481605421329,73.1312945394302
2026-09-07 10:34:03,77.79737064320653,73.14122833064512
2026-09-07 10:34:04,77.79534617354163,73.14783358814394
2026-09-07 10:34:05,77.7963453604677,73.13946835746373
2026-09-07 10:34:06,77.79177677788174,73.13398220514247
2026-09-07 10:34:07,77.8017834780452,73.14442937539967
2026-09-07 10:34:08,77.8036352478412,73.13035881350764
2026-09-07 10:34:09,77.79999895096714,73.12676565095269
2026-09-07 10:34:10,77.78558268969795,73.12660702134377
2026-09-07 10:34:11,77.78775950629762,73.11470235371881
2026-09-07 10:34:12,77.78459352780976,73.11061260398633
2026-09-07 10:34:13,77.79845352692341,73.11660745654719
2026-09-07 10:34:14,77.80424182729823,73.11740592022228
2026-09-07 10:34:15,77.79468430817317,73.12574041020379
2026-09-07 10:34:16,77.78967066654235,73.1084521793996
2026-09-07 10:34:17,77.79515564867332,73.10535647958375
2026-09-07 10:34:18,77.79518204882218,73.11000879529263
2026-09-07 10:34:19,77.79347362582921,73.11372812662975
2026-09-07 10:34:20,77.80314419923404,73.11084747403109
2026-09-07 10:34:21,77.80052670638399,73.11102291072699
2026-09-07 10:34:22,77.80538806473962,73.10743714372016
2026-09-07 10:34:23,77.80602397553805,73.10131617845543
2026-09-07 10:34:24,77.80548938348099,73.10622278682769
2026-09-07 10:34:25,77.79940692602851,73.10459812817437
2026-09-07 10:34:26,77.78853345998732,73.09832189511373
2026-09-07 10:34:27,77.78914316883329,73.10310730605035
2026-09-07 10:34:28,77.78148182235785,73.10222027901932
2026-09-07 10:34:29,77.77458260412375,73.10508422445209
2026-09-07 10:34:30,77.7765686436107,73.10909491736945
2026-09-07 10:34:31,77.77502467397302,73.09630267956926
2026-09-07 10:34:32,77.77088157243868,73.08428463654396
2026-09-07 10:34:33,77.76585986587521,73.08378185582389
2026-09-07 10:34:34,77.77391843729613,73.07800345478847
2026-09-07 10:34:35,77.76819514843872,73.07984864946403
2026-09-07 10:34:36,77.75285927553632,73.09775009011555
2026-09-07 10:34:37,77.74143093710389,73.10689224244153
2026-09-07 10:34:38,77.74874106732968,73.1155688642334
2026-09-07 10:34:39,77.74798141492981,73.12216266873236
2026-09-07 10:34:40,77.74545049568457,73.13080571994809
2026-09-07 10:34:41,77.74062443653679,73.12348524465104
2026-09-07 10:34:42,77.74346580571219,73.11943332401366
2026-09-07 10:34:43,77.74847733545784,73.11173021170994
2026-09-07 10:34:44,77.7504911086079,73.10292118243228
2026-09-07 10:34:45,77.74975431519559,73.12222920983585
2026-09-07 10:34:46,77.74178666266943,73.11118788044543
2026-09-07 10:34:47,77.72991894835202,73.10916330305332
2026-09-07 10:34:48,77.74196446640285,73.10512613567015
2026-09-07 10:34:49,77.74889064475886,73.10348698048212
2026-09-07 10:34:50,77.74421043906388,73.12152808501094
2026-09-07 10:34:51,77.75223558910673,73.10502568172885
2026-09-07 10:34:52,77.74500479796424,73.10873736544492
2026-09-07 10:34:53,77.74984975024795,73.10674464112084
2026-09-07 10:34:54,77.75219579146761,73.1115861057225
2026-09-07 10:34:55,77.74962270448061,73.12054889992643
2026-09-07 10:34:56,77.74334919811452,73.12733525374883
2026-09-07 10:34:57,77.75014421714657,73.12916962890266
2026-09-07 10:34:58,77.74760671070777,73.12901336521172
2026-09-07 10:34:59,77.73119194456874,73.13131181916539
2026-09-07 10:35:00,77.72068668655905,73.11323492475955
2026-09-07 10:35:01,77.72635050218061,73.10504066068312
2026-09-07 10:35:02,77.7289942395755,73.10546279935504
2026-09-07 10:35:03,77.71600048774673,73.09738846955425
2026-09-07 10:35:04,77.7140148272811,73.10160515586443
2026-09-07 10:35:05,77.71454966919565,73.09028344077302
2026-09-07 10:35:06,77.7106509171011,73.0912347163953
2026-09-07 10:35:07,77.70127544602957,73.08728646056828
2026-09-07 10:35:08,77.69724832333617,73.0682459105295
2026-09-07 10:35:09,77.71000139656545,73.07612196049664
2026-09-07 10:35:10,77.70658201148117,73.08463012346304
2026-09-07 10:35:11,77.69889150775123,73.09836955748332
2026-09-07 10:35:12,77.69616075397447,73.09963775532819
2026-09-07 10:35:13,77.6919057666479,73.10047421686446
2026-09-07 10:35:14,77.69435165692701,73.10076680787692
2026-09-07 10:35:15,77.68825801553963,73.10756653068773
2026-09-07 10:35:16,77.69238455831359,73.10758725095675
2026-09-07 10:35:17,77.70016090588419,73.10098270378849
2026-09-07 10:35:18,77.70960221375438,73.09956217551401
2026-09-07 10:35:19,77.72079430185556,73.09560095856831
2026-09-07 10:35:20,77.71893885654809,73.09750184871709
2026-09-07 10:35:21,77.72702840036315,73.11043379507142
2026-09-07 10:35:22,77.72367569827755,73.10391378232292
2026-09-07 10:35:23,77.72931576432136,73.11505244264897
2026-09-07 10:35:24,77.73451786604835,73.11211293713679
2026-09-07 10:35:25,77.74392601665606,73.11189643317759
2026-09-07 10:35:26,77.74518320619542,73.1174802421117
2026-09-07 10:35:27,77.74100907739833,73.09717881456851
2026-09-07 10:35:28,77.7426335108796,73.1036106072515
2026-09-07 10:35:29,77.74587430394158,73.1084864261362
2026-09-07 10:35:30,77.7470836988846,73.11784930347255
2026-09-07 10:35:31,77.74794445215612,73.13125208334061
2026-09-07 10:35:32,77.74832720876576,73.1384113805245
2026-09-07 10:35:33,77.74428080251293,73.14112451421032
2026-09-07 10:35:34,77.74742642149114,73.14237800353001
2026-09-07 10:35:35,77.75882302696846,73.14279331557489
2026-09-07 10:35:36,77.76711476581913,73.14595994109746
2026-09-07 10:35:37,77.77517868902854,73.13788126754099
2026-09-07 10:35:38,77.77250610191655,73.14655717016248
2026-09-07 10:35:39,77.76649099594925,73.15009491093356
2026-09-07 10:35:40,77.77068203625666,73.15185550443528
2026-09-07 10:35:41,77.77391778774067,73.15672839437475
2026-09-07 10:35:42,77.7721916637684,73.1604366109788
2026-09-07 10:35:43,77.76839316781448,73.15639033892556
2026-09-07 10:35:44,77.75670976870136,73.15547275956753
2026-09-07 10:35:45,77.74419313524365,73.15573849113865
2026-09-07 10:35:46,77.7457539047594,73.14598063862229
2026-09-07 10:35:47,77.74628009436393,73.14859260665538
2026-09-07 10:35:48,77.74371803525013,73.1404197946346
2026-09-07 10:35:49,77.74290966762723,73.14410493848855
2026-09-07 10:35:50,77.74974384760607,73.16149928314285
2026-09-07 10:35:51,77.73521213123067,73.16458551003146
2026-09-07 10:35:52,77.73842453565237,73.15887268182288
2026-09-07 10:35:53,77.74080825241809,73.17769116377504
2026-09-07 10:35:54,77.7416617747345,73.1899700211884
2026-09-07 10:35:55,77.7495176592929,73.1860009237376
2026-09-07 10:35:56,77.73248249317294,73.1964451614413
2026-09-07 10:35:57,77.74383850109264,73.18062019809793
2026-09-07 10:35:58,77.74239094745698,73.174358477899
2026-09-07 10:35:59,77.74390948694611,73.17492461345613
2026-09-07 10:36:00,77.75234565837786,73.1696225696254
2026-09-07 10:36:01,77.76656823876296,73.1542673350586
2026-09-07 10:36:02,77.7681759046203,73.17836229864638
2026-09-07 10:36:03,77.76746206175659,73.18402951717837
2026-09-07 10:36:04,77.76399527196739,73.21374809443311
2026-09-07 10:36:05,77.77059068417091,73.21060040159094
2026-09-07 10:36:06,77.75649100468789,73.21251882763644
2026-09-07 10:36:07,77.76190371958977,73.19415358159802
2026-09-07 10:36:08,77.75831160265065,73.19920251324778
2026-09-07 10:36:09,77.74061343066955,73.19748749294308
2026-09-07 10:36:10,77.72891591171495,73.18541632476783
2026-09-07 10:36:11,77.731918983827,73.19565636250404
2026-09-07 10:36:12,77.74050820077798,73.18975304641825
2026-09-07 10:36:13,77.74426282957752,73.1738124705846
2026-09-07 10:36:14,77.73336676198187,73.17872548840076
2026-09-07 10:36:15,77.73043914494423,73.16955807134354
2026-09-07 10:36:16,77.71667510414,73.16745589381091
2026-09-07 10:36:17,77.73313957139824,73.14930654335487
2026-09-07 10:36:18,77.72545005645802,73.15943874122019
2026-09-07 10:36:19,77.71132648438505,73.15384689896788
2026-09-07 10:36:20,77.71184043773223,73.16405640697167
2026-09-07 10:36:21,77.71130704230869,73.18048945811371
2026-09-07 10:36:22,77.71109440554126,73.1794898405151
2026-09-07 10:36:23,77.7143608626104,73.18266518614794
2026-09-07 10:36:24,77.7033130983056,73.1741165325989
2026-09-07 10:36:25,77.70158963308853,73.17719880776262
2026-09-07 10:36:26,77.69256285572582,73.17075555329403
2026-09-07 10:36:27,77.68708546127627,73.17382690075134
2026-09-07 10:36:28,77.68392144844181,73.17926900240336
2026-09-07 10:36:29,77.68678919276553,73.1710126187447
2026-09-07 10:36:30,77.68460502359022,73.15980240692679
2026-09-07 10:36:31,77.68540692893157,73.16712534090195
2026-09-07 10:36:32,77.67813277833366,73.15116299946277
2026-09-07 10:36:33,77.68195357779014,73.14854988588021
2026-09-07 10:36:34,77.68175222452865,73.15270941377992
2026-09-07 10:36:35,77.6845544732521,73.16107410572796
2026-09-07 10:36:36,77.68118536384571,73.14118322052538
2026-09-07 10:36:37,77.67759419519622,73.13842031370764
2026-09-07 10:36:38,77.67457184534469,73.14197754464082
2026-09-07 10:36:39,77.67273535458524,73.15369291325045
2026-09-07 10:36:40,77.66806050835237,73.15363363047501
2026-09-07 10:36:41,77.6654160699404,73.17278075741594
2026-09-07 10:36:42,77.65837441460924,73.16373714692472
2026-09-07 10:36:43,77.65556821899823,73.17065011069874
2026-09-07 10:36:44,77.65566343059147,73.16906581769071
2026-09-07 10:36:45,77.64485595977114,73.15029262889517
2026-09-07 10:36:46,77.64328008671166,73.14814038334549
2026-09-07 10:36:47,77.65631437040388,73.15150898352267
2026-09-07 10:36:48,77.65946766642995,73.16027609549828
2026-09-07 10:36:49,77.65285026130786,73.14913986513639
2026-09-07 10:36:50,77.65013457161176,73.16255859669415
2026-09-07 10:36:51,77.65745707266899,73.1572708361456
2026-09-07 10:36:52,77.64825714361183,73.16568269116685
2026-09-07 10:36:53,77.65636148569324,73.1557461078575
2026-09-07 10:36:54,77.66827009536424,73.14873473131271
2026-09-07 10:36:55,77.67383094939821,73.14687229054051
2026-09-07 10:36:56,77.67140461932884,73.14133780929518
2026-09-07 10:36:57,77.67654903124756,73.14694459690621
2026-09-07 10:36:58,77.68253886636991,73.14439967840433
2026-09-07 10:36:59,77.67625224781249,73.16384259632551
2026-09-07 10:37:00,77.68897553478001,73.16209861776382
2026-09-07 10:37:01,77.68046568579882,73.17567370432327
2026-09-07 10:37:02,77.6814590437052,73.17619324433113
2026-09-07 10:37:03,77.68779384154323,73.1793769330652
2026-09-07 10:37:04,77.68862481097636,73.19741246910438
2026-09-07 10:37:05,77.67459640643904,73.20325880265307
2026-09-07 10:37:06,77.66727660481276,73.2039274576009
2026-09-07 10:37:07,77.66601280146556,73.20633556191173
2026-09-07 10:37:08,77.6480784822693,73.2126362324429
2026-09-07 10:37:09,77.66541955246639,73.20889083114744
2026-09-07 10:37:10,77.672134426864,73.21457499518672
2026-09-07 10:37:11,77.67434903666405,73.21001292835305
2026-09-07 10:37:12,77.6790847495038,73.21248295060391
2026-09-07 10:37:13,77.689869696474,73.22004036710996
2026-09-07 10:37:14,77.68457832612255,73.19353749292479
2026-09-07 10:37:15,77.69583789975202,73.19797474404095
2026-09-07 10:37:16,77.69712639613844,73.19246439388016
2026-09-07 10:37:17,77.71582513624162,73.20462397179332
2026-09-07 10:37:18,77.71654959070982,73.20128172499592
2026-09-07 10:37:19,77.72084479288043,73.21362937673454
2026-09-07 10:37:20,77.7247285660604,73.22221578396089
2026-09-07 10:37:21,77.72669013304714,73.22545136040742
2026-09-07 10:37:22,77.71721590840981,73.22656941703053
2026-09-07 10:37:23,77.7176005062388,73.22590813552834
2026-09-07 10:37:24,77.71579949314459,73.22869989365252
2026-09-07 10:37:25,77.71147152124053,73.22691814760871
2026-09-07 10:37:26,77.70167207669802,73.24794973265536
2026-09-07 10:37:27,77.69499282402117,73.23700160399095
2026-09-07 10:37:28,77.69097150434058,73.23322554019194
2026-09-07 10:37:29,77.68292740463536,73.21103328747816
2026-09-07 10:37:30,77.69523814478566,73.22031350474722
2026-09-07 10:37:31,77.69239782619175,73.22539540427233
2026-09-07 10:37:32,77.6840651375749,73.21065486908897
2026-09-07 10:37:33,77.68657596811009,73.21589841190101
2026-09-07 10:37:34,77.68142779769077,73.21586544608645
2026-09-07 10:37:35,77.65834819374602,73.21468189071743
2026-09-07 10:37:36,77.66628034448681,73.21623021208578
2026-09-07 10:37:37,77.66764188819877,73.22149099163441
2026-09-07 10:37:38,77.65197322885614,73.20977288045133
2026-09-07 10:37:39,77.64242381660397,73.21197721387742
2026-09-07 10:37:40,77.63770561143606,73.19482459411067
2026-09-07 10:37:41,77.64440206755957,73.19312330414951
2026-09-07 10:37:42,77.65187879263733,73.21137411232904
2026-09-07 10:37:43,77.6394457326635,73.19977534022502
2026-09-07 10:37:44,77.64755381272745,73.21260320503214
2026-09-07 10:37:45,77.65053207680118,73.21588702878023
2026-09-07 10:37:46,77.65575275536011,73.2218534366219
2026-09-07 10:37:47,77.64615795157552,73.22863341942015
2026-09-07 10:37:48,77.653606463906,73.22494483529381
2026-09-07 10:37:49,77.646716143368,73.2204980126299
2026-09-07 10:37:50,77.64229414311329,73.22530680390557
2026-09-07 10:37:51,77.64813577358093,73.2255320385682
2026-09-07 10:37:52,77.64582639423662,73.2094205469896
2026-09-07 10:37:53,77.6426181437312,73.20036260825529
2026-09-07 10:37:54,77.6384450376371,73.20349727447841
2026-09-07 10:37:55,77.63967780126032,73.23536025797817
2026-09-07 10:37:56,77.63308345951243,73.23050165608716
2026-09-07 10:37:57,77.6244414554977,73.22817439789853
2026-09-07 10:37:58,77.62228537387274,73.23730999005353
2026-09-07 10:37:59,77.60756069014234,73.2455856349441
2026-09-07 10:38:00,77.61241420303497,73.24082224044075
2026-09-07 10:38:01,77.60723586983282,73.24260631906596
2026-09-07 10:38:02,77.61116831707241,73.24116104781577
2026-09-07 10:38:03,77.60998871735367,73.24132610487057
2026-09-07 10:38:04,77.601806048332,73.24379740332411
2026-09-07 10:38:05,77.60614785743947,73.24426685675499
2026-09-07 10:38:06,77.59753334184937,73.24427498893948
2026-09-07 10:38:07,77.59669867975687,73.24714959161983
2026-09-07 10:38:08,77.59354137396976,73.25468956183578
2026-09-07 10:38:09,77.60171572895781,73.26218135884163
2026-09-07 10:38:10,77.60347103240403,73.27323157412805
2026-09-07 10:38:11,77.60314836728101,73.27173066146787
2026-09-07 10:38:12,77.59232811350486,73.27191019806001
2026-09-07 10:38:13,77.60148336138948,73.26327801518892
2026-09-07 10:38:14,77.60734826534002,73.25180758177919
2026-09-07 10:38:15,77.60958621262822,73.26832389736443
2026-09-07 10:38:16,77.60990772307737,73.25778158064266
2026-09-07 10:38:17,77.61205160039934,73.25647585649392
2026-09-07 10:38:18,77.61803610437005,73.25177842789732
2026-09-07 10:38:19,77.60494018691031,73.24748565704535
2026-09-07 10:38:20,77.60936459410368,73.25675868809299
2026-09-07 10:38:21,77.61142099744026,73.25699458917632
2026-09-07 10:38:22,77.61656973057542,73.25524056764648
2026-09-07 10:38:23,77.61311788334235,73.25729446841548
2026-09-07 10:38:24,77.6213463526383,73.25280148124969
2026-09-07 10:38:25,77.62506535938267,73.24705566185284
2026-09-07 10:38:26,77.61949103086609,73.24862948906936
2026-09-07 10:38:27,77.60941859832238,73.24098688546266
2026-09-07 10:38:28,77.6003985804944,73.23560302366627
2026-09-07 10:38:29,77.59348379966893,73.25654528971549
2026-09-07 10:38:30,77.59803625496193,73.25721748201315
2026-09-07 10:38:31,77.58790817097649,73.23591762100502
2026-09-07 10:38:32,77.5911926456531,73.23029907458772
2026-09-07 10:38:33,77.59906043529334,73.22678453592725
2026-09-07 10:38:34,77.58916299241868,73.22109529726399
2026-09-07 10:38:35,77.57760048907771,73.20845834252641
2026-09-07 10:38:36,77.58292500951431,73.20373192911273
2026-09-07 10:38:37,77.58808232557755,73.19874747908477
2026-09-07 10:38:38,77.58628172565624,73.1938532106985
2026-09-07 10:38:39,77.58211641828755,73.1879808028215
2026-09-07 10:38:40,77.59334744770648,73.18751771856812
2026-09-07 10:38:41,77.57858256730881,73.20268853211988
2026-09-07 10:38:42,77.58800230058144,73.21272854897062
2026-09-07 10:38:43,77.58716169984513,73.21136620785836
2026-09-07 10:38:44,77.5834999162042,73.21249780643744
2026-09-07 10:38:45,77.58698260201606,73.2124926180704
2026-09-07 10:38:46,77.58071558093052,73.20389846915985
2026-09-07 10:38:47,77.59324014518066,73.21897726407616
2026-09-07 10:38:48,77.58381345910479,73.2133028915384
2026-09-07 10:38:49,77.58344550600994,73.21855831298214
2026-09-07 10:38:50,77.58251945168612,73.22071298715544
2026-09-07 10:38:51,77.5852003721134,73.23090042080074
2026-09-07 10:38:52,77.57527775710706,73.24069760940259
2026-09-07 10:38:53,77.57852426381095,73.24552284477288
2026-09-07 10:38:54,77.56706420343136,73.24350390586027
2026-09-07 10:38:55,77.56502840056633,73.24921449017046
2026-09-07 10:38:56,77.57013029591437,73.255357602417
2026-09-07 10:38:57,77.5602848655548,73.26657361798908
2026-09-07 10:38:58,77.56071446143798,73.27489122017012
2026-09-07 10:38:59,77.56055848207794,73.26867173455089
2026-09-07 10:39:00,77.5803045141373,73.27454083021425
2026-09-07 10:39:01,77.58599409567498,73.27046645049901
2026-09-07 10:39:02,77.5842394335744,73.28038378120186
2026-09-07 10:39:03,77.58753572417419,73.29594087072324
2026-09-07 10:39:04,77.59653884045419,73.28641612531787
2026-09-07 10:39:05,77.58480116126177,73.29674622794197
2026-09-07 10:39:06,77.58926242877924,73.29447992073666
2026-09-07 10:39:07,77.586967379242,73.28957778357768
2026-09-07 10:39:08,77.60045937502358,73.28816366294053
2026-09-07 10:39:09,77.5899230610731,73.296233643073
2026-09-07 10:39:10,77.58918465475818,73.29942372351447
2026-09-07 10:39:11,77.58618890474312,73.29911482629133
2026-09-07 10:39:12,77.5718556561694,73.30390930383419
2026-09-07 10:39:13,77.56656890395308,73.30056287908585
2026-09-07 10:39:14,77.56886040962786,73.31191074500565
2026-09-07 10:39:15,77.55245784147607,73.31075752989726
2026-09-07 10:39:16,77.55648664082192,73.31977246528331
2026-09-07 10:39:17,77.54949399407582,73.32263897355166
2026-09-07 10:39:18,77.55240796173234,73.33091455490401
2026-09-07 10:39:19,77.5475989719631,73.32931570545384
2026-09-07 10:39:20,77.54361317786483,73.33941779698627
2026-09-07 10:39:21,77.55172035111786,73.33555485711271
2026-09-07 10:39:22,77.5505773224245,73.33754465667522
2026-09-07 10:39:23,77.54364623869043,73.33659575153737
2026-09-07 10:39:24,77.5500772143865,73.34348718882573
2026-09-07 10:39:25,77.54480888058463,73.33781828222119
2026-09-07 10:39:26,77.54380949031726,73.3249504171619
2026-09-07 10:39:27,77.54603880093825,73.32606601562223
2026-09-07 10:39:28,77.53581695156058,73.32407591428456
2026-09-07 10:39:29,77.530683955723,73.32176438930946
2026-09-07 10:39:30,77.52393582969904,73.33382075146224
2026-09-07 10:39:31,77.51650821106247,73.34059119240335
2026-09-07 10:39:32,77.51795144657386,73.35334668556895
2026-09-07 10:39:33,77.5173835746256,73.35343527078088
2026-09-07 10:39:34,77.51776498464578,73.33695948969796
2026-09-07 10:39:35,77.53584069756761,73.33517101995378
2026-09-07 10:39:36,77.53332358098348,73.32537740287627
2026-09-07 10:39:37,77.5321561966603,73.33956322757095
2026-09-07 10:39:38,77.5263026430242,73.34350264644306
2026-09-07 10:39:39,77.53398788527946,73.35186131890704
2026-09-07 10:39:40,77.53079541288822,73.33668142209909
2026-09-07 10:39:41,77.53375026671604,73.34174718741437
2026-09-07 10:39:42,77.53114658627548,73.33808923342188
2026-09-07 10:39:43,77.54429004225929,73.32437394023935
2026-09-07 10:39:44,77.54026729193099,73.31915832237047
2026-09-07 10:39:45,77.52830121419983,73.31320876988562
2026-09-07 10:39:46,77.52212517205669,73.32415732432104
2026-09-07 10:39:47,77.50876955331005,73.31226490520922
2026-09-07 10:39:48,77.51061447953941,73.29885634941157
2026-09-07 10:39:49,77.49530111784605,73.29351047333617
2026-09-07 10:39:50,77.48602997852271,73.28511445034594
2026-09-07 10:39:51,77.48468626190062,73.28915720044976
2026-09-07 10:39:52,77.4796542082877,73.28685419377027
2026-09-07 10:39:53,77.48492349046302,73.28562875170017
2026-09-07 10:39:54,77.49033964604023,73.28061043420561
2026-09-07 10:39:55,77.4939046242734,73.29180157210459
2026-09-07 10:39:56,77.4833023940197,73.3179449340307
2026-09-07 10:39:57,77.48071322880305,73.31510420963322
2026-09-07 10:39:58,77.47935176160898,73.31924113092093
2026-09-07 10:39:59,77.47006399278884,73.31969302770264
2026-09-07 10:40:00,77.46550183875428,73.33220090965267
2026-09-07 10:40:01,77.4522918873946,73.33794721182929
2026-09-07 10:40:02,77.44976318648435,73.33156359181314
2026-09-07 10:40:03,77.45065821437016,73.32959916780133
2026-09-07 10:40:04,77.45082626255433,73.33178154919675
2026-09-07 10:40:05,77.45978777655277,73.32838529212462
2026-09-07 10:40:06,77.4722971255168,73.30507752901741
2026-09-07 10:40:07,77.48596493384511,73.31573817361807
2026-09-07 10:40:08,77.49765796087846,73.31757994345315
2026-09-07 10:40:09,77.49966217671562,73.30890155619214
2026-09-07 10:40:10,77.50964633124508,73.29897164652272
2026-09-07 10:40:11,77.50348155955231,73.2990836836428
2026-09-07 10:40:12,77.50511201105061,73.30214522844325
2026-09-07 10:40:13,77.49616355740332,73.29927772593416
2026-09-07 10:40:14,77.4997284222008,73.30966061951052
2026-09-07 10:40:15,77.50537990341532,73.31336650796482
2026-09-07 10:40:16,77.50326383352143,73.30879311720078
2026-09-07 10:40:17,77.49923796663491,73.30808868896852
2026-09-07 10:40:18,77.50309667787769,73.3038365926319
2026-09-07 10:40:19,77.51853198631377,73.29529495175694
2026-09-07 10:40:20,77.5245644150024,73.29365903118747
2026-09-07 10:40:21,77.5233591166841,73.29049589961681
2026-09-07 10:40:22,77.53483645228347,73.28804507719121
2026-09-07 10:40:23,77.53886992249468,73.28919209214381
2026-09-07 10:40:24,77.54440244381385,73.29439174955904
2026-09-07 10:40:25,77.55677193640145,73.2881958674203
2026-09-07 10:40:26,77.55040644004815,73.30296841194412
2026-09-07 10:40:27,77.55991541194177,73.30372838627635
2026-09-07 10:40:28,77.55760320299727,73.30604846142349
2026-09-07 10:40:29,77.56732958101952,73.29955977778828
2026-09-07 10:40:30,77.57818549737283,73.2992037395679
2026-09-07 10:40:31,77.5753097036246,73.29591547735944
2026-09-07 10:40:32,77.55930040696516,73.2988201084394
2026-09-07 10:40:33,77.54919762929946,73.29412377131774
2026-09-07 10:40:34,77.5422734239477,73.29627763981662
2026-09-07 10:40:35,77.54759352929872,73.29674901786532
2026-09-07 10:40:36,77.54888923192699,73.30042963165131
2026-09-07 10:40:37,77.56090825068073,73.30554723580254
2026-09-07 10:40:38,77.57265412216219,73.30513959234858
2026-09-07 10:40:39,77.57518333289401,73.2996590831572
2026-09-07 10:40:40,77.57953826371066,73.29240780247868
2026-09-07 10:40:41,77.5829609773364,73.2870785066761
2026-09-07 10:40:42,77.58014504316995,73.29772643465516
2026-09-07 10:40:43,77.58111433611758,73.30469669236349
2026-09-07 10:40:44,77.57915671599017,73.2887444246471
2026-09-07 10:40:45,77.59017296773393,73.28732709372792
2026-09-07 10:40:46,77.58512207191129,73.29562186341558
2026-09-07 10:40:47,77.57638380090775,73.28933901338398
2026-09-07 10:40:48,77.58492122534808,73.28347588613516
2026-09-07 10:40:49,77.59333134715247,73.280980228555
2026-09-07 10:40:50,77.59159395788069,73.28171357170153
2026-09-07 10:40:51,77.58767500039852,73.2910855402478
2026-09-07 10:40:52,77.59583078865519,73.29179941497345
2026-09-07 10:40:53,77.60030421869047,73.29659827586177
2026-09-07 10:40:54,77.61290961560628,73.28307676907396
2026-09-07 10:40:55,77.62052636357167,73.29108523950578
2026-09-07 10:40:56,77.61801141855241,73.29134353733407
2026-09-07 10:40:57,77.6152519296085,73.30214070744188
2026-09-07 10:40:58,77.6064470546469,73.30750695206135
2026-09-07 10:40:59,77.61603184819484,73.31258296494804
2026-09-07 10:41:00,77.61226140324683,73.30876429230015
2026-09-07 10:41:01,77.59608362076862,73.30005401129135
2026-09-07 10:41:02,77.60423952315621,73.29205630905582
2026-09-07 10:41:03,77.59169678877917,73.29008065868328
2026-09-07 10:41:04,77.58029029288066,73.29417101716858
2026-09-07 10:41:05,77.57355035036177,73.30251015837989
2026-09-07 10:41:06,77.5725258050198,73.29045203026566
2026-09-07 10:41:07,77.56655373961325,73.28503144318107
2026-09-07 10:41:08,77.56003150125919,73.29581311621222
2026-09-07 10:41:09,77.55230740304181,73.29909502626636
2026-09-07 10:41:10,77.5477500416841,73.30431852086384
2026-09-07 10:41:11,77.53679774029408,73.29098974510633
2026-09-07 10:41:12,77.54052895837614,73.30343718141033
2026-09-07 10:41:13,77.52992639722795,73.30088617302529
2026-09-07 10:41:14,77.52594884367865,73.29298604861924
2026-09-07 10:41:15,77.53314845220488,73.29355660814393
2026-09-07 10:41:16,77.5225415862466,73.29184970002198
2026-09-07 10:41:17,77.53250136877048,73.28590900605025
2026-09-07 10:41:18,77.52846897679036,73.27894491631521
2026-09-07 10:41:19,77.52956947156389,73.27431845063765
2026-09-07 10:41:20,77.53618250560058,73.26732260304013
2026-09-07 10:41:21,77.52502098482505,73.27136019342659
2026-09-07 10:41:22,77.50087179437415,73.26334610857091
2026-09-07 10:41:23,77.50287224527307,73.26562245150414
2026-09-07 10:41:24,77.49837191711676,73.26195284770061
2026-09-07 10:41:25,77.5021930951783,73.29416340212828
2026-09-07 10:41:26,77.49597727775088,73.29277887827482
2026-09-07 10:41:27,77.49239609798722,73.2976858236139
2026-09-07 10:41:28,77.4923415392419,73.30260336831697
2026-09-07 10:41:29,77.50457318393556,73.30040585696014
2026-09-07 10:41:30,77.50225651662413,73.30379183373095
2026-09-07 10:41:31,77.51801516825292,73.3008568141581
2026-09-07 10:41:32,77.53068169650066,73.31121135339593
2026-09-07 10:41:33,77.50982384467454,73.30281154687115
2026-09-07 10:41:34,77.5022677181893,73.30638365640735
2026-09-07 10:41:35,77.51220010425608,73.30701144395347
2026-09-07 10:41:36,77.51331058467383,73.32582346254326
2026-09-07 10:41:37,77.51588594431347,73.34450043377173
2026-09-07 10:41:38,77.50898701018957,73.35884306857577
2026-09-07 10:41:39,77.50503095424267,73.33810403810803
2026-09-07 10:41:40,77.49863967438043,73.33417712156546
2026-09-07 10:41:41,77.49818982361514,73.34084334302294
2026-09-07 10:41:42,77.50329043561692,73.34549619827463
2026-09-07 10:41:43,77.49751127652684,73.3610189712481
2026-09-07 10:41:44,77.50646613303199,73.3614854197244
2026-09-07 10:41:45,77.50201569456685,73.3612276778834
2026-09-07 10:41:46,77.50021413845558,73.35538333841356
2026-09-07 10:41:47,77.50001437118216,73.34981598517325
2026-09-07 10:41:48,77.50475822726712,73.34434799304832
2026-09-07 10:41:49,77.50835157718089,73.34726439534242
2026-09-07 10:41:50,77.50949829959643,73.35193000227127
2026-09-07 10:41:51,77.50160795752981,73.37428931171779
2026-09-07 10:41:52,77.49624878008724,73.38077287048986
2026-09-07 10:41:53,77.49630382179033,73.37718811146205
2026-09-07 10:41:54,77.5093711412227,73.38685321202367
2026-09-07 10:41:55,77.5071805386141,73.39186885681093
2026-09-07 10:41:56,77.51225116060782,73.40566939995959
2026-09-07 10:41:57,77.51983286891415,73.40436835527102
2026-09-07 10:41:58,77.51781590031102,73.39447852118738
2026-09-07 10:41:59,77.51970445709048,73.40210166757154
2026-09-07 10:42:00,77.51664117303635,73.40798545600647
2026-09-07 10:42:01,77.51753751057619,73.40413975375454
2026-09-07 10:42:02,77.50819039250358,73.4139010402645
2026-09-07 10:42:03,77.52730570912566,73.41876775461282
2026-09-07 10:42:04,77.51902445067734,73.40997535134849
2026-09-07 10:42:05,77.52083988552248,73.41574197428642
2026-09-07 10:42:06,77.53226067629564,73.39501399350408
2026-09-07 10:42:07,77.54619945274656,73.3965932862439
2026-09-07 10:42:08,77.54713878078702,73.40007645658152
2026-09-07 10:42:09,77.54434964691312,73.39773864048736
2026-09-07 10:42:10,77.55225891243862,73.38289278535653
2026-09-07 10:42:11,77.55130328720627,73.38787734636531
2026-09-07 10:42:12,77.53871087897797,73.38663365136283
2026-09-07 10:42:13,77.55023525679252,73.39000112218922
2026-09-07 10:42:14,77.55551620320907,73.39624693853852
2026-09-07 10:42:15,77.55710603609322,73.39948304293351
2026-09-07 10:42:16,77.55085026726994,73.39780761837424
2026-09-07 10:42:17,77.56479205683395,73.38731053076812
2026-09-07 10:42:18,77.56343747546781,73.3764799384574
2026-09-07 10:42:19,77.55930631270078,73.36992935866242
2026-09-07 10:42:20,77.54991896210656,73.37215909597882
2026-09-07 10:42:21,77.54267317638094,73.3768753286904
2026-09-07 10:42:22,77.55631595088829,73.3548548362975
2026-09-07 10:42:23,77.55498440257757,73.33684492843342
2026-09-07 10:42:24,77.5539695114792,73.34022513569295
2026-09-07 10:42:25,77.55549765853839,73.35082865330244
2026-09-07 10:42:26,77.55663591357292,73.33601346947499
2026-09-07 10:42:27,77.56799716720487,73.32793203942701
2026-09-07 10:42:28,77.56722479826418,73.33087018910963
2026-09-07 10:42:29,77.5604698796948,73.33178204011999
2026-09-07 10:42:30,77.57175399717683,73.31728776749019
2026-09-07 10:42:31,77.55902997853018,73.3135405217424
2026-09-07 10:42:32,77.55769702216142,73.30258849967576
2026-09-07 10:42:33,77.54013987986383,73.3106426275112
2026-09-07 10:42:34,77.54304746743324,73.29927671623685
2026-09-07 10:42:35,77.5473440099277,73.29884989838932
2026-09-07 10:42:36,77.54850783712098,73.28738725418471
2026-09-07 10:42:37,77.5467886411675,73.29167386517669
2026-09-07 10:42:38,77.53342365704361,73.28268548443168
2026-09-07 10:42:39,77.54072916868915,73.30013625962195
2026-09-07 10:42:40,77.54570011602816,73.29964171481795
2026-09-07 10:42:41,77.53741992569593,73.2962333385143
2026-09-07 10:42:42,77.53545598948361,73.3001902510835
2026-09-07 10:42:43,77.53347509713532,73.32183969908789
2026-09-07 10:42:44,77.5434853602628,73.30286729122058
2026-09-07 10:42:45,77.5345541444838,73.30296445435022
2026-09-07 10:42:46,77.54197217927866,73.30660332120081
2026-09-07 10:42:47,77.52100965877415,73.29240939638854
2026-09-07 10:42:48,77.5312174384676,73.2976631993489
2026-09-07 10:42:49,77.55064293775818,73.30473968947977
2026-09-07 10:42:50,77.55411722910233,73.31816438324113
2026-09-07 10:42:51,77.55068862282069,73.31353147196046
2026-09-07 10:42:52,77.54295075107672,73.31580886679824
2026-09-07 10:42:53,77.54625300282214,73.32408456007836
2026-09-07 10:42:54,77.55723196951402,73.32964154470633
2026-09-07 10:42:55,77.56656732419444,73.32758268529695
2026-09-07 10:42:56,77.55919842107704,73.33406620962222
2026-09-07 10:42:57,77.56687966133897,73.34585518804384
2026-09-07 10:42:58,77.56559242990099,73.34186239283447
2026-09-07 10:42:59,77.56279413968245,73.34510916644173
2026-09-07 10:43:00,77.56239480130081,73.3436007283023
2026-09-07 10:43:01,77.56430323518819,73.34116663345735
2026-09-07 10:43:02,77.56683986028052,73.33603767977218
2026-09-07 10:43:03,77.55505971415614,73.33342881326423
2026-09-07 10:43:04,77.56941908789719,73.32644406690646
2026-09-07 10:43:05,77.57635791886052,73.33829445580118
2026-09-07 10:43:06,77.57219451454988,73.34064849841239
2026-09-07 10:43:07,77.55479757292375,73.3457393447079
2026-09-07 10:43:08,77.56648004803023,73.34745573874017
2026-09-07 10:43:09,77.55131830427828,73.3424783330252
2026-09-07 10:43:10,77.54563819527196,73.34354958501677
2026-09-07 10:43:11,77.54779609727967,73.34002552919243
2026-09-07 10:43:12,77.54541594547614,73.33296070442596
2026-09-07 10:43:13,77.54975941540334,73.33479699883297
2026-09-07 10:43:14,77.55237192405681,73.3304761269027
2026-09-07 10:43:15,77.55611022923897,73.32794410135035
2026-09-07 10:43:16,77.55835512599872,73.32663442504497
2026-09-07 10:43:17,77.55328699357992,73.31712367032507
2026-09-07 10:43:18,77.53908218066807,73.3052521246884
2026-09-07 10:43:19,77.54257711539086,73.33389706748193
2026-09-07 10:43:20,77.53006609813724,73.32683750919126
2026-09-07 10:43:21,77.52997681786552,73.3582076442045
2026-09-07 10:43:22,77.52839705223985,73.34806148412191
2026-09-07 10:43:23,77.53157241980048,73.36645026519108
2026-09-07 10:43:24,77.51028594812749,73.35626298303663
2026-09-07 10:43:25,77.51969258911546,73.34613326848407
2026-09-07 10:43:26,77.51888521492032,73.34067578281224
2026-09-07 10:43:27,77.52468091275078,73.32798879239195
2026-09-07 10:43:28,77.52703204480015,73.32998230778776
2026-09-07 10:43:29,77.53132029998682,73.33380697821364
2026-09-07 10:43:30,77.53247866456005,73.31825811759846
2026-09-07 10:43:31,77.530004188289,73.31001396503586
2026-09-07 10:43:32,77.53403235962365,73.30802650507415
2026-09-07 10:43:33,77.53517962945425,73.31778462552651
2026-09-07 10:43:34,77.5343513928395,73.33266732599797
2026-09-07 10:43:35,77.54070076010116,73.31966780849048
2026-09-07 10:43:36,77.53624446924562,73.330448864499
2026-09-07 10:43:37,77.53243789500722,73.34103393291224
2026-09-07 10:43:38,77.52814995161144,73.34001447921261
2026-09-07 10:43:39,77.53596604072433,73.32618601264878
2026-09-07 10:43:40,77.53654082224696,73.32224051693758
2026-09-07 10:43:41,77.53782269169939,73.33736657414681
2026-09-07 10:43:42,77.54154674797219,73.32551205642334
2026-09-07 10:43:43,77.54885281829583,73.32157563012322
2026-09-07 10:43:44,77.55010393644282,73.33183044403701
2026-09-07 10:43:45,77.54773899817043,73.34031632951121
2026-09-07 10:43:46,77.54909104415127,73.33240058934913
2026-09-07 10:43:47,77.5467309804421,73.32047599150063
2026-09-07 10:43:48,77.55572508123082,73.3219587803493
2026-09-07 10:43:49,77.56308672105453,73.31217230001829
2026-09-07 10:43:50,77.56952976229391,73.30167786720565
2026-09-07 10:43:51,77.57166470510427,73.30159189244708
2026-09-07 10:43:52,77.5671689711967,73.30433563127464
2026-09-07 10:43:53,77.56742760972162,73.2967154578666
2026-09-07 10:43:54,77.56177156023297,73.28524361596402
2026-09-07 10:43:55,77.57219668576107,73.28659901971749
2026-09-07 10:43:56,77.56943017562342,73.2927299562502
2026-09-07 10:43:57,77.56287545815044,73.28249551749528
2026-09-07 10:43:58,77.5655813891431,73.29651699217189
2026-09-07 10:43:59,77.56786070414265,73.29791535615631
2026-09-07 10:44:00,77.58112941515405,73.28429574913343
2026-09-07 10:44:01,77.60439896541223,73.27459918272777
2026-09-07 10:44:02,77.60383733994703,73.26277083483909
2026-09-07 10:44:03,77.59459235900448,73.26068282271764
2026-09-07 10:44:04,77.6131831591713,73.25239745390445
2026-09-07 10:44:05,77.60848963838696,73.25479943011443
2026-09-07 10:44:06,77.60073917162664,73.25254736114724
2026-09-07 10:44:07,77.60696742648284,73.23332231778147
2026-09-07 10:44:08,77.60467402654122,73.23073943192378
2026-09-07 10:44:09,77.6007774685756,73.22971210325257
2026-09-07 10:44:10,77.5871068125455,73.22584701148098
2026-09-07 10:44:11,77.58314103153785,73.21677105466019
2026-09-07 10:44:12,77.59274614168619,73.23445628887633
2026-09-07 10:44:13,77.59882478099833,73.2268167054206
2026-09-07 10:44:14,77.60963357427136,73.23123972527381
2026-09-07 10:44:15,77.60341680050236,73.2365930034761
2026-09-07 10:44:16,77.59901748485642,73.24165977607754
2026-09-07 10:44:17,77.60601583589211,73.25188224767531
2026-09-07 10:44:18,77.59799851558837,73.25076819040623
2026-09-07 10:44:19,77.59802177301361,73.23997601043904
2026-09-07 10:44:20,77.60117921458298,73.24610775291488
2026-09-07 10:44:21,77.59067383867064,73.24123773234848
2026-09-07 10:44:22,77.58226915722845,73.22999209191472
2026-09-07 10:44:23,77.57415890955136,73.24214549086578
2026-09-07 10:44:24,77.569110884124,73.23866148712526
2026-09-07 10:44:25,77.57662783098858,73.24773344828155
2026-09-07 10:44:26,77.58731962585343,73.22937705587627
2026-09-07 10:44:27,77.59306363574873,73.21385911968478
2026-09-07 10:44:28,77.58824600467615,73.21019145610653
2026-09-07 10:44:29,77.58390696562905,73.22757732376809
2026-09-07 10:44:30,77.58263588636869,73.23796842268519
2026-09-07 10:44:31,77.58126267415824,73.23744177374373
2026-09-07 10:44:32,77.58514675549365,73.24136632892878
2026-09-07 10:44:33,77.58895046748128,73.22601945314574
2026-09-07 10:44:34,77.59280792799355,73.22885551043778
2026-09-07 10:44:35,77.59736726687352,73.22839211723011
2026-09-07 10:44:36,77.60048207277802,73.21685475493899
2026-09-07 10:44:37,77.6090968847009,73.20611189881957
2026-09-07 10:44:38,77.61975782886246,73.21508366693523
2026-09-07 10:44:39,77.61927758199353,73.21248091703326
2026-09-07 10:44:40,77.62518740841585,73.2097854275981
2026-09-07 10:44:41,77.61614615045328,73.21225371967176
2026-09-07 10:44:42,77.60685978885371,73.20821434499142
2026-09-07 10:44:43,77.6205073468601,73.21538689994992
2026-09-07 10:44:44,77.61708248869112,73.21478040910905
2026-09-07 10:44:45,77.6121578941412,73.21468299469572
2026-09-07 10:44:46,77.60114054272093,73.22073223537731
2026-09-07 10:44:47,77.60124525159765,73.21531433002316
2026-09-07 10:44:48,77.59656265800058,73.23864090084744
2026-09-07 10:44:49,77.59319297650926,73.23441556382724
2026-09-07 10:44:50,77.58876482663804,73.23003128125876
2026-09-07 10:44:51,77.59871266951524,73.23604189929048
2026-09-07 10:44:52,77.6018979400958,73.2392915385051
2026-09-07 10:44:53,77.5932562483456,73.21788060423665
2026-09-07 10:44:54,77.60473238936272,73.22423709793185
2026-09-07 10:44:55,77.60638040043783,73.22671511931532
2026-09-07 10:44:56,77.60790572464771,73.22690707943256
2026-09-07 10:44:57,77.60591556054945,73.20714489754423
2026-09-07 10:44:58,77.61023856749179,73.20756818612078
2026-09-07 10:44:59,77.61767023659948,73.2102977322371
2026-09-07 10:45:00,77.61549651731507,73.21565581965088
2026-09-07 10:45:01,77.25693459750026,73.57171381409407
2026-09-07 10:45:02,76.89409304968397,73.92794869634545
2026-09-07 10:45:03,76.53183166142776,74.28398414362024
2026-09-07 10:45:04,76.1793109942686,74.66988026322561
2026-09-07 10:45:05,75.81845922037171,75.03981313431557
2026-09-07 10:45:06,75.44347015759432,75.3711128108525
2026-09-07 10:45:07,75.0798796714604,75.72972169015743
2026-09-07 10:45:08,74.71425295556634,76.07763595413199
2026-09-07 10:45:09,74.34779712546765,76.43308047138635
2026-09-07 10:45:10,73.98897652151456,76.79008583952067
2026-09-07 10:45:11,73.61986742050118,77.1467907632215
2026-09-07 10:45:12,73.27137305675367,77.49896461458364
2026-09-07 10:45:13,72.91187807291729,77.86789899753721
2026-09-07 10:45:14,72.54576850672584,78.2228258099556
2026-09-07 10:45:15,72.20778155691238,78.59380707394023
2026-09-07 10:45:16,72.20377516929105,78.59522373351376
2026-09-07 10:45:17,72.20453671884562,78.5965275430939
2026-09-07 10:45:18,72.20807118690921,78.5938678421246
2026-09-07 10:45:19,72.19121270353321,78.58533611134736
2026-09-07 10:45:20,72.19235989317684,78.57321102782727
2026-09-07 10:45:21,72.18990458813587,78.5865427941882
2026-09-07 10:45:22,72.19171260520277,78.5807231419189
2026-09-07 10:45:23,72.1927648164161,78.59002898469657
2026-09-07 10:45:24,72.17975550581671,78.57893587375673
2026-09-07 10:45:25,72.17472087845887,78.57504128376068
2026-09-07 10:45:26,72.17405319094131,78.56989668674159
2026-09-07 10:45:27,72.17487053455231,78.5706802972426
2026-09-07 10:45:28,72.16601410487971,78.56514500586903
2026-09-07 10:45:29,72.15660107532294,78.56769860631226
2026-09-07 10:45:30,72.1585860578421,78.57349537900326
2026-09-07 10:45:31,72.15193853547248,78.56877660652351
2026-09-07 10:45:32,72.13509201055051,78.56887670298514
2026-09-07 10:45:33,72.12282047818536,78.57194397723669
2026-09-07 10:45:34,72.13100564948824,78.57588611774584
2026-09-07 10:45:35,72.13576976823909,78.57790019520675
2026-09-07 10:45:36,72.13858444219842,78.58622019573997
2026-09-07 10:45:37,72.14817067807198,78.60412225033451
2026-09-07 10:45:38,72.14615067936144,78.61150720199275
2026-09-07 10:45:39,72.15272528796022,78.6152895683809
2026-09-07 10:45:40,72.15475665546116,78.60407996780928
2026-09-07 10:45:41,72.16302025670237,78.59624594592394
2026-09-07 10:45:42,72.15806535011454,78.58867520551703
2026-09-07 10:45:43,72.16230641129663,78.58010168433285
2026-09-07 10:45:44,72.16577347403658,78.58509447677527
2026-09-07 10:45:45,72.16654002632937,78.58208294399327
2026-09-07 10:45:46,72.17105702886326,78.59368946113287
2026-09-07 10:45:47,72.16755073216014,78.58438247144817
2026-09-07 10:45:48,72.1629873996382,78.57659749954969
2026-09-07 10:45:49,72.16118258218263,78.57522656239142
2026-09-07 10:45:50,72.14372087174591,78.58814944437388
2026-09-07 10:45:51,72.1375465611644,78.58435896383892
2026-09-07 10:45:52,72.1226984234166,78.56691471328838
2026-09-07 10:45:53,72.11500432884864,78.56894231241121
2026-09-07 10:45:54,72.12144018832548,78.55292276899526
2026-09-07 10:45:55,72.12312570087762,78.56631994450566
2026-09-07 10:45:56,72.1209860418695,78.57444028839431
2026-09-07 10:45:57,72.12334052156515,78.56625740815484
2026-09-07 10:45:58,72.13086697255008,78.56086543346447
2026-09-07 10:45:59,72.13354886051559,78.55731435691106
2026-09-07 10:46:00,72.13190578867271,78.55866521359015
2026-09-07 10:46:01,72.14192045850486,78.54376938883156
2026-09-07 10:46:02,72.13346218822993,78.54466971626444
2026-09-07 10:46:03,72.14084057463612,78.54300400666666
2026-09-07 10:46:04,72.13941623217144,78.5476581727831
2026-09-07 10:46:05,72.15135615075774,78.53965347798263
2026-09-07 10:46:06,72.13925168754471,78.53716023906146
2026-09-07 10:46:07,72.1450495251406,78.52553088754368
2026-09-07 10:46:08,72.15358538999963,78.53382671227634
2026-09-07 10:46:09,72.15955943945775,78.52635490732182
2026-09-07 10:46:10,72.14976024205549,78.53214549150323
2026-09-07 10:46:11,72.15173437228523,78.53821116737336
2026-09-07 10:46:12,72.14152208634253,78.51208956585238
2026-09-07 10:46:13,72.15000664177042,78.52091849049528
2026-09-07 10:46:14,72.14790373610556,78.52086398859078
2026-09-07 10:46:15,72.15132849226094,78.52746497945301
2026-09-07 10:46:16,72.14989100283545,78.52291583330567
2026-09-07 10:46:17,72.14248994106082,78.53197554135674
2026-09-07 10:46:18,72.14323432296189,78.5018680855262
2026-09-07 10:46:19,72.14582981122416,78.49681332325649
2026-09-07 10:46:20,72.1361729652879,78.49229105693627
2026-09-07 10:46:21,72.1264837163373,78.48831184757196
2026-09-07 10:46:22,72.12233366015539,78.49282082508212
2026-09-07 10:46:23,72.11466104645018,78.47675086270988
2026-09-07 10:46:24,72.11007015389443,78.46459789023565
2026-09-07 10:46:25,72.1156747265164,78.46277099727435
2026-09-07 10:46:26,72.10299811738037,78.45503172651772
2026-09-07 10:46:27,72.1027830994469,78.45466408262416
2026-09-07 10:46:28,72.08883316175483,78.45351683701692
2026-09-07 10:46:29,72.0910658219046,78.46222473416995
2026-09-07 10:46:30,72.09936708923307,78.46112307643999
2026-09-07 10:46:31,72.08950616306298,78.457814735028
2026-09-07 10:46:32,72.09441960812853,78.44968377890743
2026-09-07 10:46:33,72.10394951373084,78.44121312571792
2026-09-07 10:46:34,72.0954130144836,78.44852173498424
2026-09-07 10:46:35,72.09464208620064,78.45134350849428
2026-09-07 10:46:36,72.09232738558363,78.4516009636368
2026-09-07 10:46:37,72.08789891538986,78.46830702892966
2026-09-07 10:46:38,72.09285321958508,78.46719252547972
2026-09-07 10:46:39,72.0964249069955,78.47453559094622
2026-09-07 10:46:40,72.09242927145583,78.47607564994809
2026-09-07 10:46:41,72.09397828776201,78.47108131168822
2026-09-07 10:46:42,72.0881131000848,78.4693034698558
2026-09-07 10:46:43,72.08583161527473,78.46569740109689
2026-09-07 10:46:44,72.07111597624124,78.46635910086664
2026-09-07 10:46:45,72.07606155001325,78.4669866332404
2026-09-07 10:46:46,72.08903209067482,78.47457808852282
2026-09-07 10:46:47,72.08633127109808,78.46861888344375
2026-09-07 10:46:48,72.09011477328433,78.46531911933353
2026-09-07 10:46:49,72.07786698442743,78.46637607934203
2026-09-07 10:46:50,72.07561212566868,78.46438258068709
2026-09-07 10:46:51,72.08024174012462,78.46608044969808
2026-09-07 10:46:52,72.09555233651479,78.45955251105684
2026-09-07 10:46:53,72.09481039577973,78.46226359542706
2026-09-07 10:46:54,72.09146844494732,78.45772654171967
2026-09-07 10:46:55,72.10470361134041,78.44492369622557
2026-09-07 10:46:56,72.10733078281753,78.42947131339245
2026-09-07 10:46:57,72.10988800370914,78.41255782909637
2026-09-07 10:46:58,72.1010477751726,78.4225444718379
2026-09-07 10:46:59,72.1127008321701,78.4236637328735
2026-09-07 10:47:00,72.09212585047344,78.43257142233594
2026-09-07 10:47:01,72.09396752050282,78.42282109441291
2026-09-07 10:47:02,72.0912753755784,78.41118361397554
2026-09-07 10:47:03,72.09055848284495,78.41040733245336
2026-09-07 10:47:04,72.09148079348007,78.4173420220827
2026-09-07 10:47:05,72.08659708937203,78.39794055502853
2026-09-07 10:47:06,72.07775198418499,78.38686787698641
2026-09-07 10:47:07,72.07495533026758,78.38301139381934
2026-09-07 10:47:08,72.0746240759378,78.39501519464066
2026-09-07 10:47:09,72.07481963000026,78.3855323875402
2026-09-07 10:47:10,72.07249729999707,78.37781304932652
2026-09-07 10:47:11,72.0706678956842,78.38289321548962
2026-09-07 10:47:12,72.06210404383565,78.38906295101009
2026-09-07 10:47:13,72.07560089942979,78.40242278080447
2026-09-07 10:47:14,72.08788668443131,78.40319744356647
2026-09-07 10:47:15,72.07766324234034,78.42080301749401
2026-09-07 10:47:16,72.07726890791588,78.42282171344756
2026-09-07 10:47:17,72.07456799598847,78.4145592086407
2026-09-07 10:47:18,72.07923652532058,78.40228541893772
2026-09-07 10:47:19,72.06883182715733,78.40711987237798
2026-09-07 10:47:20,72.06599632810534,78.39974178781631
2026-09-07 10:47:21,72.0697459870009,78.41220383684872
2026-09-07 10:47:22,72.0675957467847,78.4110082296017
2026-09-07 10:47:23,72.0718301301286,78.41922545026269
2026-09-07 10:47:24,72.07964475610625,78.42516850475243
2026-09-07 10:47:25,72.0746182750755,78.42982709800036
2026-09-07 10:47:26,72.07466988792186,78.41493096392958
2026-09-07 10:47:27,72.0840050884076,78.41994504610281
2026-09-07 10:47:28,72.09435781251659,78.41936888054533
2026-09-07 10:47:29,72.09985518551667,78.41874034151638
2026-09-07 10:47:30,72.10108221933898,78.42670722238881
2026-09-07 10:47:31,72.10151709238441,78.43205034478116
2026-09-07 10:47:32,72.10125068535872,78.44278014505136
2026-09-07 10:47:33,72.10618019937088,78.42827054380216
2026-09-07 10:47:34,72.11872778176817,78.43211040026593
2026-09-07 10:47:35,72.11486650759218,78.42664820761583
2026-09-07 10:47:36,72.1299010266803,78.42742582292468
2026-09-07 10:47:37,72.13375424828537,78.43264092817358
2026-09-07 10:47:38,72.12923403533824,78.44795616647066
2026-09-07 10:47:39,72.1451324385461,78.44113397579007
2026-09-07 10:47:40,72.15371731699466,78.42686654295348
2026-09-07 10:47:41,72.15117556206964,78.42740347149572
2026-09-07 10:47:42,72.15157070416184,78.43239084083638
2026-09-07 10:47:43,72.15461988610869,78.43564798340059
2026-09-07 10:47:44,72.15359355436865,78.43830033282265
2026-09-07 10:47:45,72.14940097548623,78.45549005347401
2026-09-07 10:47:46,72.14986996136803,78.46633460442686
2026-09-07 10:47:47,72.15066670036181,78.46503384699778
2026-09-07 10:47:48,72.14930600651039,78.45375314573393
2026-09-07 10:47:49,72.16499903389844,78.45736964673476
2026-09-07 10:47:50,72.16598630241258,78.45332726424809
2026-09-07 10:47:51,72.17565999177312,78.45045104751797
2026-09-07 10:47:52,72.17218925270782,78.44572889741008
2026-09-07 10:47:53,72.18384529352443,78.44844802467992
2026-09-07 10:47:54,72.18274606746598,78.4428407159093
2026-09-07 10:47:55,72.19245399713628,78.44536746886675
2026-09-07 10:47:56,72.18996692203513,78.45318924450437
2026-09-07 10:47:57,72.1965949901206,78.4445193111982
2026-09-07 10:47:58,72.20528409775478,78.45404314871884
2026-09-07 10:47:59,72.20346986456619,78.44244808833183
2026-09-07 10:48:00,72.2117430411487,78.43947066666489
2026-09-07 10:48:01,72.21022649291142,78.43697461217371
2026-09-07 10:48:02,72.20820288623591,78.44427290819701
2026-09-07 10:48:03,72.1999809185652,78.44892857744954
2026-09-07 10:48:04,72.20873369255317,78.4581370277298
2026-09-07 10:48:05,72.21419289894543,78.46046773763443
2026-09-07 10:48:06,72.21274574675917,78.45943932297187
2026-09-07 10:48:07,72.20617116628209,78.47402963020073
2026-09-07 10:48:08,72.20531700432234,78.46524905806727
2026-09-07 10:48:09,72.21162374977558,78.47840332268895
2026-09-07 10:48:10,72.21375451517306,78.47565509688627
2026-09-07 10:48:11,72.20541185187771,78.48128489605251
2026-09-07 10:48:12,72.20362477476735,78.47553833140398
2026-09-07 10:48:13,72.2081893709724,78.46431805294158
2026-09-07 10:48:14,72.21376575276561,78.44319750158915
2026-09-07 10:48:15,72.20916609074702,78.43079974644682
2026-09-07 10:48:16,72.2073797291778,78.43774941678032
2026-09-07 10:48:17,72.1976571238822,78.44958768978944
2026-09-07 10:48:18,72.19259964270304,78.44541665227952
2026-09-07 10:48:19,72.20010017355047,78.43910396697164
2026-09-07 10:48:20,72.21106226164824,78.43734846204583
2026-09-07 10:48:21,72.21040173846326,78.4290139381
2026-09-07 10:48:22,72.21907761660485,78.42846976431957
2026-09-07 10:48:23,72.21551118538078,78.42025993776656
2026-09-07 10:48:24,72.21082174239855,78.41944363805771
2026-09-07 10:48:25,72.20550642012735,78.42636163685319
2026-09-07 10:48:26,72.20530582171656,78.42102004550179
2026-09-07 10:48:27,72.20882562686629,78.43339918387207
2026-09-07 10:48:28,72.1933298533837,78.43652372294464
2026-09-07 10:48:29,72.20148434588202,78.43772587224672
2026-09-07 10:48:30,72.20772242268477,78.42440922876708
2026-09-07 10:48:31,72.2022061054832,78.43316605175585
2026-09-07 10:48:32,72.20159813869499,78.43371549620892
2026-09-07 10:48:33,72.20637341963389,78.43691521587131
2026-09-07 10:48:34,72.20982015196674,78.4326385195785
2026-09-07 10:48:35,72.20767485281587,78.44398270027779
2026-09-07 10:48:36,72.20409046513603,78.4315400862312
2026-09-07 10:48:37,72.20156729251597,78.43928991761247
2026-09-07 10:48:38,72.21504160694431,78.44060307448545
2026-09-07 10:48:39,72.21051698574614,78.44587683651007
2026-09-07 10:48:40,72.21287177797974,78.45611530606935
2026-09-07 10:48:41,72.21684392434733,78.46265088721876
2026-09-07 10:48:42,72.22074353359339,78.46628470113173
2026-09-07 10:48:43,72.21406576539273,78.46489163526809
2026-09-07 10:48:44,72.22610339619612,78.47641368921153
2026-09-07 10:48:45,72.23340730937053,78.47984504572366
2026-09-07 10:48:46,72.23270623798646,78.48287472609088
2026-09-07 10:48:47,72.23037828690076,78.49229727009966
2026-09-07 10:48:48,72.22818059124154,78.48574941516442
2026-09-07 10:48:49,72.21631841838037,78.49920273161032
2026-09-07 10:48:50,72.2108490979362,78.49179180159832
2026-09-07 10:48:51,72.21398969222989,78.50733379353922
2026-09-07 10:48:52,72.21909081998795,78.50448154013236
2026-09-07 10:48:53,72.22344354835703,78.4973716740459
2026-09-07 10:48:54,72.2217239435151,78.497647389184
2026-09-07 10:48:55,72.22198270484094,78.50440111682958
2026-09-07 10:48:56,72.22614468653666,78.52069628009903
2026-09-07 10:48:57,72.2324925178208,78.51827461070344
2026-09-07 10:48:58,72.23456429136213,78.51096696924672
2026-09-07 10:48:59,72.23019723283501,78.5080455550529
2026-09-07 10:49:00,72.23789920231204,78.50212065102461
2026-09-07 10:49:01,72.22650104457844,78.49340812131604
2026-09-07 10:49:02,72.21777712115788,78.49183937044572
2026-09-07 10:49:03,72.2157203505255,78.48180581401955
2026-09-07 10:49:04,72.2100379272696,78.47825774146936
2026-09-07 10:49:05,72.2131431436471,78.48355683298185
2026-09-07 10:49:06,72.22313505725788,78.48136538699046
2026-09-07 10:49:07,72.22800117038261,78.48203748476378
2026-09-07 10:49:08,72.2201199987254,78.47659237717399
2026-09-07 10:49:09,72.23651439100097,78.475238388031
2026-09-07 10:49:10,72.24893000659547,78.48237967590917
2026-09-07 10:49:11,72.2614495960238,78.48077817396414
2026-09-07 10:49:12,72.26857916130236,78.47819444849745
2026-09-07 10:49:13,72.26061884642043,78.46815427180714
2026-09-07 10:49:14,72.26410739267028,78.45431119542486
2026-09-07 10:49:15,72.26705945679414,78.44684376849973
2026-09-07 10:49:16,72.38992912491673,78.31506532188466
2026-09-07 10:49:17,72.51645735028859,78.19312225061117
2026-09-07 10:49:18,72.62541945847991,78.0607752104629
2026-09-07 10:49:19,72.7461508048856,77.92673464536435
2026-09-07 10:49:20,72.86884029063022,77.8109344466532
2026-09-07 10:49:21,72.98425669356301,77.7029716936271
2026-09-07 10:49:22,73.11518563677586,77.5856996344306
2026-09-07 10:49:23,73.23881833273,77.46978850463367
2026-09-07 10:49:24,73.35716005537786,77.36110063984064
2026-09-07 10:49:25,73.47348947383652,77.21949623646087
2026-09-07 10:49:26,73.59391858496508,77.10331457175145
2026-09-07 10:49:27,73.7202727411856,76.97384115138657
2026-09-07 10:49:28,73.85080500451326,76.84681734728802
2026-09-07 10:49:29,73.97573646009903,76.73311559797689
2026-09-07 10:49:30,74.09733104395973,76.62288739151568
2026-09-07 10:49:31,74.21397873061775,76.5205427280795
2026-09-07 10:49:32,74.33788565595046,76.39695652231215
2026-09-07 10:49:33,74.47736920643686,76.2769262601145
2026-09-07 10:49:34,74.58571929109523,76.16916194188407
2026-09-07 10:49:35,74.7174044117276,76.04422671134898
2026-09-07 10:49:36,74.83040902661183,75.93395868229196
2026-09-07 10:49:37,74.95113422313008,75.80571340735561
2026-09-07 10:49:38,75.06788224086266,75.68632411012555
2026-09-07 10:49:39,75.1954145180068,75.57981591384961
2026-09-07 10:49:40,75.31114365102775,75.4730474242754
2026-09-07 10:49:41,75.42031140800441,75.35921331602111
2026-09-07 10:49:42,75.53959089395227,75.24300330088319
2026-09-07 10:49:43,75.65668033669868,75.11690855075466
2026-09-07 10:49:44,75.77906993765858,75.00666288913811
2026-09-07 10:49:45,75.88306533618197,74.88713084973075
2026-09-07 10:49:46,76.00040027362196,74.75792695270393
2026-09-07 10:49:47,76.11080304250797,74.64240674640125
2026-09-07 10:49:48,76.23519137510849,74.52798728865962
2026-09-07 10:49:49,76.34086873596503,74.39489397748703
2026-09-07 10:49:50,76.45666177631428,74.27119076521548
2026-09-07 10:49:51,76.5899409668521,74.14789847114488
2026-09-07 10:49:52,76.71117981965321,74.03650402430681
2026-09-07 10:49:53,76.84378171178358,73.91973566916803
2026-09-07 10:49:54,76.96661305821807,73.81644860800158
2026-09-07 10:49:55,77.08395749496455,73.6810085102311
2026-09-07 10:49:56,77.19874010956588,73.55833154026716
2026-09-07 10:49:57,77.32869623203894,73.44108297741836
2026-09-07 10:49:58,77.45786870572638,73.32199443882925
2026-09-07 10:49:59,77.57849370043516,73.19704462277424
2026-09-07 10:50:00,77.68972933434439,73.08143932594534
2026-09-07 10:50:01,77.69270988388466,73.08640218323423
2026-09-07 10:50:02,77.68909875924403,73.08280376446456
2026-09-07 10:50:03,77.69219618176523,73.0880633222035
2026-09-07 10:50:04,77.70717474251342,73.08055312125306
2026-09-07 10:50:05,77.7147709430674,73.08820652655761
2026-09-07 10:50:06,77.71315452634849,73.08941406321422
2026-09-07 10:50:07,77.71306226035922,73.10262322163332
2026-09-07 10:50:08,77.73211516423193,73.10543229431244
2026-09-07 10:50:09,77.73055512222274,73.11364769474763
2026-09-07 10:50:10,77.73451552706005,73.11207672409033
2026-09-07 10:50:11,77.74038357735277,73.11961758036678
2026-09-07 10:50:12,77.73780090150373,73.12698381760902
2026-09-07 10:50:13,77.72162087932271,73.11590820821286
2026-09-07 10:50:14,77.71965831147398,73.11729841063934
2026-09-07 10:50:15,77.70925724109776,73.1300705715769
2026-09-07 10:50:16,77.70679728635955,73.13139764926905
2026-09-07 10:50:17,77.70680888707612,73.13793563855526
2026-09-07 10:50:18,77.70287106842888,73.14437153351959
2026-09-07 10:50:19,77.69708585746584,73.13160118300348
2026-09-07 10:50:20,77.70118719530257,73.1330174350714
2026-09-07 10:50:21,77.70799367421137,73.11628842454017
2026-09-07 10:50:22,77.70913006497388,73.11075995655118
2026-09-07 10:50:23,77.70807205376376,73.10738346224362
2026-09-07 10:50:24,77.70563596550178,73.10163377777549
2026-09-07 10:50:25,77.71347138158033,73.08680937880766
2026-09-07 10:50:26,77.70149058879636,73.08980498235552
2026-09-07 10:50:27,77.71662165267338,73.08323629211839
2026-09-07 10:50:28,77.71029061236234,73.07316610471257
2026-09-07 10:50:29,77.70310739820965,73.08398101061128
2026-09-07 10:50:30,77.70844635637327,73.09177886793559
2026-09-07 10:50:31,77.71132309375099,73.0938185894016
2026-09-07 10:50:32,77.70735949254228,73.0854690682699
2026-09-07 10:50:33,77.71225387378621,73.10690149012625
2026-09-07 10:50:34,77.7098658473138,73.11788345962628
2026-09-07 10:50:35,77.70501274399031,73.11823876140583
2026-09-07 10:50:36,77.71783155885673,73.117622307387
2026-09-07 10:50:37,77.72282913566063,73.11279129873502
2026-09-07 10:50:38,77.73698717329769,73.10217362713928
2026-09-07 10:50:39,77.7414367594533,73.10013079287687
2026-09-07 10:50:40,77.74320964870782,73.10328401442196
2026-09-07 10:50:41,77.75320792855521,73.11087206233803
2026-09-07 10:50:42,77.76129299783783,73.11406241103167
2026-09-07 10:50:43,77.75375240871934,73.12568736851311
2026-09-07 10:50:44,77.76539994527856,73.12987948907463
2026-09-07 10:50:45,77.77157034593317,73.12788831569092
2026-09-07 10:50:46,77.76128195449694,73.13642027137736
2026-09-07 10:50:47,77.7562542878719,73.15300843855094
2026-09-07 10:50:48,77.76165663365018,73.15286026451004
2026-09-07 10:50:49,77.75744978386635,73.15381018694866
2026-09-07 10:50:50,77.75032925986892,73.15057789952562
2026-09-07 10:50:51,77.76241586394093,73.14803602554467
2026-09-07 10:50:52,77.7762873246514,73.14722202609066
2026-09-07 10:50:53,77.77967582573223,73.13924096232587
2026-09-07 10:50:54,77.77777142453965,73.13539812847878
2026-09-07 10:50:55,77.76784707255491,73.15217228905995
2026-09-07 10:50:56,77.77250823247647,73.15146488302415
2026-09-07 10:50:57,77.76475159806925,73.1517711791028
2026-09-07 10:50:58,77.7573027088769,73.14338941376656
2026-09-07 10:50:59,77.75622402904779,73.1621186345686
2026-09-07 10:51:00,77.74370318023642,73.1669883697798
2026-09-07 10:51:01,77.73997924389764,73.1418391119161
2026-09-07 10:51:02,77.72987292712916,73.14068978829035
2026-09-07 10:51:03,77.7306280769097,73.13416821533025
2026-09-07 10:51:04,77.74401877069502,73.13883067510032
2026-09-07 10:51:05,77.73966290785401,73.12458027369657
2026-09-07 10:51:06,77.74124430033838,73.1187832642254
2026-09-07 10:51:07,77.74908241830279,73.10973932931483
2026-09-07 10:51:08,77.7582010579458,73.10576689362024
2026-09-07 10:51:09,77.75992973277837,73.10343270058635
2026-09-07 10:51:10,77.7648234318191,73.11340599032512
2026-09-07 10:51:11,77.7611018588534,73.10558412660428
2026-09-07 10:51:12,77.77537571756662,73.11388802235763
2026-09-07 10:51:13,77.78975233627285,73.12219884773106
2026-09-07 10:51:14,77.79102352655634,73.136380147816
2026-09-07 10:51:15,77.78635834109201,73.13268497727306
2026-09-07 10:51:16,77.78368047285764,73.13865310352831
2026-09-07 10:51:17,77.77766502837534,73.13713577151044
2026-09-07 10:51:18,77.77170013203246,73.13511880049053
2026-09-07 10:51:19,77.78025811551663,73.14478467108147
2026-09-07 10:51:20,77.77890106986511,73.1669439458581
2026-09-07 10:51:21,77.77398302269782,73.17093437408283
2026-09-07 10:51:22,77.77072233350722,73.15169963892642
2026-09-07 10:51:23,77.76222917616595,73.1624901434443
2026-09-07 10:51:24,77.75026753316956,73.18795261664117
2026-09-07 10:51:25,77.74962196426198,73.19032206637385
2026-09-07 10:51:26,77.75914510971407,73.19059908713305
2026-09-07 10:51:27,77.75471078103817,73.18531276176056
2026-09-07 10:51:28,77.74801531973607,73.19012047203827
2026-09-07 10:51:29,77.74479101172243,73.1945964107616
2026-09-07 10:51:30,77.73394879973526,73.19086180126482
2026-09-07 10:51:31,77.74943565421412,73.19405279538125
2026-09-07 10:51:32,77.74892443279802,73.20439583059243
2026-09-07 10:51:33,77.75121750908937,73.21776606437537
2026-09-07 10:51:34,77.74287088181188,73.22447009068158
2026-09-07 10:51:35,77.73527738664932,73.23041676854918
2026-09-07 10:51:36,77.75369498298599,73.2437649337581
2026-09-07 10:51:37,77.74759826289433,73.24745096992254
2026-09-07 10:51:38,77.75122873299227,73.2411906189593
2026-09-07 10:51:39,77.75327238360954,73.2319172318223
2026-09-07 10:51:40,77.76067024474185,73.23989761067436
2026-09-07 10:51:41,77.75970401181694,73.2459091717184
2026-09-07 10:51:42,77.77757714802904,73.24453764864445
2026-09-07 10:51:43,77.76396929134373,73.24748226178252
2026-09-07 10:51:44,77.7608480427278,73.24069021786369
2026-09-07 10:51:45,77.76775116434605,73.24944375598912
2026-09-07 10:51:46,77.77239349279782,73.26371032591707
2026-09-07 10:51:47,77.7679498673132,73.2600952435341
2026-09-07 10:51:48,77.77128664252783,73.2365094866555
2026-09-07 10:51:49,77.75128296928298,73.23953182525239
2026-09-07 10:51:50,77.74992283902412,73.24006361719522
2026-09-07 10:51:51,77.74302220106034,73.24206330613126
2026-09-07 10:51:52,77.75106415883535,73.23656389143041
2026-09-07 10:51:53,77.75546284122605,73.23523545923275
2026-09-07 10:51:54,77.75450369099526,73.23627171599803
2026-09-07 10:51:55,77.76588487664276,73.24083614228871
2026-09-07 10:51:56,77.77116882386964,73.24216565168918
2026-09-07 10:51:57,77.75545384213905,73.25040890442295
2026-09-07 10:51:58,77.75551608568946,73.25126443826926
2026-09-07 10:51:59,77.75197156014859,73.2378210203808
2026-09-07 10:52:00,77.76322098605125,73.25384423924598
2026-09-07 10:52:01,77.77506635061123,73.23780082206049
2026-09-07 10:52:02,77.77934744514371,73.22752766540464
2026-09-07 10:52:03,77.77816515577501,73.22304950438534
2026-09-07 10:52:04,77.77375387752565,73.21634108859774
2026-09-07 10:52:05,77.77036652817473,73.22312883170699
2026-09-07 10:52:06,77.78249840248016,73.23124592513936
2026-09-07 10:52:07,77.78259178990074,73.2300024597858
2026-09-07 10:52:08,77.78095477524919,73.22984211464858
2026-09-07 10:52:09,77.7765326825532,73.22829838364406
2026-09-07 10:52:10,77.78300623740398,73.22634964663412
2026-09-07 10:52:11,77.77712935283736,73.22530288895507
2026-09-07 10:52:12,77.77793903394125,73.22463378176546
2026-09-07 10:52:13,77.7761629986532,73.23080656249944
2026-09-07 10:52:14,77.77599393395595,73.22200679012549
2026-09-07 10:52:15,77.7803752058541,73.21579565633905
2026-09-07 10:52:16,77.78627740357844,73.22294575821125
2026-09-07 10:52:17,77.79003023659932,73.22565018893849
2026-09-07 10:52:18,77.78017611383753,73.22393830169253
2026-09-07 10:52:19,77.78126153574283,73.22953400229358
2026-09-07 10:52:20,77.77306690012304,73.22819954083991
2026-09-07 10:52:21,77.76178771409474,73.22976715862477
2026-09-07 10:52:22,77.76252905482518,73.23085429750287
2026-09-07 10:52:23,77.77498111216372,73.23728627194423
2026-09-07 10:52:24,77.77369108007998,73.23224930407075
2026-09-07 10:52:25,77.77052603325092,73.23910147089455
2026-09-07 10:52:26,77.77747689121472,73.23471787187371
2026-09-07 10:52:27,77.7767579974357,73.23094591459831
2026-09-07 10:52:28,77.78201427302436,73.23262226715529
2026-09-07 10:52:29,77.7767948961471,73.22490371343955
2026-09-07 10:52:30,77.78662867371551,73.21269396076944
2026-09-07 10:52:31,77.77326368903854,73.18585415931516
2026-09-07 10:52:32,77.78855109498649,73.18117429440052
2026-09-07 10:52:33,77.79506600183593,73.18608020938875
2026-09-07 10:52:34,77.80147109318627,73.1960180156094
2026-09-07 10:52:35,77.79811872155778,73.19588854911034
2026-09-07 10:52:36,77.80560059647163,73.20077273730958
2026-09-07 10:52:37,77.80009390455413,73.19419450154976
2026-09-07 10:52:38,77.78945545534232,73.19647637095497
2026-09-07 10:52:39,77.7856184409649,73.18292116023287
2026-09-07 10:52:40,77.78159075025636,73.1857705614592
2026-09-07 10:52:41,77.78309234490548,73.18385231449389
2026-09-07 10:52:42,77.78445142442797,73.18955583682526
2026-09-07 10:52:43,77.77563936961026,73.18245282266868
2026-09-07 10:52:44,77.78305273878128,73.18888761861255
2026-09-07 10:52:45,77.77270661949333,73.18259185782388
2026-09-07 10:52:46,77.78368284646209,73.18917624337904
2026-09-07 10:52:47,77.78273222520446,73.19809641420912
2026-09-07 10:52:48,77.7931213559812,73.21044798258023
2026-09-07 10:52:49,77.7828432512779,73.19916517168694
2026-09-07 10:52:50,77.77917526160519,73.19875522618744
2026-09-07 10:52:51,77.77666671067074,73.2009015032298
2026-09-07 10:52:52,77.78789789956232,73.21051228116775
2026-09-07 10:52:53,77.79546245625917,73.21051219090342
2026-09-07 10:52:54,77.80797396558893,73.21453488166236
2026-09-07 10:52:55,77.80993646314286,73.21439712173974
2026-09-07 10:52:56,77.79631458161512,73.23320370460037
2026-09-07 10:52:57,77.79627775967992,73.24106809464666
2026-09-07 10:52:58,77.81340830199356,73.23941985611194
2026-09-07 10:52:59,77.80482841641893,73.24833043471523
2026-09-07 10:53:00,77.80677809697414,73.24011275030514
2026-09-07 10:53:01,77.81415254031171,73.24023755694033
2026-09-07 10:53:02,77.80719750051752,73.21818433281172
2026-09-07 10:53:03,77.799879157418,73.2215492585466
2026-09-07 10:53:04,77.79225295762623,73.23004612310578
2026-09-07 10:53:05,77.80892154088221,73.23285823734442
2026-09-07 10:53:06,77.81076059178598,73.23220374091379
2026-09-07 10:53:07,77.81737135289858,73.23250625813077
2026-09-07 10:53:08,77.82531212354618,73.24492166778724
2026-09-07 10:53:09,77.83186406100737,73.23655379848539
2026-09-07 10:53:10,77.83701207003287,73.23428689970257
2026-09-07 10:53:11,77.8395063975371,73.24275656635601
2026-09-07 10:53:12,77.83467580399963,73.2445814378482
2026-09-07 10:53:13,77.84585420818395,73.2373377020425
2026-09-07 10:53:14,77.8445552579489,73.24369182498953
2026-09-07 10:53:15,77.84295595709467,73.25264771543107
2026-09-07 10:53:16,77.83550227159878,73.23961453858783
2026-09-07 10:53:17,77.83848295457649,73.23845118813298
2026-09-07 10:53:18,77.8409830200756,73.24685883950829
2026-09-07 10:53:19,77.84903166227434,73.24386188873798
2026-09-07 10:53:20,77.8462629751747,73.22702034638108
2026-09-07 10:53:21,77.83906822705244,73.22918337558893
2026-09-07 10:53:22,77.8408463995361,73.21630725282456
2026-09-07 10:53:23,77.84689761907629,73.21598266724972
2026-09-07 10:53:24,77.85532535970496,73.21293950811285
2026-09-07 10:53:25,77.86274011276429,73.20334792344627
2026-09-07 10:53:26,77.84892767317051,73.1963667491379
2026-09-07 10:53:27,77.85433973618821,73.19995674699574
2026-09-07 10:53:28,77.84026993153793,73.20126789192634
2026-09-07 10:53:29,77.84545324755238,73.2158801352699
2026-09-07 10:53:30,77.85147252517407,73.22033773610869
2026-09-07 10:53:31,77.83970404328686,73.22360732787106
2026-09-07 10:53:32,77.82502110790456,73.2210784545341
2026-09-07 10:53:33,77.82237503099186,73.21267438033351
2026-09-07 10:53:34,77.8148742050253,73.21148530948949
2026-09-07 10:53:35,77.81938905988983,73.20590995395126
2026-09-07 10:53:36,77.82179658346246,73.21210419028374
2026-09-07 10:53:37,77.82175709171264,73.2287271141684
2026-09-07 10:53:38,77.81954461857973,73.22241124930929
2026-09-07 10:53:39,77.80537311857816,73.23173965944868
2026-09-07 10:53:40,77.81061953561078,73.23016256039021
2026-09-07 10:53:41,77.81309840073243,73.22906812914424
2026-09-07 10:53:42,77.81980096026189,73.22899975032077
2026-09-07 10:53:43,77.82164584963509,73.22834801782636
2026-09-07 10:53:44,77.81510291454768,73.20914099018123
2026-09-07 10:53:45,77.81933677241653,73.19838503240794
2026-09-07 10:53:46,77.82246700079132,73.20395164400355
2026-09-07 10:53:47,77.83679837672804,73.19753162684522
2026-09-07 10:53:48,77.83805595041731,73.20577112206156
2026-09-07 10:53:49,77.83314592988415,73.20070723665063
2026-09-07 10:53:50,77.836656672333,73.2186148871075
2026-09-07 10:53:51,77.84491960399718,73.22692523538247
2026-09-07 10:53:52,77.83778947707467,73.23266955677805
2026-09-07 10:53:53,77.84651713505727,73.22175990786505
2026-09-07 10:53:54,77.84672905869651,73.22011519629677
2026-09-07 10:53:55,77.85172445028286,73.20507127339575
2026-09-07 10:53:56,77.85717630683737,73.20509697312835
2026-09-07 10:53:57,77.85529543020664,73.18682452637745
2026-09-07 10:53:58,77.83979128701756,73.18215557177479
2026-09-07 10:53:59,77.84482943463073,73.18586070561321
2026-09-07 10:54:00,77.85061700690636,73.1712076294888
2026-09-07 10:54:01,77.85227293679391,73.18287812131824
2026-09-07 10:54:02,77.84071041243548,73.1885316724366
2026-09-07 10:54:03,77.83534530056355,73.19329869514974
2026-09-07 10:54:04,77.83622387594592,73.17926317488734
2026-09-07 10:54:05,77.828430525041,73.1902854536413
2026-09-07 10:54:06,77.82773579970572,73.20100611458965
2026-09-07 10:54:07,77.83040613895331,73.20874748225518
2026-09-07 10:54:08,77.82754762154619,73.21066999874222
2026-09-07 10:54:09,77.82486424783173,73.2185343115442
2026-09-07 10:54:10,77.82064832656222,73.22813932404756
2026-09-07 10:54:11,77.83262719429656,73.21765782584094
2026-09-07 10:54:12,77.83146587666059,73.22236480372287
2026-09-07 10:54:13,77.84497725422143,73.23232962615803
2026-09-07 10:54:14,77.84574993171945,73.21740282740608
2026-09-07 10:54:15,77.85221335413266,73.21234615415266
2026-09-07 10:54:16,77.85379512520345,73.21585463291333
2026-09-07 10:54:17,77.84327670586914,73.22507258192707
2026-09-07 10:54:18,77.85031421595508,73.23006817923644
2026-09-07 10:54:19,77.85493219095696,73.23316779747793
2026-09-07 10:54:20,77.84450113690562,73.22880588423126
2026-09-07 10:54:21,77.85076990124982,73.22597144914425
2026-09-07 10:54:22,77.85107042459353,73.22920608957098
2026-09-07 10:54:23,77.85184510914002,73.23145571245468
2026-09-07 10:54:24,77.85561795907138,73.23149184834072
2026-09-07 10:54:25,77.84741701011906,73.22919220173254
2026-09-07 10:54:26,77.8547429025101,73.2233710946039
2026-09-07 10:54:27,77.85840261597386,73.2260331649756
2026-09-07 10:54:28,77.85186390690224,73.2017159937943
2026-09-07 10:54:29,77.85184085319251,73.19504339473404
2026-09-07 10:54:30,77.84722408394477,73.20312052148698
2026-09-07 10:54:31,77.84154754390886,73.20614289519108
2026-09-07 10:54:32,77.84254138601356,73.20788419641526
2026-09-07 10:54:33,77.85766443791704,73.19091219599015
2026-09-07 10:54:34,77.86505074484737,73.18968656983522
2026-09-07 10:54:35,77.8630599695269,73.1839519700904
2026-09-07 10:54:36,77.86347058446314,73.18437159842055
2026-09-07 10:54:37,77.85667140520793,73.19851002179335
2026-09-07 10:54:38,77.85119021887968,73.19735891119103
2026-09-07 10:54:39,77.84174312239799,73.19868044081717
2026-09-07 10:54:40,77.84453867493897,73.20804210706675
2026-09-07 10:54:41,77.85203589267859,73.20375773085078
2026-09-07 10:54:42,77.86423202317391,73.20286043710757
2026-09-07 10:54:43,77.87603649513885,73.21763641807794
2026-09-07 10:54:44,77.87311128902714,73.20840278555906
2026-09-07 10:54:45,77.87730515848958,73.22080238208832
2026-09-07 10:54:46,77.88041349067065,73.23024934275595
2026-09-07 10:54:47,77.88499614813672,73.2379222584624
2026-09-07 10:54:48,77.89507736101342,73.23540483835858
2026-09-07 10:54:49,77.88452159920448,73.23439678555572
2026-09-07 10:54:50,77.87867904406546,73.22415833974489
2026-09-07 10:54:51,77.87752364417871,73.23031399279884
2026-09-07 10:54:52,77.86374416380964,73.21729280394212
2026-09-07 10:54:53,77.86986109160877,73.20967518245911
2026-09-07 10:54:54,77.86702315147207,73.22133461146966
2026-09-07 10:54:55,77.87557819217598,73.22442890402134
2026-09-07 10:54:56,77.87973621306112,73.20106545603694
2026-09-07 10:54:57,77.88402433566931,73.20436725123116
2026-09-07 10:54:58,77.873657534992,73.2059489104223
2026-09-07 10:54:59,77.87719860946049,73.20496975576751
2026-09-07 10:55:00,77.88325941413035,73.21257280556618
2026-09-07 10:55:01,77.88375461060129,73.21044988080442
2026-09-07 10:55:02,77.87497442970154,73.22026590137821
2026-09-07 10:55:03,77.8707661419607,73.22301360887062
2026-09-07 10:55:04,77.8824014927591,73.22968875986852
2026-09-07 10:55:05,77.87293960948952,73.22896123378317
2026-09-07 10:55:06,77.86767770888176,73.21481729729855
2026-09-07 10:55:07,77.86174587764643,73.21985310440185
2026-09-07 10:55:08,77.86439136275212,73.21808760880333
2026-09-07 10:55:09,77.86580336524358,73.20808339714208
2026-09-07 10:55:10,77.8601323326385,73.2066629952622
2026-09-07 10:55:11,77.86620815519204,73.20392929723177
2026-09-07 10:55:12,77.8650627273428,73.20681703908187
2026-09-07 10:55:13,77.87620545392015,73.19599495534264
2026-09-07 10:55:14,77.88030773837728,73.19760271073378
2026-09-07 10:55:15,77.87986972893003,73.19973678052558
2026-09-07 10:55:16,77.86505683820836,73.19999955811389
2026-09-07 10:55:17,77.86336707819588,73.18940208056615
2026-09-07 10:55:18,77.86980919253695,73.18838475110134
2026-09-07 10:55:19,77.86732914281173,73.19491453894783
2026-09-07 10:55:20,77.86050311851203,73.18876290553872
2026-09-07 10:55:21,77.8667956495412,73.19625695571064
2026-09-07 10:55:22,77.88206807628552,73.1923392703458
2026-09-07 10:55:23,77.8712342486461,73.17959698922292
2026-09-07 10:55:24,77.86233169582725,73.18051200927738
2026-09-07 10:55:25,77.86062854658253,73.17473525434231
2026-09-07 10:55:26,77.85313292418263,73.16877599760923
2026-09-07 10:55:27,77.85047901870682,73.17899162110272
2026-09-07 10:55:28,77.85526463494358,73.19075952418656
2026-09-07 10:55:29,77.86150418034597,73.19730132843789
2026-09-07 10:55:30,77.87043275892795,73.20119563067675
2026-09-07 10:55:31,77.88209005038489,73.21092845913286
2026-09-07 10:55:32,77.89583224259803,73.2128041474022
2026-09-07 10:55:33,77.89009692374654,73.23442299438061
2026-09-07 10:55:34,77.88807280831347,73.23891252650601
2026-09-07 10:55:35,77.88531112045442,73.23294587063668
2026-09-07 10:55:36,77.88866687738178,73.22334735957095
2026-09-07 10:55:37,77.88755216956368,73.23547983897832
2026-09-07 10:55:38,77.88855984760055,73.24253828772783
2026-09-07 10:55:39,77.89344954329019,73.2458540539561
2026-09-07 10:55:40,77.89432516088223,73.25112431358342
2026-09-07 10:55:41,77.88712502550618,73.25614537158947
2026-09-07 10:55:42,77.87912398003402,73.24967498981664
2026-09-07 10:55:43,77.8747838372882,73.2382029894992
2026-09-07 10:55:44,77.86006219586166,73.24148473114398
2026-09-07 10:55:45,77.86391587465945,73.24716615330915
2026-09-07 10:55:46,77.88059827690499,73.24868704654493
2026-09-07 10:55:47,77.886289773051,73.24229104922046
2026-09-07 10:55:48,77.89168177055556,73.23249509561687
2026-09-07 10:55:49,77.90657804867335,73.22422749343619
2026-09-07 10:55:50,77.90355989543258,73.23066532504839
2026-09-07 10:55:51,77.88709688564747,73.24219119332773
2026-09-07 10:55:52,77.8800101511125,73.24391035938129
2026-09-07 10:55:53,77.8874432441413,73.24525338844906
2026-09-07 10:55:54,77.89453198470225,73.24094437296
2026-09-07 10:55:55,77.89905950748394,73.22225644399713
2026-09-07 10:55:56,77.91050380509813,73.21655764310617
2026-09-07 10:55:57,77.90406238312067,73.21671047241018
2026-09-07 10:55:58,77.91690222219573,73.21066997486517
2026-09-07 10:55:59,77.91679128243308,73.20757688749838
2026-09-07 10:56:00,77.9098285700567,73.19636567479567
2026-09-07 10:56:01,77.91431932810912,73.20244693680341
2026-09-07 10:56:02,77.90871909239077,73.20440881702572
2026-09-07 10:56:03,77.91214374179391,73.20767840320423
2026-09-07 10:56:04,77.91094055404461,73.20807303855925
2026-09-07 10:56:05,77.91306573894563,73.19893994915982
2026-09-07 10:56:06,77.9120243831979,73.205768845553
2026-09-07 10:56:07,77.90785398374393,73.2170486547327
2026-09-07 10:56:08,77.90609353509844,73.20760170424694
2026-09-07 10:56:09,77.90392026568296,73.19598750906869
2026-09-07 10:56:10,77.9085506097733,73.18232727429363
2026-09-07 10:56:11,77.9087103937164,73.18031363905935
2026-09-07 10:56:12,77.90646257895342,73.18395018702553
2026-09-07 10:56:13,77.90866550278999,73.17916761538223
2026-09-07 10:56:14,77.91487088246532,73.17531527340186
2026-09-07 10:56:15,77.92166536211651,73.18684537344168
2026-09-07 10:56:16,77.9245352147042,73.19481043339262
2026-09-07 10:56:17,77.91450817850222,73.19965587651797
2026-09-07 10:56:18,77.90331234047596,73.19816065903098
2026-09-07 10:56:19,77.90858400785922,73.17514563877661
2026-09-07 10:56:20,77.90274811665383,73.16852360355072
2026-09-07 10:56:21,77.89569973212457,73.16872091251489
2026-09-07 10:56:22,77.90052396293908,73.15880762468711
2026-09-07 10:56:23,77.89587191022709,73.14288886599873
2026-09-07 10:56:24,77.89059749056054,73.1249333045048
2026-09-07 10:56:25,77.87930348912279,73.12895788851434
2026-09-07 10:56:26,77.88592433364495,73.12198932856835
2026-09-07 10:56:27,77.88858237741947,73.11533173460434
2026-09-07 10:56:28,77.89663895922935,73.13033975580746
2026-09-07 10:56:29,77.87814890292474,73.12291533632447
2026-09-07 10:56:30,77.87335019041049,73.11883030366103
2026-09-07 10:56:31,77.88512718180986,73.13231789307589
2026-09-07 10:56:32,77.88504535329137,73.13779709431162
2026-09-07 10:56:33,77.87310322347989,73.13525121000653
2026-09-07 10:56:34,77.87097144564021,73.1339733995194
2026-09-07 10:56:35,77.87322225665974,73.12056973328244
2026-09-07 10:56:36,77.8653951269134,73.13893267174586
2026-09-07 10:56:37,77.85237514731142,73.13944580511269
2026-09-07 10:56:38,77.85786952238196,73.14366944266112
2026-09-07 10:56:39,77.85831177734455,73.12984015940813
2026-09-07 10:56:40,77.85480614840907,73.11646911647044
2026-09-07 10:56:41,77.86958293729556,73.11956079723946
2026-09-07 10:56:42,77.87507154359734,73.12131680367865
2026-09-07 10:56:43,77.87215449094705,73.13146237953468
2026-09-07 10:56:44,77.87880357705868,73.13692209457167
2026-09-07 10:56:45,77.88320117360348,73.143267422956
2026-09-07 10:56:46,77.8811090235748,73.1469762775597
2026-09-07 10:56:47,77.88172953588747,73.14482854739327
2026-09-07 10:56:48,77.88661302008082,73.16319763054611
2026-09-07 10:56:49,77.87136825773263,73.17554462400378
2026-09-07 10:56:50,77.86810900907814,73.18586554366023
2026-09-07 10:56:51,77.86045230145076,73.18428317397193
2026-09-07 10:56:52,77.8681691022162,73.18367389992632
2026-09-07 10:56:53,77.87080956909708,73.17329373391611
2026-09-07 10:56:54,77.86219794885488,73.18761472843002
2026-09-07 10:56:55,77.86339033132882,73.1868759900669
2026-09-07 10:56:56,77.85300302301464,73.17798573161906
2026-09-07 10:56:57,77.84525378856202,73.17756601881473
2026-09-07 10:56:58,77.8443959068373,73.17233667753749
2026-09-07 10:56:59,77.83936406482077,73.1732909008835
2026-09-07 10:57:00,77.84817023474056,73.1612395501198
2026-09-07 10:57:01,77.83750995510184,73.17093097139859
2026-09-07 10:57:02,77.82678936621184,73.16742361874932
2026-09-07 10:57:03,77.82768212894037,73.18307133474349
2026-09-07 10:57:04,77.81235049149068,73.15814739542593
2026-09-07 10:57:05,77.81175306753299,73.16737173929121
2026-09-07 10:57:06,77.81283225039873,73.16043294626432
2026-09-07 10:57:07,77.81426599596897,73.14276458889611
2026-09-07 10:57:08,77.82045620472445,73.1554780300652
2026-09-07 10:57:09,77.81892597063543,73.16252695654678
2026-09-07 10:57:10,77.81100555362731,73.17522072116058
2026-09-07 10:57:11,77.80615770869682,73.16837203272352
2026-09-07 10:57:12,77.80043276268051,73.15318225406527
2026-09-07 10:57:13,77.80549155504903,73.170393867856
2026-09-07 10:57:14,77.79475596476414,73.16868898618048
2026-09-07 10:57:15,77.7981348372186,73.16382700532056
2026-09-07 10:57:16,77.78639973081634,73.1667024905228
2026-09-07 10:57:17,77.79395427054402,73.16761043619876
2026-09-07 10:57:18,77.78591919516178,73.16502909555278
2026-09-07 10:57:19,77.77141652987589,73.16452335848196
2026-09-07 10:57:20,77.78058141167458,73.17407963668349
2026-09-07 10:57:21,77.77994033710463,73.17781451833483
2026-09-07 10:57:22,77.77604800440898,73.17894513668016
2026-09-07 10:57:23,77.77157259381995,73.18036160667685
2026-09-07 10:57:24,77.76768936669744,73.1820514612002
2026-09-07 10:57:25,77.77290835540929,73.18189874974405
2026-09-07 10:57:26,77.76318341466957,73.18620421916948
2026-09-07 10:57:27,77.76133901805211,73.18193979278338
2026-09-07 10:57:28,77.76557249894407,73.17475205248138
2026-09-07 10:57:29,77.77258105395148,73.17955865483756
2026-09-07 10:57:30,77.76739442959699,73.17356031816766
2026-09-07 10:57:31,77.76649048051463,73.16575712727868
2026-09-07 10:57:32,77.77360932237286,73.1463581322142
2026-09-07 10:57:33,77.77472361401416,73.14336788814937
2026-09-07 10:57:34,77.76650121631916,73.1487958466508
2026-09-07 10:57:35,77.76288249083883,73.15271894019754
2026-09-07 10:57:36,77.75962222932628,73.1502970710204
2026-09-07 10:57:37,77.76355333379864,73.15853569604849
2026-09-07 10:57:38,77.77104260741078,73.15835787347656
2026-09-07 10:57:39,77.7821701546173,73.15544712332067
2026-09-07 10:57:40,77.77196180334953,73.13937597881863
2026-09-07 10:57:41,77.7611315241691,73.13194274677612
2026-09-07 10:57:42,77.74776674006218,73.13476954337514
2026-09-07 10:57:43,77.74801892105019,73.13446686144181
2026-09-07 10:57:44,77.74980483094781,73.13352881095655
2026-09-07 10:57:45,77.74791894186998,73.13079667317335
2026-09-07 10:57:46,77.7482318008245,73.12109752705888
2026-09-07 10:57:47,77.75781411044025,73.1343651287226
2026-09-07 10:57:48,77.75807495489961,73.1539679529776
2026-09-07 10:57:49,77.75081533039715,73.16174133294226
2026-09-07 10:57:50,77.73867730679385,73.16694799679551
2026-09-07 10:57:51,77.73310023857495,73.17561938579904
2026-09-07 10:57:52,77.73396283803545,73.18382791069234
2026-09-07 10:57:53,77.73851949186194,73.18836554028978
2026-09-07 10:57:54,77.7364782896468,73.20210481339821
2026-09-07 10:57:55,77.73916739748624,73.20627902537068
2026-09-07 10:57:56,77.74992050238332,73.20406456399942
2026-09-07 10:57:57,77.76299607262774,73.21343589039154
2026-09-07 10:57:58,77.76359746987967,73.20094136099279
2026-09-07 10:57:59,77.7727397455073,73.19826915404155
2026-09-07 10:58:00,77.77348603124393,73.19933765201694
2026-09-07 10:58:01,77.78065704157464,73.20481007414647
2026-09-07 10:58:02,77.76702168412355,73.19915027526818
2026-09-07 10:58:03,77.7696628959989,73.20065086736831
2026-09-07 10:58:04,77.77563677734287,73.20555077402668
2026-09-07 10:58:05,77.78784718918587,73.19933078488444
2026-09-07 10:58:06,77.79765356636426,73.20264335742289
2026-09-07 10:58:07,77.79993815237384,73.20855451930505
2026-09-07 10:58:08,77.7974461409023,73.21473933597302
2026-09-07 10:58:09,77.7959085141886,73.22097349413947
2026-09-07 10:58:10,77.79024050036921,73.23111389128972
2026-09-07 10:58:11,77.7788677085857,73.22546761435927
2026-09-07 10:58:12,77.77853591356136,73.2275717280079
2026-09-07 10:58:13,77.77259861461201,73.22412024089138
2026-09-07 10:58:14,77.77454127293679,73.2331881127215
2026-09-07 10:58:15,77.78425806227823,73.22909931100324
2026-09-07 10:58:16,77.78378939646143,73.22642194275645
2026-09-07 10:58:17,77.77241263249044,73.22258188216097
2026-09-07 10:58:18,77.78091106980912,73.21098594848772
2026-09-07 10:58:19,77.80235299275415,73.21944332200479
2026-09-07 10:58:20,77.81535072833186,73.22104684935677
2026-09-07 10:58:21,77.79813813236022,73.2248542916032
2026-09-07 10:58:22,77.81008214130469,73.21990760653287
2026-09-07 10:58:23,77.81961649907632,73.22646852230044
2026-09-07 10:58:24,77.8255293345771,73.23294578641637
2026-09-07 10:58:25,77.82995475376856,73.23857447617921
2026-09-07 10:58:26,77.83893828044177,73.2422520793523
2026-09-07 10:58:27,77.84371131363689,73.24597692980167
2026-09-07 10:58:28,77.84480023366007,73.23848448785213
2026-09-07 10:58:29,77.83139595846207,73.22975264204051
2026-09-07 10:58:30,77.82215708289286,73.2170113225466
2026-09-07 10:58:31,77.82736659387943,73.21418889076799
2026-09-07 10:58:32,77.83692789010736,73.24118956405489
2026-09-07 10:58:33,77.84276859997834,73.23720959436919
2026-09-07 10:58:34,77.84566495443632,73.23547153167168
2026-09-07 10:58:35,77.84784653731404,73.2535053743464
2026-09-07 10:58:36,77.8598709144767,73.26457221905216
2026-09-07 10:58:37,77.86207169250258,73.28000477692733
2026-09-07 10:58:38,77.86833440989022,73.28773029767133
2026-09-07 10:58:39,77.85963302707354,73.28245689277625
2026-09-07 10:58:40,77.86095888702597,73.28060496705395
2026-09-07 10:58:41,77.85710955355555,73.26333473879676
2026-09-07 10:58:42,77.85157109101522,73.26242261382687
2026-09-07 10:58:43,77.85393961040575,73.25316431397285
2026-09-07 10:58:44,77.85300204380421,73.26885214136772
2026-09-07 10:58:45,77.8542525043029,73.25188668706859
2026-09-07 10:58:46,77.85292608113404,73.25194736121222
2026-09-07 10:58:47,77.86248284694743,73.25366012851788
2026-09-07 10:58:48,77.87283526042593,73.25655969150421
2026-09-07 10:58:49,77.88167202692401,73.26829170916653
2026-09-07 10:58:50,77.89325717665939,73.2700367220173
2026-09-07 10:58:51,77.89814652247105,73.30405763514963
2026-09-07 10:58:52,77.8890621006807,73.30581519567411
2026-09-07 10:58:53,77.89269873963835,73.29975796767825
2026-09-07 10:58:54,77.89897429492048,73.29839498475754
2026-09-07 10:58:55,77.90498937215042,73.30009553403427
2026-09-07 10:58:56,77.89807542099798,73.30921950343189
2026-09-07 10:58:57,77.91319398337471,73.31726802276887
2026-09-07 10:58:58,77.91537905030295,73.30237386186566
2026-09-07 10:58:59,77.91787521003252,73.30215458915768
2026-09-07 10:59:00,77.91201670539208,73.28558942425762
2026-09-07 10:59:01,77.9154383451381,73.29406379363469
2026-09-07 10:59:02,77.92084596383583,73.31386857447443
2026-09-07 10:59:03,77.90670832475239,73.31696380628725
2026-09-07 10:59:04,77.90656803919178,73.32936407340662
2026-09-07 10:59:05,77.90639653098562,73.32100482262344
2026-09-07 10:59:06,77.90603627066209,73.32482726785719
2026-09-07 10:59:07,77.90060946693089,73.318048488914
2026-09-07 10:59:08,77.9026773013776,73.32568877458628
2026-09-07 10:59:09,77.9010189009091,73.32997023478976
2026-09-07 10:59:10,77.897328801385,73.32704558891318
2026-09-07 10:59:11,77.89884837056489,73.33550254148305
2026-09-07 10:59:12,77.91080948892089,73.3344643785217
2026-09-07 10:59:13,77.91425044230039,73.35161223607705
2026-09-07 10:59:14,77.92058125782773,73.3485365915714
2026-09-07 10:59:15,77.92373225684516,73.3362160487657
2026-09-07 10:59:16,77.90812998975652,73.32963044600926
2026-09-07 10:59:17,77.90286412981717,73.31802589445893
2026-09-07 10:59:18,77.91062870997835,73.31413503434696
2026-09-07 10:59:19,77.91136920919415,73.31481904232047
2026-09-07 10:59:20,77.90992767937612,73.30467018418071
2026-09-07 10:59:21,77.92449367232649,73.28750193457995
2026-09-07 10:59:22,77.924337692935,73.29359142798936
2026-09-07 10:59:23,77.92291979263665,73.29274734505493
2026-09-07 10:59:24,77.92533232743322,73.29486748457926
2026-09-07 10:59:25,77.92291663607527,73.30429296415927
2026-09-07 10:59:26,77.9267976839781,73.31743339196302
2026-09-07 10:59:27,77.92759338006282,73.30018456838339
2026-09-07 10:59:28,77.9153457671059,73.29578298266134
2026-09-07 10:59:29,77.91885337951297,73.28164616450759
2026-09-07 10:59:30,77.91474975829016,73.29254383484115
2026-09-07 10:59:31,77.91735330774037,73.2864165224303
2026-09-07 10:59:32,77.9166422055166,73.2874630202859
2026-09-07 10:59:33,77.91361443844119,73.28478750984702
2026-09-07 10:59:34,77.90898456982248,73.28677111118665
2026-09-07 10:59:35,77.92090838408453,73.29948095595347
2026-09-07 10:59:36,77.9117383675554,73.3197081369814
2026-09-07 10:59:37,77.91097484301228,73.30757821498635
2026-09-07 10:59:38,77.89998433603347,73.30888523544778
2026-09-07 10:59:39,77.90183047472316,73.30337706531569
2026-09-07 10:59:40,77.89597700365377,73.3015527860099
2026-09-07 10:59:41,77.89803649687457,73.30747175177034
2026-09-07 10:59:42,77.90230887441196,73.28683380795735
2026-09-07 10:59:43,77.89799842269451,73.28915995266064
2026-09-07 10:59:44,77.90089519965619,73.29616664504326
2026-09-07 10:59:45,77.88993880503028,73.30985637993592
2026-09-07 10:59:46,77.88118801155575,73.30815573621439
2026-09-07 10:59:47,77.87785046659151,73.30408502087037
2026-09-07 10:59:48,77.87220409051832,73.31123545333134
2026-09-07 10:59:49,77.87817886706921,73.31435673595401
2026-09-07 10:59:50,77.86884765884722,73.30894491306935
2026-09-07 10:59:51,77.86854900721576,73.3124699602212
2026-09-07 10:59:52,77.86455839553159,73.3101848899159
2026-09-07 10:59:53,77.88417692446941,73.31077591414767
2026-09-07 10:59:54,77.88208862283263,73.2894507390911
2026-09-07 10:59:55,77.87663459228865,73.30369450914462
2026-09-07 10:59:56,77.8830430551854,73.29338506306921
2026-09-07 10:59:57,77.88901481067825,73.29492626603722
2026-09-07 10:59:58,77.88324585479923,73.30189292334144
2026-09-07 10:59:59,77.87885545094886,73.29931578625538
2026-09-07 11:00:00,77.87913984451262,73.30121771788009
