timestamp,btc,eth,spread,z,signal,equity,action
2026-09-08T03:33:29.097384+00:00,77.6540152014833,72.5399526457452,5.114062555738101,,0,1000.0,
2026-09-08T03:33:29.973965+00:00,77.65061761981181,72.54417830473011,5.106439315081701,,0,1000.0,
2026-09-08T03:33:30.970933+00:00,77.650074353944,72.54020543514518,5.109868918798824,,0,1000.0,
2026-09-08T03:33:31.980632+00:00,77.64848104513243,72.55278922555156,5.095691819580864,,0,1000.0,
2026-09-08T03:33:32.983557+00:00,77.64789593713189,72.55453264231595,5.093363294815944,,0,1000.0,
2026-09-08T03:33:33.979299+00:00,77.64738900920995,72.55564995993525,5.091739049274693,,0,1000.0,
2026-09-08T03:33:34.991877+00:00,77.64768460590344,72.53907428943593,5.108610316467505,,0,1000.0,
2026-09-08T03:33:35.994902+00:00,77.64671428204866,72.53681730223998,5.109896979808681,,0,1000.0,
2026-09-08T03:33:36.999342+00:00,77.64799803380676,72.53216299142467,5.115835042382088,,0,1000.0,
2026-09-08T03:33:38.000866+00:00,77.64655884130343,72.54012887134455,5.1064299699588815,,0,1000.0,
2026-09-08T03:33:39.010363+00:00,77.6446426512107,72.5302001997093,5.114442451501404,,0,1000.0,
2026-09-08T03:33:40.008066+00:00,77.6454129760338,72.53648782472462,5.10892515130918,,0,1000.0,
2026-09-08T03:33:41.111730+00:00,77.64649509929808,72.5402508331104,5.106244266187673,,0,1000.0,
2026-09-08T03:33:42.016025+00:00,77.64955776364137,72.55393474922077,5.095623014420596,,0,1000.0,
2026-09-08T03:33:43.014205+00:00,77.65172671274617,72.55727561065343,5.094451102092734,,0,1000.0,
2026-09-08T03:33:44.026552+00:00,77.65186669069499,72.56384733247764,5.088019358217352,,0,1000.0,
2026-09-08T03:33:45.033387+00:00,77.64963622368442,72.54929605340952,5.1003401702749045,,0,1000.0,
2026-09-08T03:33:46.026657+00:00,77.64907677982771,72.55410562406917,5.094971155758543,,0,1000.0,
2026-09-08T03:34:35.925550+00:00,77.65999054882823,72.50915944751412,5.150831101314111,,0,1000.0,
2026-09-08T03:34:36.805585+00:00,77.65998829998719,72.49676600916985,5.163222290817345,,0,1000.0,
2026-09-08T03:34:37.801474+00:00,77.65662167963973,72.48719732174588,5.1694243578938455,,0,1000.0,
2026-09-08T03:34:38.799269+00:00,77.65879311122696,72.48184316472184,5.176949946505118,,0,1000.0,
2026-09-08T03:34:39.804984+00:00,77.65934841851646,72.47599819072111,5.183350227795344,,0,1000.0,
2026-09-08T03:34:40.812261+00:00,77.65930565585074,72.5012352679074,5.15807038794334,,0,1000.0,
2026-09-08T03:34:41.820958+00:00,77.65780392481629,72.50401526205529,5.153788662761002,,0,1000.0,
2026-09-08T03:34:42.864815+00:00,77.65555474203367,72.49628768533044,5.159267056703229,,0,1000.0,
2026-09-08T03:34:43.820557+00:00,77.65791995758586,72.49807698042609,5.159842977159769,,0,1000.0,
2026-09-08T03:34:44.822568+00:00,77.65720918811765,72.51259310220088,5.144616085916766,,0,1000.0,
2026-09-08T03:34:45.823792+00:00,77.65753066821053,72.50371495854193,5.153815709668592,,0,1000.0,
2026-09-08T03:34:46.829032+00:00,77.65593613556558,72.5205969985686,5.135339136996976,,0,1000.0,
2026-09-08T03:34:47.832816+00:00,77.65571394107899,72.52039419681093,5.13531974426806,,0,1000.0,
2026-09-08T03:34:48.845886+00:00,77.65552696350713,72.53355561843419,5.121971345072936,,0,1000.0,
2026-09-08T03:34:49.835169+00:00,77.6559768412096,72.52666879943087,5.129308041778728,,0,1000.0,
2026-09-08T03:34:50.840848+00:00,77.66435644251531,72.53721981646395,5.127136626051367,,0,1000.0,
2026-09-08T03:34:51.852155+00:00,77.66775594393874,72.51599442999571,5.151761513943029,,0,1000.0,
2026-09-08T03:34:52.852332+00:00,77.66937075514636,72.50759322921378,5.161777525932578,,0,1000.0,
2026-09-08T03:34:53.858652+00:00,77.66687880299449,72.52819181903068,5.138686983963808,,0,1000.0,
2026-09-08T03:34:54.860239+00:00,77.6630421498781,72.53723395954192,5.125808190336173,,0,1000.0,
2026-09-08T03:34:55.869297+00:00,77.66149468292373,72.52818550410251,5.1333091788212215,,0,1000.0,
2026-09-08T03:34:56.858756+00:00,77.65985117078976,72.52588562719859,5.133965543591174,,0,1000.0,
2026-09-08T03:34:57.890185+00:00,78.86411353541963,71.31732404411187,7.546789491307763,,0,1000.0,
2026-09-08T03:34:58.869525+00:00,80.09035119568576,70.09591109933517,9.994440096350587,,0,1000.0,
2026-09-08T03:34:59.868507+00:00,80.16460728043893,70.01997098575177,10.14463629468716,,0,1000.0,
2026-09-08T03:35:00.872346+00:00,80.16481332643652,70.01182978076247,10.152983545674047,,0,1000.0,
2026-09-08T03:35:01.873095+00:00,80.16188943150249,70.02716995045878,10.134719481043703,,0,1000.0,
2026-09-08T03:35:02.903528+00:00,80.15897165909311,70.03151754747812,10.127454111614995,,0,1000.0,
2026-09-08T03:35:03.886977+00:00,80.1565394356414,70.02917832939725,10.127361106244152,,0,1000.0,
2026-09-08T03:35:04.904084+00:00,80.158880443918,70.02989829848721,10.128982145430783,,0,1000.0,
2026-09-08T03:35:05.918137+00:00,80.15883331146773,70.01897860598056,10.139854705487167,,0,1000.0,
2026-09-08T03:35:06.891284+00:00,80.1605344891473,70.01461593114844,10.145918557998854,,0,1000.0,
2026-09-08T03:35:07.894726+00:00,79.81097509268096,70.36125861092096,9.449716481760007,,0,1000.0,
2026-09-08T03:35:08.895889+00:00,79.45548604276838,70.71801473689696,8.737471305871424,,0,1000.0,
2026-09-08T03:35:09.902445+00:00,79.09257496843468,71.09024511151866,8.00232985691602,,0,1000.0,
2026-09-08T03:35:10.909451+00:00,78.73178898721352,71.44801887308282,7.283770114130704,,0,1000.0,
2026-09-08T03:35:11.920685+00:00,78.36934093524125,71.81223384239733,6.557107092843921,,0,1000.0,
2026-09-08T03:35:12.901521+00:00,78.01542870784546,72.1686143212957,5.846814386549752,,0,1000.0,
2026-09-08T03:35:13.916256+00:00,77.65587186436116,72.53029241430228,5.125579450058879,,0,1000.0,
2026-09-08T03:35:14.909837+00:00,77.65132764702133,72.55404333567654,5.097284311344794,,0,1000.0,
2026-09-08T03:35:15.912248+00:00,77.65330753667475,72.55087902826695,5.102428508407797,,0,1000.0,
2026-09-08T03:35:16.913293+00:00,77.65676436832301,72.563465217083,5.093299151240004,,0,1000.0,
2026-09-08T03:35:17.994311+00:00,77.65353066465825,72.56199859749982,5.091532067158425,,0,1000.0,
2026-09-08T03:35:18.926316+00:00,77.65742462603045,72.56769577459075,5.089728851439702,,0,1000.0,
2026-09-08T03:35:19.923647+00:00,77.66052278215216,72.5592579210675,5.101264861084658,,0,1000.0,
2026-09-08T03:35:20.925749+00:00,77.65884093123114,72.55759740453657,5.101243526694574,,0,1000.0,
2026-09-08T03:35:21.929147+00:00,77.65690477580942,72.55281425325757,5.104090522551857,,0,1000.0,
2026-09-08T03:35:22.927451+00:00,77.65372146987328,72.55393481887477,5.09978665099851,,0,1000.0,
2026-09-08T03:35:23.934931+00:00,77.65254651275993,72.56037998507657,5.092166527683361,,0,1000.0,
2026-09-08T03:35:24.937284+00:00,77.65421237962119,72.54949313045574,5.104719249165441,,0,1000.0,
2026-09-08T03:35:25.950946+00:00,77.65303017517341,72.55015752407927,5.102872651094145,,0,1000.0,
2026-09-08T03:35:28.059845+00:00,77.65339066092419,72.57500297086916,5.078387690055024,,0,1000.0,
2026-09-08T03:35:28.935780+00:00,77.6542981825367,72.5652754618975,5.089022720639207,,0,1000.0,
2026-09-08T03:35:29.942281+00:00,77.65232729957394,72.57079703015255,5.081530269421393,,0,1000.0,
2026-09-08T03:35:30.955231+00:00,77.65158168188502,72.56491515022891,5.086666531656107,,0,1000.0,
2026-09-08T03:35:31.951070+00:00,77.64894566592682,72.57511817679996,5.073827489126856,,0,1000.0,
2026-09-08T03:35:32.953770+00:00,77.65162506223605,72.56770764088216,5.083917421353888,,0,1000.0,
2026-09-08T03:35:33.962686+00:00,77.64864633480032,72.5614607786482,5.0871855561521215,,0,1000.0,
2026-09-08T03:35:34.960197+00:00,77.64513406605458,72.57794675320267,5.067187312851914,,0,1000.0,
2026-09-08T03:35:35.969877+00:00,77.6442801587062,72.57316171093088,5.071118447775319,,0,1000.0,
2026-09-08T03:35:36.971566+00:00,77.64482817113246,72.58070124030793,5.0641269308245285,,0,1000.0,
2026-09-08T03:35:37.975911+00:00,77.64503017501374,72.58588425680533,5.059145918208415,,0,1000.0,
2026-09-08T03:35:38.975791+00:00,77.645442643988,72.58841579808258,5.057026845905426,,0,1000.0,
2026-09-08T03:35:39.976440+00:00,78.72222831028596,71.51843926376947,7.203789046516491,,0,1000.0,
2026-09-08T03:35:40.987829+00:00,79.98253302243609,70.26665655931832,9.715876463117766,,0,1000.0,
2026-09-08T03:35:42.002126+00:00,80.13936611740897,70.11985079458617,10.019515322822798,,0,1000.0,
2026-09-08T03:35:43.019730+00:00,80.14002921791412,70.1233059234548,10.016723294459325,,0,1000.0,
2026-09-08T03:35:43.992195+00:00,80.14045215008125,70.13147174130224,10.00898040877901,,0,1000.0,
2026-09-08T03:35:45.021420+00:00,80.14167841794722,70.14763719524677,9.994041222700446,,0,1000.0,
2026-09-08T03:35:46.004191+00:00,80.13977060767323,70.17613626280189,9.963634344871338,,0,1000.0,
2026-09-08T03:35:47.022119+00:00,80.13801374730417,70.17144350153046,9.96657024577371,,0,1000.0,
2026-09-08T03:35:48.010759+00:00,80.14079351496757,70.15934079111764,9.981452723849927,,0,1000.0,
2026-09-08T03:35:49.019120+00:00,80.14172888299387,70.16202812282579,9.979700760168086,,0,1000.0,
2026-09-08T03:35:50.043884+00:00,79.8143610009068,70.49772258062146,9.316638420285344,,0,1000.0,
2026-09-08T03:35:51.019267+00:00,79.46104627405843,70.8584008191077,8.602645454950732,,0,1000.0,
2026-09-08T03:35:52.025355+00:00,79.10305269084176,71.22378468713516,7.879268003706599,,0,1000.0,
2026-09-08T03:35:55.191000+00:00,78.03220836043393,72.30785232056179,5.724356039872134,,0,1000.0,
2026-09-08T03:35:55.328116+00:00,77.92500106215512,72.4150596188406,5.509941443314517,,0,1000.0,
2026-09-08T03:35:55.476840+00:00,77.8732955570552,72.47773177018193,5.395563786873268,,0,1000.0,
2026-09-08T03:35:55.635661+00:00,77.81681743134676,72.53420989589037,5.282607535456393,,0,1000.0,
2026-09-08T03:35:55.795881+00:00,77.7604045301496,72.59062279708753,5.169781733062067,,0,1000.0,
2026-09-08T03:35:55.952103+00:00,77.70468372402777,72.64634360320936,5.058340120818414,,0,1000.0,
2026-09-08T03:35:56.091293+00:00,77.65357231538542,72.69745501185172,4.956117303533702,,0,1000.0,
2026-09-08T03:35:56.244277+00:00,77.64508205948462,72.70594526775251,4.9391367917321105,,0,1000.0,
2026-09-08T03:35:56.395614+00:00,77.6448438757421,72.69361919766409,4.951224678078006,,0,1000.0,
2026-09-08T03:35:56.565971+00:00,77.6448438757421,72.69361919766409,4.951224678078006,,0,1000.0,
2026-09-08T03:35:56.702079+00:00,77.6448438757421,72.69361919766409,4.951224678078006,,0,1000.0,
2026-09-08T03:35:56.860133+00:00,77.6448438757421,72.69361919766409,4.951224678078006,,0,1000.0,
2026-09-08T03:35:57.014586+00:00,77.6448438757421,72.69361919766409,4.951224678078006,,0,1000.0,
2026-09-08T03:35:57.163208+00:00,77.6448438757421,72.69361919766409,4.951224678078006,,0,1000.0,
2026-09-08T03:35:57.328810+00:00,77.6448438757421,72.69361919766409,4.951224678078006,,0,1000.0,
2026-09-08T03:35:57.512418+00:00,77.64518698320005,72.70225546888169,4.94293151431836,,0,1000.0,
2026-09-08T03:35:57.651596+00:00,77.64518698320005,72.70225546888169,4.94293151431836,,0,1000.0,
2026-09-08T03:35:57.797960+00:00,77.64518698320005,72.70225546888169,4.94293151431836,,0,1000.0,
2026-09-08T03:35:57.954253+00:00,77.64518698320005,72.70225546888169,4.94293151431836,,0,1000.0,
2026-09-08T03:35:58.107205+00:00,77.64518698320005,72.70225546888169,4.94293151431836,,0,1000.0,
2026-09-08T03:35:58.271421+00:00,77.64518698320005,72.70225546888169,4.94293151431836,,0,1000.0,
2026-09-08T03:35:58.415922+00:00,77.6444547197746,72.69497688298166,4.949477836792937,,0,1000.0,
2026-09-08T03:35:58.564121+00:00,77.6444547197746,72.69497688298166,4.949477836792937,,0,1000.0,
2026-09-08T03:35:58.732443+00:00,77.6444547197746,72.69497688298166,4.949477836792937,,0,1000.0,
2026-09-08T03:35:58.871137+00:00,77.6444547197746,72.69497688298166,4.949477836792937,,0,1000.0,
2026-09-08T03:35:59.022593+00:00,77.6444547197746,72.69497688298166,4.949477836792937,,0,1000.0,
2026-09-08T03:35:59.175513+00:00,77.6444547197746,72.69497688298166,4.949477836792937,,0,1000.0,
2026-09-08T03:35:59.335418+00:00,77.6444547197746,72.69497688298166,4.949477836792937,,0,1000.0,
2026-09-08T03:35:59.480471+00:00,77.64327716764008,72.67825823251268,4.965018935127404,,0,1000.0,
2026-09-08T03:35:59.627240+00:00,77.64327716764008,72.67825823251268,4.965018935127404,,0,1000.0,
2026-09-08T03:35:59.781450+00:00,77.64327716764008,72.67825823251268,4.965018935127404,,0,1000.0,
2026-09-08T03:35:59.933675+00:00,77.64327716764008,72.67825823251268,4.965018935127404,,0,1000.0,
2026-09-08T03:36:00.096672+00:00,77.64327716764008,72.67825823251268,4.965018935127404,,0,1000.0,
2026-09-08T03:36:00.238728+00:00,77.64327716764008,72.67825823251268,4.965018935127404,,0,1000.0,
2026-09-08T03:36:00.425259+00:00,77.64693781102137,72.66724833785119,4.979689473170183,,0,1000.0,
2026-09-08T03:36:00.570567+00:00,77.64693781102137,72.66724833785119,4.979689473170183,,0,1000.0,
2026-09-08T03:36:00.718955+00:00,77.64693781102137,72.66724833785119,4.979689473170183,,0,1000.0,
2026-09-08T03:36:00.865577+00:00,77.64693781102137,72.66724833785119,4.979689473170183,,0,1000.0,
2026-09-08T03:36:01.013934+00:00,77.64693781102137,72.66724833785119,4.979689473170183,,0,1000.0,
2026-09-08T03:36:01.179423+00:00,77.64693781102137,72.66724833785119,4.979689473170183,,0,1000.0,
2026-09-08T03:36:01.323665+00:00,77.64693781102137,72.66724833785119,4.979689473170183,,0,1000.0,
2026-09-08T03:36:01.479214+00:00,77.64661015272449,72.66960970567123,4.977000447053257,,0,1000.0,
2026-09-08T03:36:01.654015+00:00,77.64661015272449,72.66960970567123,4.977000447053257,,0,1000.0,
2026-09-08T03:36:01.794403+00:00,77.64661015272449,72.66960970567123,4.977000447053257,,0,1000.0,
2026-09-08T03:36:01.952220+00:00,77.64661015272449,72.66960970567123,4.977000447053257,,0,1000.0,
2026-09-08T03:36:02.096967+00:00,77.64661015272449,72.66960970567123,4.977000447053257,,0,1000.0,
2026-09-08T03:36:02.241192+00:00,77.64661015272449,72.66960970567123,4.977000447053257,,0,1000.0,
2026-09-08T03:36:02.393378+00:00,77.64661015272449,72.66960970567123,4.977000447053257,,0,1000.0,
2026-09-08T03:36:02.565620+00:00,77.6461373900496,72.66842213589814,4.977715254151462,,0,1000.0,
2026-09-08T03:36:02.701697+00:00,77.6461373900496,72.66842213589814,4.977715254151462,,0,1000.0,
2026-09-08T03:36:02.870367+00:00,77.6461373900496,72.66842213589814,4.977715254151462,,0,1000.0,
2026-09-08T03:36:03.010386+00:00,77.6461373900496,72.66842213589814,4.977715254151462,,0,1000.0,
2026-09-08T03:36:03.173316+00:00,77.6461373900496,72.66842213589814,4.977715254151462,,0,1000.0,
2026-09-08T03:36:03.319657+00:00,77.6461373900496,72.66842213589814,4.977715254151462,,0,1000.0,
2026-09-08T03:36:03.459974+00:00,77.64624349602119,72.67036356358216,4.975879932439028,,0,1000.0,
2026-09-08T03:36:03.621214+00:00,77.64624349602119,72.67036356358216,4.975879932439028,,0,1000.0,
2026-09-08T03:36:03.766163+00:00,77.64624349602119,72.67036356358216,4.975879932439028,,0,1000.0,
2026-09-08T03:36:03.918794+00:00,77.64624349602119,72.67036356358216,4.975879932439028,,0,1000.0,
2026-09-08T03:36:04.069745+00:00,77.64624349602119,72.67036356358216,4.975879932439028,,0,1000.0,
2026-09-08T03:36:04.228994+00:00,77.64624349602119,72.67036356358216,4.975879932439028,,0,1000.0,
2026-09-08T03:36:04.371579+00:00,77.64624349602119,72.67036356358216,4.975879932439028,,0,1000.0,
2026-09-08T03:36:04.527976+00:00,77.64839228312022,72.66561556726722,4.982776715852992,,0,1000.0,
2026-09-08T03:36:04.714287+00:00,77.64839228312022,72.66561556726722,4.982776715852992,,0,1000.0,
2026-09-08T03:36:04.853576+00:00,77.64839228312022,72.66561556726722,4.982776715852992,,0,1000.0,
2026-09-08T03:36:05.002727+00:00,77.64839228312022,72.66561556726722,4.982776715852992,,0,1000.0,
2026-09-08T03:36:05.157280+00:00,77.64839228312022,72.66561556726722,4.982776715852992,,0,1000.0,
2026-09-08T03:36:05.311644+00:00,77.64839228312022,72.66561556726722,4.982776715852992,,0,1000.0,
2026-09-08T03:36:05.468338+00:00,77.65046200067553,72.65806251864392,4.992399482031615,,0,1000.0,
2026-09-08T03:36:05.612367+00:00,77.65046200067553,72.65806251864392,4.992399482031615,,0,1000.0,
2026-09-08T03:36:05.762384+00:00,77.65046200067553,72.65806251864392,4.992399482031615,,0,1000.0,
2026-09-08T03:36:05.911328+00:00,77.75812825471911,72.55039626460034,5.2077319901187735,,0,1000.0,
2026-09-08T03:36:06.065790+00:00,77.95104882032427,72.35747569899517,5.593573121329101,,0,1000.0,
2026-09-08T03:36:06.217835+00:00,78.14164659292254,72.16687792639691,5.974768666525634,,0,1000.0,
2026-09-08T03:36:06.363363+00:00,78.32797846109423,71.98054605822522,6.347432402869018,,0,1000.0,
2026-09-08T03:36:06.516866+00:00,78.5171880102442,71.79874981211545,6.7184381981287515,,0,1000.0,
2026-09-08T03:36:06.687241+00:00,78.72483002903921,71.59110779332043,7.133722235718778,,0,1000.0,
2026-09-08T03:36:06.828245+00:00,78.90390652182562,71.41203130053403,7.491875221291593,,0,1000.0,
2026-09-08T03:36:06.975782+00:00,79.0907375788973,71.22520024346234,7.865537335434965,,0,1000.0,
2026-09-08T03:36:07.127972+00:00,79.27985238793356,71.03608543442608,8.243766953507475,,0,1000.0,
2026-09-08T03:36:07.278815+00:00,79.46819114449484,70.8477466778648,8.620444466630033,,0,1000.0,
2026-09-08T03:36:07.434515+00:00,79.66388162501909,70.64722147527954,9.01666014973955,,0,1000.0,
2026-09-08T03:36:07.585956+00:00,79.85869970449068,70.45240339580795,9.406296308682727,,0,1000.0,
2026-09-08T03:36:07.741782+00:00,80.04565056689836,70.26545253340026,9.780198033498095,,0,1000.0,
2026-09-08T03:36:07.889110+00:00,80.15345063336946,70.15765246692916,9.995798166440295,,0,1000.0,
2026-09-08T03:36:08.045794+00:00,80.15345063336946,70.15765246692916,9.995798166440295,,0,1000.0,
2026-09-08T03:36:08.194170+00:00,80.15345063336946,70.15765246692916,9.995798166440295,,0,1000.0,
2026-09-08T03:36:08.349762+00:00,80.15345063336946,70.15765246692916,9.995798166440295,,0,1000.0,
2026-09-08T03:36:08.502207+00:00,80.15389468348654,70.1613903708304,9.992504312656138,,0,1000.0,
2026-09-08T03:36:08.655169+00:00,80.15389468348654,70.1613903708304,9.992504312656138,,0,1000.0,
2026-09-08T03:36:08.837668+00:00,80.15389468348654,70.1613903708304,9.992504312656138,,0,1000.0,
2026-09-08T03:36:08.988494+00:00,80.15389468348654,70.1613903708304,9.992504312656138,,0,1000.0,
2026-09-08T03:36:09.130356+00:00,80.15389468348654,70.1613903708304,9.992504312656138,,0,1000.0,
2026-09-08T03:36:09.282321+00:00,80.15389468348654,70.1613903708304,9.992504312656138,,0,1000.0,
2026-09-08T03:36:09.427721+00:00,80.15588208332996,70.15631704763987,9.999565035690082,,0,1000.0,
2026-09-08T03:36:09.581049+00:00,80.15588208332996,70.15631704763987,9.999565035690082,,0,1000.0,
2026-09-08T03:36:09.738198+00:00,80.15588208332996,70.15631704763987,9.999565035690082,,0,1000.0,
2026-09-08T03:36:09.892512+00:00,80.15588208332996,70.15631704763987,9.999565035690082,,0,1000.0,
2026-09-08T03:36:10.036579+00:00,80.15588208332996,70.15631704763987,9.999565035690082,,0,1000.0,
2026-09-08T03:36:10.189718+00:00,80.15588208332996,70.15631704763987,9.999565035690082,,0,1000.0,
2026-09-08T03:36:10.353392+00:00,80.15588208332996,70.15631704763987,9.999565035690082,,0,1000.0,
2026-09-08T03:36:10.492064+00:00,80.1556744971878,70.15912352229084,9.996550974896962,,0,1000.0,
2026-09-08T03:36:10.643064+00:00,80.1556744971878,70.15912352229084,9.996550974896962,,0,1000.0,
2026-09-08T03:36:10.793427+00:00,80.1556744971878,70.15912352229084,9.996550974896962,,0,1000.0,
2026-09-08T03:36:10.948522+00:00,80.1556744971878,70.15912352229084,9.996550974896962,,0,1000.0,
2026-09-08T03:36:11.091807+00:00,80.1556744971878,70.15912352229084,9.996550974896962,,0,1000.0,
2026-09-08T03:36:11.247527+00:00,80.1556744971878,70.15912352229084,9.996550974896962,,0,1000.0,
2026-09-08T03:36:11.412266+00:00,80.1556744971878,70.15912352229084,9.996550974896962,,0,1000.0,
2026-09-08T03:36:11.553117+00:00,80.15371723420037,70.17282125550781,9.980895978692558,,0,1000.0,
2026-09-08T03:36:11.711968+00:00,80.15371723420037,70.17282125550781,9.980895978692558,,0,1000.0,
2026-09-08T03:36:11.853947+00:00,80.15371723420037,70.17282125550781,9.980895978692558,,0,1000.0,
2026-09-08T03:36:12.007583+00:00,80.15371723420037,70.17282125550781,9.980895978692558,,0,1000.0,
2026-09-08T03:36:12.159393+00:00,80.15371723420037,70.17282125550781,9.980895978692558,,0,1000.0,
2026-09-08T03:36:12.321348+00:00,80.15371723420037,70.17282125550781,9.980895978692558,,0,1000.0,
2026-09-08T03:36:12.471502+00:00,80.1521051409092,70.1769869665879,9.975118174321295,,0,1000.0,
2026-09-08T03:36:12.615080+00:00,80.1521051409092,70.1769869665879,9.975118174321295,,0,1000.0,
2026-09-08T03:36:12.771909+00:00,80.1521051409092,70.1769869665879,9.975118174321295,,0,1000.0,
2026-09-08T03:36:12.958882+00:00,80.1521051409092,70.1769869665879,9.975118174321295,,0,1000.0,
2026-09-08T03:36:13.109614+00:00,80.1521051409092,70.1769869665879,9.975118174321295,,0,1000.0,
2026-09-08T03:36:13.258842+00:00,80.1521051409092,70.1769869665879,9.975118174321295,,0,1000.0,
2026-09-08T03:36:13.403830+00:00,80.1521051409092,70.1769869665879,9.975118174321295,,0,1000.0,
2026-09-08T03:36:13.553805+00:00,80.15519964582263,70.17072451332537,9.984475132497266,,0,1000.0,
2026-09-08T03:36:13.694866+00:00,80.15519964582263,70.17072451332537,9.984475132497266,,0,1000.0,
2026-09-08T03:36:13.863221+00:00,80.15519964582263,70.17072451332537,9.984475132497266,,0,1000.0,
2026-09-08T03:36:14.035537+00:00,80.15519964582263,70.17072451332537,9.984475132497266,,0,1000.0,
2026-09-08T03:36:14.174302+00:00,80.15519964582263,70.17072451332537,9.984475132497266,,0,1000.0,
2026-09-08T03:36:14.331553+00:00,80.15519964582263,70.17072451332537,9.984475132497266,,0,1000.0,
2026-09-08T03:36:14.478870+00:00,80.15428609990009,70.17762277695472,9.97666332294537,,0,1000.0,
2026-09-08T03:36:14.628244+00:00,80.15428609990009,70.17762277695472,9.97666332294537,,0,1000.0,
2026-09-08T03:36:14.799095+00:00,80.15428609990009,70.17762277695472,9.97666332294537,,0,1000.0,
2026-09-08T03:36:14.933732+00:00,80.15428609990009,70.17762277695472,9.97666332294537,,0,1000.0,
2026-09-08T03:36:15.093992+00:00,80.15428609990009,70.17762277695472,9.97666332294537,,0,1000.0,
2026-09-08T03:36:15.245950+00:00,80.15428609990009,70.17762277695472,9.97666332294537,,0,1000.0,
2026-09-08T03:36:15.405091+00:00,80.15428609990009,70.17762277695472,9.97666332294537,,0,1000.0,
2026-09-08T03:36:15.551864+00:00,80.15702957528556,70.17298233635888,9.984047238926678,,0,1000.0,
2026-09-08T03:36:15.698580+00:00,80.15702957528556,70.17298233635888,9.984047238926678,,0,1000.0,
2026-09-08T03:36:15.858745+00:00,80.14554563352618,70.18446627811826,9.961079355407918,,0,1000.0,
2026-09-08T03:36:16.009142+00:00,80.09139123746905,70.2386206741754,9.85277056329366,,0,1000.0,
2026-09-08T03:36:16.155850+00:00,80.03767570189646,70.29233620974799,9.745339492148474,,0,1000.0,
2026-09-08T03:36:16.306937+00:00,79.98392278569663,70.34608912594781,9.637833659748821,,0,1000.0,
2026-09-08T03:36:16.458375+00:00,79.9294619886874,70.40797546334353,9.52148652534386,,0,1000.0,
2026-09-08T03:36:16.635757+00:00,79.87430870393332,70.4631287480976,9.41117995583572,,0,1000.0,
2026-09-08T03:36:16.780017+00:00,79.8149860742772,70.52245137775373,9.292534696523475,,0,1000.0,
2026-09-08T03:36:16.928325+00:00,79.76311606880584,70.57432138322508,9.18879468558076,,0,1000.0,
2026-09-08T03:36:17.091084+00:00,79.7084254863942,70.62901196563672,9.079413520757484,,0,1000.0,
2026-09-08T03:36:17.237186+00:00,79.65362139970902,70.6838160523219,8.969805347387123,,0,1000.0,
2026-09-08T03:36:17.389998+00:00,79.60037043976772,70.73706701226321,8.863303427504505,,0,1000.0,
2026-09-08T03:36:17.536228+00:00,79.54602976148168,70.79409311156404,8.751936649917639,,0,1000.0,
2026-09-08T03:36:17.685079+00:00,79.49416239564458,70.84596047740114,8.648201918243444,,0,1000.0,
2026-09-08T03:36:17.835944+00:00,79.44128813705824,70.89883473598748,8.542453401070759,,0,1000.0,
2026-09-08T03:36:17.984538+00:00,79.38584091625593,70.95428195678979,8.431558959466145,,0,1000.0,
2026-09-08T03:36:18.140454+00:00,79.33018763368169,71.00993523936403,8.320252394317663,,0,1000.0,
2026-09-08T03:36:18.303539+00:00,79.27311763385062,71.0670052391951,8.20611239465552,,0,1000.0,
2026-09-08T03:36:18.444837+00:00,79.21870555089296,71.12948804958991,8.089217501303054,,0,1000.0,
2026-09-08T03:36:18.601898+00:00,79.16390750982175,71.18428609066112,7.979621419160637,,0,1000.0,
2026-09-08T03:36:18.758515+00:00,79.11077371558217,71.2374198849007,7.8733538306814665,,0,1000.0,
2026-09-08T03:36:18.904908+00:00,79.05426808658763,71.29392551389525,7.76034257269238,,0,1000.0,
2026-09-08T03:36:19.085742+00:00,78.99261167964009,71.35558192084278,7.637029758797311,,0,1000.0,
2026-09-08T03:36:19.238622+00:00,78.93887630423573,71.40931729624714,7.5295590079885955,,0,1000.0,
2026-09-08T03:36:19.394145+00:00,78.88400639699282,71.46418720349006,7.419819193502761,,0,1000.0,
2026-09-08T03:36:19.552290+00:00,78.82576461154356,71.5331880036823,7.292576607861264,,0,1000.0,
2026-09-08T03:36:19.713568+00:00,78.77034276529004,71.58860984993582,7.1817329153542175,,0,1000.0,
2026-09-08T03:36:19.869968+00:00,78.70863313990965,71.65031947531621,7.058313664593442,,0,1000.0,
2026-09-08T03:36:20.006095+00:00,78.65945743468112,71.69949518054474,6.9599622541363715,,0,1000.0,
2026-09-08T03:36:20.162762+00:00,78.60439960250818,71.75455301271768,6.849846589790502,,0,1000.0,
2026-09-08T03:36:20.311794+00:00,78.54985632871865,71.80909628650721,6.740760042211434,,0,1000.0,
2026-09-08T03:36:20.469614+00:00,78.4940285648704,71.85355553818177,6.640473026688639,,0,1000.0,
2026-09-08T03:36:20.617943+00:00,78.43960977963894,71.90797432341323,6.531635456225715,,0,1000.0,
2026-09-08T03:36:20.766254+00:00,78.38683293207207,71.9607511709801,6.4260817610919645,,0,1000.0,
2026-09-08T03:36:20.920534+00:00,78.33290520396407,72.0146788990881,6.318226304875978,,0,1000.0,
2026-09-08T03:36:21.068037+00:00,78.27788619995972,72.06969790309245,6.208188296867277,,0,1000.0,
2026-09-08T03:36:21.227750+00:00,78.2223719665068,72.12521213654537,6.097159829961427,,0,1000.0,
2026-09-08T03:36:21.377160+00:00,78.17011504174134,72.17746906131083,5.99264598043051,,0,1000.0,
2026-09-08T03:36:21.528652+00:00,78.11280339093014,72.2339413576171,5.878862033313041,,0,1000.0,
2026-09-08T03:36:21.679710+00:00,78.05961842184553,72.28712632670171,5.772492095143818,,0,1000.0,
2026-09-08T03:36:21.829448+00:00,78.0060151133041,72.34072963524314,5.665285478060966,,0,1000.0,
2026-09-08T03:36:21.985615+00:00,77.95248673631609,72.39425801223115,5.558228724084941,,0,1000.0,
2026-09-08T03:36:22.134583+00:00,77.89683592307713,72.4499088254701,5.4469270976070305,,0,1000.0,
2026-09-08T03:36:22.290564+00:00,77.8437676939468,72.50297705460044,5.340790639346366,,0,1000.0,
2026-09-08T03:36:22.436046+00:00,77.7908918175201,72.55585293102713,5.235038886492973,,0,1000.0,
2026-09-08T03:36:22.589279+00:00,77.73337720283287,72.60248429473707,5.130892908095802,,0,1000.0,
2026-09-08T03:36:22.745838+00:00,77.67700517339213,72.6588563241778,5.018148849214327,,0,1000.0,
2026-09-08T03:36:22.906657+00:00,77.6487810116991,72.68708048587084,4.961700525828263,,0,1000.0,
2026-09-08T03:36:23.053414+00:00,77.6487810116991,72.68708048587084,4.961700525828263,,0,1000.0,
2026-09-08T03:36:23.200145+00:00,77.6487810116991,72.68708048587084,4.961700525828263,,0,1000.0,
2026-09-08T03:36:23.352200+00:00,77.6487810116991,72.68708048587084,4.961700525828263,,0,1000.0,
2026-09-08T03:36:23.506169+00:00,77.6493740235644,72.70436022495345,4.945013798610958,,0,1000.0,
2026-09-08T03:36:23.660650+00:00,77.6493740235644,72.70436022495345,4.945013798610958,,0,1000.0,
2026-09-08T03:36:23.800705+00:00,77.6493740235644,72.70436022495345,4.945013798610958,,0,1000.0,
2026-09-08T03:36:23.956777+00:00,77.6493740235644,72.70436022495345,4.945013798610958,,0,1000.0,
2026-09-08T03:36:24.104137+00:00,77.6493740235644,72.70436022495345,4.945013798610958,,0,1000.0,
2026-09-08T03:36:24.259818+00:00,77.6493740235644,72.70436022495345,4.945013798610958,,0,1000.0,
2026-09-08T03:36:24.409250+00:00,77.6493740235644,72.70436022495345,4.945013798610958,,0,1000.0,
2026-09-08T03:36:24.563329+00:00,77.64867342701065,72.70614576476078,4.942527662249873,,0,1000.0,
2026-09-08T03:36:24.710908+00:00,77.64867342701065,72.70614576476078,4.942527662249873,,0,1000.0,
2026-09-08T03:36:24.874445+00:00,77.64867342701065,72.70614576476078,4.942527662249873,,0,1000.0,
2026-09-08T03:36:25.017366+00:00,77.64867342701065,72.70614576476078,4.942527662249873,,0,1000.0,
2026-09-08T03:36:25.174774+00:00,77.64867342701065,72.70614576476078,4.942527662249873,,0,1000.0,
2026-09-08T03:36:25.421845+00:00,77.64867342701065,72.70614576476078,4.942527662249873,,0,1000.0,
2026-09-08T03:36:25.560336+00:00,77.64799551264042,72.71053703713812,4.9374584755022966,,0,1000.0,
2026-09-08T03:36:25.712824+00:00,77.64799551264042,72.71053703713812,4.9374584755022966,,0,1000.0,
2026-09-08T03:36:25.862138+00:00,77.64799551264042,72.71053703713812,4.9374584755022966,,0,1000.0,
2026-09-08T03:36:26.017658+00:00,77.64799551264042,72.71053703713812,4.9374584755022966,,0,1000.0,
2026-09-08T03:36:26.169729+00:00,77.64799551264042,72.71053703713812,4.9374584755022966,,0,1000.0,
2026-09-08T03:36:26.318634+00:00,77.64799551264042,72.71053703713812,4.9374584755022966,,0,1000.0,
2026-09-08T03:36:26.473009+00:00,77.64770435972765,72.72328907602248,4.924415283705173,,0,1000.0,
2026-09-08T03:36:26.620353+00:00,77.64770435972765,72.72328907602248,4.924415283705173,,0,1000.0,
2026-09-08T03:36:26.778086+00:00,77.64770435972765,72.72328907602248,4.924415283705173,,0,1000.0,
2026-09-08T03:36:26.935506+00:00,77.64770435972765,72.72328907602248,4.924415283705173,,0,1000.0,
2026-09-08T03:36:27.074799+00:00,77.64770435972765,72.72328907602248,4.924415283705173,,0,1000.0,
2026-09-08T03:36:27.237810+00:00,77.64770435972765,72.72328907602248,4.924415283705173,,0,1000.0,
2026-09-08T03:36:27.384899+00:00,77.64770435972765,72.72328907602248,4.924415283705173,,0,1000.0,
2026-09-08T03:36:27.553483+00:00,77.6481583223956,72.72812222797792,4.920036094417682,,0,1000.0,
2026-09-08T03:36:27.691094+00:00,77.6481583223956,72.72812222797792,4.920036094417682,,0,1000.0,
2026-09-08T03:36:27.849296+00:00,77.6481583223956,72.72812222797792,4.920036094417682,,0,1000.0,
2026-09-08T03:36:28.011212+00:00,77.6481583223956,72.72812222797792,4.920036094417682,,0,1000.0,
2026-09-08T03:36:28.155572+00:00,77.6481583223956,72.72812222797792,4.920036094417682,,0,1000.0,
2026-09-08T03:36:28.317148+00:00,77.6481583223956,72.72812222797792,4.920036094417682,,0,1000.0,
2026-09-08T03:36:28.464401+00:00,77.6484959165845,72.71512040595191,4.933375510632587,,0,1000.0,
2026-09-08T03:36:28.602384+00:00,77.6484959165845,72.71512040595191,4.933375510632587,,0,1000.0,
2026-09-08T03:36:28.754778+00:00,77.6484959165845,72.71512040595191,4.933375510632587,,0,1000.0,
2026-09-08T03:36:28.909541+00:00,77.6484959165845,72.71512040595191,4.933375510632587,,0,1000.0,
2026-09-08T03:36:29.068944+00:00,77.6484959165845,72.71512040595191,4.933375510632587,,0,1000.0,
2026-09-08T03:36:29.214807+00:00,77.6484959165845,72.71512040595191,4.933375510632587,,0,1000.0,
2026-09-08T03:36:29.370759+00:00,77.6484959165845,72.71512040595191,4.933375510632587,,0,1000.0,
2026-09-08T03:36:29.519445+00:00,77.65431414865797,72.71518058676881,4.9391335618891645,,0,1000.0,
2026-09-08T03:36:29.683352+00:00,77.65431414865797,72.71518058676881,4.9391335618891645,,0,1000.0,
2026-09-08T03:36:29.825412+00:00,77.65431414865797,72.71518058676881,4.9391335618891645,,0,1000.0,
2026-09-08T03:36:29.975061+00:00,77.65431414865797,72.71518058676881,4.9391335618891645,,0,1000.0,
2026-09-08T03:36:30.135298+00:00,77.65431414865797,72.71518058676881,4.9391335618891645,,0,1000.0,
2026-09-08T03:36:30.283247+00:00,77.65431414865797,72.71518058676881,4.9391335618891645,,0,1000.0,
2026-09-08T03:36:30.434240+00:00,77.65431414865797,72.71518058676881,4.9391335618891645,,0,1000.0,
2026-09-08T03:36:30.594359+00:00,77.6539948374436,72.73582595994712,4.918168877496484,,0,1000.0,
2026-09-08T03:36:30.738151+00:00,77.6539948374436,72.73582595994712,4.918168877496484,,0,1000.0,
2026-09-08T03:36:30.893418+00:00,77.6539948374436,72.73582595994712,4.918168877496484,,0,1000.0,
2026-09-08T03:36:31.038720+00:00,77.6539948374436,72.73582595994712,4.918168877496484,,0,1000.0,
2026-09-08T03:36:31.191577+00:00,77.6539948374436,72.73582595994712,4.918168877496484,,0,1000.0,
2026-09-08T03:36:31.345191+00:00,77.6539948374436,72.73582595994712,4.918168877496484,,0,1000.0,
2026-09-08T03:36:31.490924+00:00,77.65473560357451,72.72584521295217,4.9288903906223425,,0,1000.0,
2026-09-08T03:36:31.655732+00:00,77.65473560357451,72.72584521295217,4.9288903906223425,,0,1000.0,
2026-09-08T03:36:31.793799+00:00,77.65473560357451,72.72584521295217,4.9288903906223425,,0,1000.0,
2026-09-08T03:36:31.953063+00:00,77.65473560357451,72.72584521295217,4.9288903906223425,,0,1000.0,
2026-09-08T03:36:32.100330+00:00,77.65473560357451,72.72584521295217,4.9288903906223425,,0,1000.0,
2026-09-08T03:36:32.254119+00:00,77.65473560357451,72.72584521295217,4.9288903906223425,,0,1000.0,
2026-09-08T03:36:32.427063+00:00,77.65473560357451,72.72584521295217,4.9288903906223425,,0,1000.0,
2026-09-08T03:36:32.565898+00:00,77.6522154907996,72.73892149723379,4.913293993565816,,0,1000.0,
2026-09-08T03:36:32.714111+00:00,77.6522154907996,72.73892149723379,4.913293993565816,,0,1000.0,
2026-09-08T03:36:32.864806+00:00,77.6522154907996,72.73892149723379,4.913293993565816,,0,1000.0,
2026-09-08T03:36:33.021451+00:00,77.6522154907996,72.73892149723379,4.913293993565816,,0,1000.0,
2026-09-08T03:36:33.173164+00:00,77.6522154907996,72.73892149723379,4.913293993565816,,0,1000.0,
2026-09-08T03:36:33.327161+00:00,77.6522154907996,72.73892149723379,4.913293993565816,,0,1000.0,
2026-09-08T03:36:33.488889+00:00,77.6522154907996,72.73892149723379,4.913293993565816,,0,1000.0,
2026-09-08T03:36:33.632064+00:00,77.64902648697284,72.7493574937287,4.899668993244148,,0,1000.0,
2026-09-08T03:36:33.777878+00:00,77.64902648697284,72.7493574937287,4.899668993244148,,0,1000.0,
2026-09-08T03:36:33.927276+00:00,77.64902648697284,72.7493574937287,4.899668993244148,,0,1000.0,
2026-09-08T03:36:34.090184+00:00,77.64902648697284,72.7493574937287,4.899668993244148,,0,1000.0,
2026-09-08T03:36:34.238461+00:00,77.64902648697284,72.7493574937287,4.899668993244148,,0,1000.0,
2026-09-08T03:36:34.389803+00:00,77.64902648697284,72.7493574937287,4.899668993244148,,0,1000.0,
2026-09-08T03:36:34.536024+00:00,77.64806349819206,72.74999686888758,4.898066629304481,,0,1000.0,
2026-09-08T03:36:34.705397+00:00,77.64806349819206,72.74999686888758,4.898066629304481,,0,1000.0,
2026-09-08T03:36:34.873619+00:00,77.64806349819206,72.74999686888758,4.898066629304481,,0,1000.0,
2026-09-08T03:36:35.027800+00:00,77.64806349819206,72.74999686888758,4.898066629304481,,0,1000.0,
2026-09-08T03:36:35.176562+00:00,77.64806349819206,72.74999686888758,4.898066629304481,,0,1000.0,
2026-09-08T03:36:35.313930+00:00,77.64806349819206,72.74999686888758,4.898066629304481,,0,1000.0,
2026-09-08T03:36:35.573147+00:00,77.64978922446774,72.7414988909809,4.908290333486832,,0,1000.0,
2026-09-08T03:36:36.112467+00:00,77.64978922446774,72.7414988909809,4.908290333486832,,0,1000.0,
2026-09-08T03:36:36.254608+00:00,77.64978922446774,72.7414988909809,4.908290333486832,,0,1000.0,
2026-09-08T03:36:36.404526+00:00,77.64978922446774,72.7414988909809,4.908290333486832,,0,1000.0,
2026-09-08T03:36:36.557110+00:00,77.64690523424228,72.74575776399631,4.901147470245974,,0,1000.0,
2026-09-08T03:36:36.736008+00:00,77.64690523424228,72.74575776399631,4.901147470245974,,0,1000.0,
2026-09-08T03:36:36.871063+00:00,77.64690523424228,72.74575776399631,4.901147470245974,,0,1000.0,
2026-09-08T03:36:37.034930+00:00,77.64690523424228,72.74575776399631,4.901147470245974,,0,1000.0,
2026-09-08T03:36:37.171102+00:00,77.64690523424228,72.74575776399631,4.901147470245974,,0,1000.0,
2026-09-08T03:36:37.327530+00:00,77.64690523424228,72.74575776399631,4.901147470245974,,0,1000.0,
2026-09-08T03:36:37.478511+00:00,77.64690523424228,72.74575776399631,4.901147470245974,,0,1000.0,
2026-09-08T03:36:37.638313+00:00,77.64730170503303,72.74728349944048,4.900018205592545,,0,1000.0,
2026-09-08T03:36:37.790665+00:00,77.64730170503303,72.74728349944048,4.900018205592545,,0,1000.0,
2026-09-08T03:36:37.938447+00:00,77.64730170503303,72.74728349944048,4.900018205592545,,0,1000.0,
2026-09-08T03:36:38.095475+00:00,77.64730170503303,72.74728349944048,4.900018205592545,,0,1000.0,
2026-09-08T03:36:38.257886+00:00,77.64730170503303,72.74728349944048,4.900018205592545,,0,1000.0,
2026-09-08T03:36:38.392991+00:00,77.64730170503303,72.74728349944048,4.900018205592545,,0,1000.0,
2026-09-08T03:36:38.553040+00:00,77.64766035283293,72.75651089776309,4.8911494550698364,,0,1000.0,
2026-09-08T03:36:38.705559+00:00,77.64766035283293,72.75651089776309,4.8911494550698364,,0,1000.0,
2026-09-08T03:36:38.854719+00:00,77.64766035283293,72.75651089776309,4.8911494550698364,,0,1000.0,
2026-09-08T03:36:39.004980+00:00,77.64766035283293,72.75651089776309,4.8911494550698364,,0,1000.0,
2026-09-08T03:36:39.154261+00:00,77.64766035283293,72.75651089776309,4.8911494550698364,,0,1000.0,
2026-09-08T03:36:39.312195+00:00,77.64766035283293,72.75651089776309,4.8911494550698364,,0,1000.0,
2026-09-08T03:36:39.457844+00:00,77.64766035283293,72.75651089776309,4.8911494550698364,,0,1000.0,
2026-09-08T03:36:39.622887+00:00,77.64726976761742,72.74867380470805,4.8985959629093685,,0,1000.0,
2026-09-08T03:36:39.762406+00:00,77.64726976761742,72.74867380470805,4.8985959629093685,,0,1000.0,
2026-09-08T03:36:39.915355+00:00,77.64726976761742,72.74867380470805,4.8985959629093685,,0,1000.0,
2026-09-08T03:36:40.078001+00:00,77.64726976761742,72.74867380470805,4.8985959629093685,,0,1000.0,
2026-09-08T03:36:40.215018+00:00,77.64726976761742,72.74867380470805,4.8985959629093685,,0,1000.0,
2026-09-08T03:36:40.372968+00:00,77.64726976761742,72.74867380470805,4.8985959629093685,,0,1000.0,
2026-09-08T03:36:40.521124+00:00,77.64678121639471,72.74106210799299,4.905719108401726,,0,1000.0,
2026-09-08T03:36:40.670571+00:00,77.64678121639471,72.74106210799299,4.905719108401726,,0,1000.0,
2026-09-08T03:36:40.854942+00:00,77.64678121639471,72.74106210799299,4.905719108401726,,0,1000.0,
2026-09-08T03:36:40.993619+00:00,77.64678121639471,72.74106210799299,4.905719108401726,,0,1000.0,
2026-09-08T03:36:41.153585+00:00,77.64678121639471,72.74106210799299,4.905719108401726,,0,1000.0,
2026-09-08T03:36:41.294605+00:00,77.64678121639471,72.74106210799299,4.905719108401726,,0,1000.0,
2026-09-08T03:36:41.455512+00:00,77.64678121639471,72.74106210799299,4.905719108401726,-0.6902,0,1000.0,
2026-09-08T03:36:41.613488+00:00,77.64737790812019,72.74475340669893,4.902624501421258,-0.69,0,1000.0,
2026-09-08T03:36:41.756248+00:00,77.64737790812019,72.74475340669893,4.902624501421258,-0.6886,0,1000.0,
2026-09-08T03:36:41.903055+00:00,77.64737790812019,72.74475340669893,4.902624501421258,-0.6875,0,1000.0,
2026-09-08T03:36:42.062483+00:00,77.64737790812019,72.74475340669893,4.902624501421258,-0.6866,0,1000.0,
2026-09-08T03:36:42.685046+00:00,77.64737790812019,72.74475340669893,4.902624501421258,-0.686,0,1000.0,
2026-09-08T03:36:42.831383+00:00,77.64952874139244,72.73779025759622,4.911738483796228,-0.6812,0,1000.0,
2026-09-08T03:36:42.976424+00:00,77.64952874139244,72.73779025759622,4.911738483796228,-0.6811,0,1000.0,
2026-09-08T03:36:43.125451+00:00,77.64952874139244,72.73779025759622,4.911738483796228,-0.6811,0,1000.0,
2026-09-08T03:36:43.285112+00:00,77.64952874139244,72.73779025759622,4.911738483796228,-0.681,0,1000.0,
2026-09-08T03:36:43.452545+00:00,77.64952874139244,72.73779025759622,4.911738483796228,-0.6809,0,1000.0,
2026-09-08T03:36:43.594659+00:00,77.65148850654434,72.73844339859293,4.913045107951405,-0.6801,0,1000.0,
2026-09-08T03:36:43.761989+00:00,77.65148850654434,72.73844339859293,4.913045107951405,-0.6801,0,1000.0,
2026-09-08T03:36:43.905666+00:00,77.65148850654434,72.73844339859293,4.913045107951405,-0.68,0,1000.0,
2026-09-08T03:36:44.071826+00:00,77.65148850654434,72.73844339859293,4.913045107951405,-0.6799,0,1000.0,
2026-09-08T03:36:44.217653+00:00,77.65148850654434,72.73844339859293,4.913045107951405,-0.6798,0,1000.0,
2026-09-08T03:36:44.363928+00:00,77.65148850654434,72.73844339859293,4.913045107951405,-0.6797,0,1000.0,
2026-09-08T03:36:44.514664+00:00,77.65148850654434,72.73844339859293,4.913045107951405,-0.6796,0,1000.0,
2026-09-08T03:36:44.667143+00:00,77.65010182979537,72.74166982837566,4.908432001419712,-0.6818,0,1000.0,
2026-09-08T03:36:44.814082+00:00,77.65010182979537,72.74166982837566,4.908432001419712,-0.6817,0,1000.0,
2026-09-08T03:36:44.971527+00:00,77.65010182979537,72.74166982837566,4.908432001419712,-0.6816,0,1000.0,
2026-09-08T03:36:45.120466+00:00,77.65010182979537,72.74166982837566,4.908432001419712,-0.6816,0,1000.0,
2026-09-08T03:36:45.278128+00:00,77.65010182979537,72.74166982837566,4.908432001419712,-0.6815,0,1000.0,
2026-09-08T03:36:45.419322+00:00,77.65010182979537,72.74166982837566,4.908432001419712,-0.6814,0,1000.0,
2026-09-08T03:36:45.602566+00:00,77.6536256246882,72.7347424668996,4.918883157788599,-0.6762,0,1000.0,
2026-09-08T03:36:45.763335+00:00,77.6536256246882,72.7347424668996,4.918883157788599,-0.6761,0,1000.0,
2026-09-08T03:36:45.899336+00:00,77.6536256246882,72.7347424668996,4.918883157788599,-0.6761,0,1000.0,
2026-09-08T03:36:46.055977+00:00,77.6536256246882,72.7347424668996,4.918883157788599,-0.676,0,1000.0,
2026-09-08T03:36:46.206011+00:00,77.6536256246882,72.7347424668996,4.918883157788599,-0.6759,0,1000.0,
2026-09-08T03:36:46.355229+00:00,77.6536256246882,72.7347424668996,4.918883157788599,-0.6758,0,1000.0,
2026-09-08T03:36:46.533509+00:00,77.6536256246882,72.7347424668996,4.918883157788599,-0.6757,0,1000.0,
2026-09-08T03:36:46.670120+00:00,77.65232377144883,72.73077755632217,4.921546215126668,-0.6743,0,1000.0,
2026-09-08T03:36:46.820541+00:00,77.65232377144883,72.73077755632217,4.921546215126668,-0.6742,0,1000.0,
2026-09-08T03:36:46.978549+00:00,77.65232377144883,72.73077755632217,4.921546215126668,-0.6741,0,1000.0,
2026-09-08T03:36:47.130961+00:00,77.65232377144883,72.73077755632217,4.921546215126668,-0.674,0,1000.0,
2026-09-08T03:36:47.277400+00:00,77.65232377144883,72.73077755632217,4.921546215126668,-0.6739,0,1000.0,
2026-09-08T03:36:47.428269+00:00,77.65232377144883,72.73077755632217,4.921546215126668,-0.6737,0,1000.0,
2026-09-08T03:36:47.582281+00:00,77.65215531453444,72.75143081370159,4.900724500832851,-0.6837,0,1000.0,
2026-09-08T03:36:47.730805+00:00,77.65215531453444,72.75143081370159,4.900724500832851,-0.6835,0,1000.0,
2026-09-08T03:36:47.902211+00:00,77.65215531453444,72.75143081370159,4.900724500832851,-0.6833,0,1000.0,
2026-09-08T03:36:48.053116+00:00,77.65215531453444,72.75143081370159,4.900724500832851,-0.6831,0,1000.0,
2026-09-08T03:36:48.192017+00:00,77.65215531453444,72.75143081370159,4.900724500832851,-0.6829,0,1000.0,
2026-09-08T03:36:48.352442+00:00,77.65215531453444,72.75143081370159,4.900724500832851,-0.6827,0,1000.0,
2026-09-08T03:36:48.492483+00:00,77.65215531453444,72.75143081370159,4.900724500832851,-0.6826,0,1000.0,
2026-09-08T03:36:48.671835+00:00,77.65104684694542,72.74808167512712,4.902965171818295,-0.6813,0,1000.0,
2026-09-08T03:36:48.812923+00:00,77.65104684694542,72.74808167512712,4.902965171818295,-0.6811,0,1000.0,
2026-09-08T03:36:48.971702+00:00,77.65104684694542,72.74808167512712,4.902965171818295,-0.6809,0,1000.0,
2026-09-08T03:36:49.114058+00:00,77.65104684694542,72.74808167512712,4.902965171818295,-0.6808,0,1000.0,
2026-09-08T03:36:49.271960+00:00,77.65104684694542,72.74808167512712,4.902965171818295,-0.6806,0,1000.0,
2026-09-08T03:36:49.434711+00:00,77.65104684694542,72.74808167512712,4.902965171818295,-0.6804,0,1000.0,
2026-09-08T03:36:49.579528+00:00,77.64955466945361,72.75598894939277,4.893565720060835,-0.6848,0,1000.0,
2026-09-08T03:36:49.723376+00:00,77.64955466945361,72.75598894939277,4.893565720060835,-0.6846,0,1000.0,
2026-09-08T03:36:49.896852+00:00,77.64955466945361,72.75598894939277,4.893565720060835,-0.6844,0,1000.0,
2026-09-08T03:36:50.039674+00:00,77.64955466945361,72.75598894939277,4.893565720060835,-0.6842,0,1000.0,
2026-09-08T03:36:50.214530+00:00,77.64955466945361,72.75598894939277,4.893565720060835,-0.684,0,1000.0,
2026-09-08T03:36:50.355616+00:00,77.64955466945361,72.75598894939277,4.893565720060835,-0.6838,0,1000.0,
2026-09-08T03:36:50.505700+00:00,77.64955466945361,72.75598894939277,4.893565720060835,-0.6836,0,1000.0,
2026-09-08T03:36:50.661575+00:00,77.64406761701733,72.76296531243074,4.881102304586591,-0.6894,0,1000.0,
2026-09-08T03:36:50.816313+00:00,77.64406761701733,72.76296531243074,4.881102304586591,-0.6892,0,1000.0,
2026-09-08T03:36:50.963434+00:00,77.64406761701733,72.76296531243074,4.881102304586591,-0.689,0,1000.0,
2026-09-08T03:36:51.112890+00:00,77.64406761701733,72.76296531243074,4.881102304586591,-0.6888,0,1000.0,
2026-09-08T03:36:51.301584+00:00,77.64406761701733,72.76296531243074,4.881102304586591,-0.6885,0,1000.0,
2026-09-08T03:36:51.459297+00:00,77.64406761701733,72.76296531243074,4.881102304586591,-0.6883,0,1000.0,
2026-09-08T03:36:51.636815+00:00,77.64527171289801,72.74921925004368,4.896052462854328,-0.6808,0,1000.0,
2026-09-08T03:36:51.773819+00:00,77.64527171289801,72.74921925004368,4.896052462854328,-0.6806,0,1000.0,
2026-09-08T03:36:51.942464+00:00,77.64527171289801,72.74921925004368,4.896052462854328,-0.6804,0,1000.0,
2026-09-08T03:36:52.088191+00:00,77.64527171289801,72.74921925004368,4.896052462854328,-0.6802,0,1000.0,
2026-09-08T03:36:52.252489+00:00,77.64527171289801,72.74921925004368,4.896052462854328,-0.68,0,1000.0,
2026-09-08T03:36:52.429483+00:00,77.64527171289801,72.74921925004368,4.896052462854328,-0.6798,0,1000.0,
2026-09-08T03:36:52.567853+00:00,77.64468628536075,72.7400499906376,4.904636294723147,-0.6754,0,1000.0,
2026-09-08T03:36:52.718287+00:00,77.64468628536075,72.7400499906376,4.904636294723147,-0.6752,0,1000.0,
2026-09-08T03:36:52.876445+00:00,77.64468628536075,72.7400499906376,4.904636294723147,-0.6746,0,1000.0,
2026-09-08T03:36:53.031807+00:00,77.64468628536075,72.7400499906376,4.904636294723147,-0.6731,0,1000.0,
2026-09-08T03:36:53.195819+00:00,77.64468628536075,72.7400499906376,4.904636294723147,-0.6709,0,1000.0,
2026-09-08T03:36:53.332770+00:00,77.64468628536075,72.7400499906376,4.904636294723147,-0.668,0,1000.0,
2026-09-08T03:36:53.491188+00:00,77.64468628536075,72.7400499906376,4.904636294723147,-0.6647,0,1000.0,
2026-09-08T03:36:53.635101+00:00,77.6421105440213,72.75308202508155,4.889028518939753,-0.6683,0,1000.0,
2026-09-08T03:36:53.792046+00:00,77.6421105440213,72.75308202508155,4.889028518939753,-0.664,0,1000.0,
2026-09-08T03:36:53.954297+00:00,77.6421105440213,72.75308202508155,4.889028518939753,-0.6594,0,1000.0,
2026-09-08T03:36:54.093674+00:00,77.6421105440213,72.75308202508155,4.889028518939753,-0.6545,0,1000.0,
2026-09-08T03:36:54.258169+00:00,77.6421105440213,72.75308202508155,4.889028518939753,-0.6495,0,1000.0,
2026-09-08T03:36:54.396583+00:00,77.6421105440213,72.75308202508155,4.889028518939753,-0.6443,0,1000.0,
2026-09-08T03:36:54.555554+00:00,77.64888511435225,72.73866474523037,4.9102203691218875,-0.6289,0,1000.0,
2026-09-08T03:36:54.699602+00:00,77.64888511435225,72.73866474523037,4.9102203691218875,-0.6238,0,1000.0,
2026-09-08T03:36:54.852451+00:00,77.64888511435225,72.73866474523037,4.9102203691218875,-0.6187,0,1000.0,
2026-09-08T03:36:55.008399+00:00,77.64888511435225,72.73866474523037,4.9102203691218875,-0.6136,0,1000.0,
2026-09-08T03:36:55.162631+00:00,77.64888511435225,72.73866474523037,4.9102203691218875,-0.6085,0,1000.0,
2026-09-08T03:36:55.333197+00:00,77.64888511435225,72.73866474523037,4.9102203691218875,-0.6035,0,1000.0,
2026-09-08T03:36:55.473622+00:00,77.64888511435225,72.73866474523037,4.9102203691218875,-0.5984,0,1000.0,
2026-09-08T03:36:55.630207+00:00,77.64658026209403,72.75213635723615,4.89444390485788,-0.6013,0,1000.0,
2026-09-08T03:36:55.779381+00:00,77.64658026209403,72.75213635723615,4.89444390485788,-0.5963,0,1000.0,
2026-09-08T03:36:55.936188+00:00,77.64658026209403,72.75213635723615,4.89444390485788,-0.5912,0,1000.0,
2026-09-08T03:36:56.079180+00:00,77.64658026209403,72.75213635723615,4.89444390485788,-0.5862,0,1000.0,
2026-09-08T03:36:56.233797+00:00,77.64658026209403,72.75213635723615,4.89444390485788,-0.5812,0,1000.0,
2026-09-08T03:36:56.390853+00:00,77.64658026209403,72.75213635723615,4.89444390485788,-0.5762,0,1000.0,
2026-09-08T03:36:56.535436+00:00,77.64658026209403,72.75213635723615,4.89444390485788,-0.5712,0,1000.0,
2026-09-08T03:36:56.689608+00:00,77.64357447975186,72.75705861036076,4.886515869391104,-0.5703,0,1000.0,
2026-09-08T03:36:56.831644+00:00,77.64357447975186,72.75705861036076,4.886515869391104,-0.5653,0,1000.0,
2026-09-08T03:36:56.989724+00:00,77.64357447975186,72.75705861036076,4.886515869391104,-0.5603,0,1000.0,
2026-09-08T03:36:57.136451+00:00,77.64357447975186,72.75705861036076,4.886515869391104,-0.5553,0,1000.0,
2026-09-08T03:36:57.310638+00:00,77.64357447975186,72.75705861036076,4.886515869391104,-0.5504,0,1000.0,
2026-09-08T03:36:57.454231+00:00,77.64357447975186,72.75705861036076,4.886515869391104,-0.5454,0,1000.0,
2026-09-08T03:36:57.625453+00:00,77.64199145328536,72.76490236516617,4.877089088119192,-0.5456,0,1000.0,
2026-09-08T03:36:57.774308+00:00,77.64199145328536,72.76490236516617,4.877089088119192,-0.5407,0,1000.0,
2026-09-08T03:36:57.927317+00:00,77.64199145328536,72.76490236516617,4.877089088119192,-0.5357,0,1000.0,
2026-09-08T03:36:58.099063+00:00,77.64199145328536,72.76490236516617,4.877089088119192,-0.5308,0,1000.0,
2026-09-08T03:36:58.235196+00:00,77.64199145328536,72.76490236516617,4.877089088119192,-0.5258,0,1000.0,
2026-09-08T03:36:58.390008+00:00,77.64199145328536,72.76490236516617,4.877089088119192,-0.5209,0,1000.0,
2026-09-08T03:36:58.537495+00:00,77.64199145328536,72.76490236516617,4.877089088119192,-0.5159,0,1000.0,
2026-09-08T03:36:58.697876+00:00,77.64298236965564,72.76705902782864,4.875923341827004,-0.5117,0,1000.0,
2026-09-08T03:36:58.843595+00:00,77.64298236965564,72.76705902782864,4.875923341827004,-0.5068,0,1000.0,
2026-09-08T03:36:59.001671+00:00,77.64298236965564,72.76705902782864,4.875923341827004,-0.5018,0,1000.0,
2026-09-08T03:36:59.151908+00:00,77.64298236965564,72.76705902782864,4.875923341827004,-0.4969,0,1000.0,
2026-09-08T03:36:59.304945+00:00,77.64298236965564,72.76705902782864,4.875923341827004,-0.492,0,1000.0,
2026-09-08T03:36:59.453559+00:00,77.64298236965564,72.76705902782864,4.875923341827004,-0.4871,0,1000.0,
2026-09-08T03:36:59.611753+00:00,77.64269154880321,72.764433478827,4.878258069976212,-0.4807,0,1000.0,
2026-09-08T03:36:59.756819+00:00,77.64269154880321,72.764433478827,4.878258069976212,-0.4758,0,1000.0,
2026-09-08T03:36:59.912530+00:00,77.64269154880321,72.764433478827,4.878258069976212,-0.4709,0,1000.0,
2026-09-08T03:37:00.053934+00:00,77.64269154880321,72.764433478827,4.878258069976212,-0.466,0,1000.0,
2026-09-08T03:37:00.251263+00:00,77.64269154880321,72.764433478827,4.878258069976212,-0.4611,0,1000.0,
2026-09-08T03:37:00.391229+00:00,77.64269154880321,72.764433478827,4.878258069976212,-0.4562,0,1000.0,
2026-09-08T03:37:00.580452+00:00,77.64269154880321,72.764433478827,4.878258069976212,-0.4514,0,1000.0,
2026-09-08T03:37:00.722229+00:00,77.63934789499136,72.75998143415362,4.879366460837744,-0.4458,0,1000.0,
2026-09-08T03:37:00.871797+00:00,77.63934789499136,72.75998143415362,4.879366460837744,-0.4409,0,1000.0,
2026-09-08T03:37:01.025067+00:00,77.63934789499136,72.75998143415362,4.879366460837744,-0.4361,0,1000.0,
2026-09-08T03:37:01.175877+00:00,77.63934789499136,72.75998143415362,4.879366460837744,-0.4314,0,1000.0,
2026-09-08T03:37:01.328749+00:00,77.63934789499136,72.75998143415362,4.879366460837744,-0.4266,0,1000.0,
2026-09-08T03:37:01.481938+00:00,77.63934789499136,72.75998143415362,4.879366460837744,-0.4219,0,1000.0,
2026-09-08T03:37:01.647565+00:00,77.6420767966916,72.76653853903707,4.875538257654526,-0.4202,0,1000.0,
2026-09-08T03:37:01.792480+00:00,77.6420767966916,72.76653853903707,4.875538257654526,-0.4156,0,1000.0,
2026-09-08T03:37:01.971662+00:00,77.6420767966916,72.76653853903707,4.875538257654526,-0.4112,0,1000.0,
2026-09-08T03:37:02.118596+00:00,77.6420767966916,72.76653853903707,4.875538257654526,-0.4068,0,1000.0,
2026-09-08T03:37:02.263184+00:00,77.6420767966916,72.76653853903707,4.875538257654526,-0.4025,0,1000.0,
2026-09-08T03:37:02.413686+00:00,77.6420767966916,72.76653853903707,4.875538257654526,-0.3983,0,1000.0,
2026-09-08T03:37:02.566073+00:00,77.6420767966916,72.76653853903707,4.875538257654526,-0.3943,0,1000.0,
2026-09-08T03:37:02.718247+00:00,77.64285406361394,72.7620211484501,4.880832915163836,-0.3856,0,1000.0,
2026-09-08T03:37:02.869731+00:00,77.64285406361394,72.7620211484501,4.880832915163836,-0.3818,0,1000.0,
2026-09-08T03:37:03.084742+00:00,77.64285406361394,72.7620211484501,4.880832915163836,-0.3781,0,1000.0,
2026-09-08T03:37:03.226511+00:00,77.64285406361394,72.7620211484501,4.880832915163836,-0.3743,0,1000.0,
2026-09-08T03:37:03.383923+00:00,77.64285406361394,72.7620211484501,4.880832915163836,-0.3706,0,1000.0,
2026-09-08T03:37:03.545095+00:00,77.64285406361394,72.7620211484501,4.880832915163836,-0.3669,0,1000.0,
2026-09-08T03:37:03.693589+00:00,77.64253784861481,72.77170557230221,4.870832276312598,-0.3743,0,1000.0,
2026-09-08T03:37:03.830662+00:00,77.64253784861481,72.77170557230221,4.870832276312598,-0.371,0,1000.0,
2026-09-08T03:37:03.995235+00:00,77.64253784861481,72.77170557230221,4.870832276312598,-0.3677,0,1000.0,
2026-09-08T03:37:04.138119+00:00,77.64253784861481,72.77170557230221,4.870832276312598,-0.3644,0,1000.0,
2026-09-08T03:37:04.288556+00:00,77.64253784861481,72.77170557230221,4.870832276312598,-0.3613,0,1000.0,
2026-09-08T03:37:04.448993+00:00,77.64253784861481,72.77170557230221,4.870832276312598,-0.3582,0,1000.0,
2026-09-08T03:37:04.595278+00:00,77.64510403548701,72.76917208602629,4.875931949460721,-0.348,0,1000.0,
2026-09-08T03:37:04.751443+00:00,77.64510403548701,72.76917208602629,4.875931949460721,-0.3448,0,1000.0,
2026-09-08T03:37:04.896213+00:00,77.64510403548701,72.76917208602629,4.875931949460721,-0.3417,0,1000.0,
2026-09-08T03:37:05.059533+00:00,77.64510403548701,72.76917208602629,4.875931949460721,-0.3387,0,1000.0,
2026-09-08T03:37:05.205227+00:00,77.64510403548701,72.76917208602629,4.875931949460721,-0.3358,0,1000.0,
2026-09-08T03:37:05.355080+00:00,77.64510403548701,72.76917208602629,4.875931949460721,-0.333,0,1000.0,
2026-09-08T03:37:05.511215+00:00,77.64510403548701,72.76917208602629,4.875931949460721,-0.3303,0,1000.0,
2026-09-08T03:37:05.656306+00:00,77.64603368849323,72.7506769068933,4.895356781599929,-0.2896,0,1000.0,
2026-09-08T03:37:05.833450+00:00,77.64603368849323,72.7506769068933,4.895356781599929,-0.2853,0,1000.0,
2026-09-08T03:37:05.971209+00:00,77.64603368849323,72.7506769068933,4.895356781599929,-0.281,0,1000.0,
2026-09-08T03:37:06.133807+00:00,77.64603368849323,72.7506769068933,4.895356781599929,-0.2767,0,1000.0,
2026-09-08T03:37:06.292333+00:00,77.64603368849323,72.7506769068933,4.895356781599929,-0.2725,0,1000.0,
2026-09-08T03:37:06.438829+00:00,77.64603368849323,72.7506769068933,4.895356781599929,-0.2683,0,1000.0,
2026-09-08T03:37:06.594378+00:00,77.64415527210942,72.76819174290549,4.875963529203929,-0.3192,0,1000.0,
2026-09-08T03:37:06.737968+00:00,77.64415527210942,72.76819174290549,4.875963529203929,-0.3188,0,1000.0,
2026-09-08T03:37:06.889455+00:00,77.64415527210942,72.76819174290549,4.875963529203929,-0.3188,0,1000.0,
2026-09-08T03:37:07.036559+00:00,77.64415527210942,72.76819174290549,4.875963529203929,-0.3196,0,1000.0,
2026-09-08T03:37:07.191060+00:00,77.64415527210942,72.76819174290549,4.875963529203929,-0.3212,0,1000.0,
2026-09-08T03:37:07.344488+00:00,77.64415527210942,72.76819174290549,4.875963529203929,-0.3238,0,1000.0,
2026-09-08T03:37:07.492094+00:00,77.64415527210942,72.76819174290549,4.875963529203929,-0.3278,0,1000.0,
2026-09-08T03:37:07.643455+00:00,77.64327344834946,72.78603091159376,4.857242536755706,-0.4278,0,1000.0,
2026-09-08T03:37:07.805243+00:00,77.64327344834946,72.78603091159376,4.857242536755706,-0.4455,0,1000.0,
2026-09-08T03:37:07.966703+00:00,77.64327344834946,72.78603091159376,4.857242536755706,-0.4678,0,1000.0,
2026-09-08T03:37:08.214369+00:00,77.64327344834946,72.78603091159376,4.857242536755706,-0.496,0,1000.0,
2026-09-08T03:37:08.356652+00:00,77.64327344834946,72.78603091159376,4.857242536755706,-0.5317,0,1000.0,
2026-09-08T03:37:08.520608+00:00,77.64327344834946,72.78603091159376,4.857242536755706,-0.5785,0,1000.0,
2026-09-08T03:37:08.659553+00:00,77.64176525455615,72.78689406307416,4.85487119148199,-0.6645,0,1000.0,
2026-09-08T03:37:08.809877+00:00,77.64176525455615,72.78689406307416,4.85487119148199,-0.7494,0,1000.0,
2026-09-08T03:37:08.962853+00:00,77.64176525455615,72.78689406307416,4.85487119148199,-0.8639,0,1000.0,
2026-09-08T03:37:09.436584+00:00,77.64176525455615,72.78689406307416,4.85487119148199,-1.02,1,1000.0,buy 5x BTC-MINI; sell 5x ETH-MINI
2026-09-08T03:37:09.603062+00:00,77.64176525455615,72.78689406307416,4.85487119148199,-1.227,1,999.2569027824991,
2026-09-08T03:37:09.747472+00:00,77.64106427077738,72.79953171427756,4.841532556499814,-1.8877,1,999.2569027824991,
2026-09-08T03:37:09.892420+00:00,77.64106427077738,72.79953171427756,4.841532556499814,-2.2456,1,999.2569027824991,
2026-09-08T03:37:10.045681+00:00,77.64106427077738,72.79953171427756,4.841532556499814,-2.4995,1,999.2569027824991,
2026-09-08T03:37:10.202228+00:00,77.64106427077738,72.79953171427756,4.841532556499814,-2.5495,1,999.2569027824991,
2026-09-08T03:37:10.352749+00:00,77.64106427077738,72.79953171427756,4.841532556499814,-2.5336,1,999.2569027824991,
2026-09-08T03:37:10.511997+00:00,77.64106427077738,72.79953171427756,4.841532556499814,-2.5183,1,999.2569027824991,
2026-09-08T03:37:10.663362+00:00,77.64086701272278,72.79543024516104,4.845436767561736,-2.3403,1,999.2764238378087,
2026-09-08T03:37:10.809291+00:00,77.64086701272278,72.79543024516104,4.845436767561736,-2.33,1,999.2764238378087,
2026-09-08T03:37:10.955450+00:00,77.64086701272278,72.79543024516104,4.845436767561736,-2.3097,1,999.2764238378087,
2026-09-08T03:37:11.131618+00:00,77.64086701272278,72.79543024516104,4.845436767561736,-2.29,1,999.2764238378087,
2026-09-08T03:37:11.275359+00:00,77.64086701272278,72.79543024516104,4.845436767561736,-2.2709,1,999.2764238378087,
2026-09-08T03:37:11.420288+00:00,77.64086701272278,72.79543024516104,4.845436767561736,-2.2524,1,999.2764238378087,
2026-09-08T03:37:11.572690+00:00,77.64086701272278,72.79543024516104,4.845436767561736,-2.2344,1,999.2764238378087,
2026-09-08T03:37:11.738293+00:00,77.63878593375826,72.7924397167207,4.8463462170375635,-2.1789,1,999.2809710851878,
2026-09-08T03:37:11.893753+00:00,77.63878593375826,72.7924397167207,4.8463462170375635,-2.1627,1,999.2809710851878,
2026-09-08T03:37:12.034380+00:00,77.63878593375826,72.7924397167207,4.8463462170375635,-2.1457,1,999.2809710851878,
2026-09-08T03:37:12.190784+00:00,77.63878593375826,72.7924397167207,4.8463462170375635,-2.1292,1,999.2809710851878,
2026-09-08T03:37:12.371951+00:00,77.63878593375826,72.7924397167207,4.8463462170375635,-2.1132,1,999.2809710851878,
2026-09-08T03:37:12.540949+00:00,77.63878593375826,72.7924397167207,4.8463462170375635,-2.0976,1,999.2809710851878,
2026-09-08T03:37:12.692174+00:00,77.63745455953601,72.78359245916508,4.853862100370932,-1.7698,1,999.3185505018547,
2026-09-08T03:37:12.871711+00:00,77.63745455953601,72.78359245916508,4.853862100370932,-1.7597,1,999.3185505018547,
2026-09-08T03:37:13.053769+00:00,77.63745455953601,72.78359245916508,4.853862100370932,-1.7483,1,999.3185505018547,
2026-09-08T03:37:13.215039+00:00,77.63745455953601,72.78359245916508,4.853862100370932,-1.737,1,999.3185505018547,
2026-09-08T03:37:13.356432+00:00,77.63745455953601,72.78359245916508,4.853862100370932,-1.7261,1,999.3185505018547,
2026-09-08T03:37:13.515403+00:00,77.63745455953601,72.78359245916508,4.853862100370932,-1.7153,1,999.3185505018547,
2026-09-08T03:37:13.655851+00:00,77.63819838272224,72.77067185588322,4.867526526839015,-1.1297,1,999.3868726341951,
2026-09-08T03:37:13.816668+00:00,77.63819838272224,72.77067185588322,4.867526526839015,-1.1238,1,999.3868726341951,
2026-09-08T03:37:13.952441+00:00,77.63819838272224,72.77067185588322,4.867526526839015,-1.1166,1,999.3868726341951,
2026-09-08T03:37:14.110798+00:00,77.63819838272224,72.77067185588322,4.867526526839015,-1.1094,1,999.3868726341951,
2026-09-08T03:37:14.272293+00:00,77.63819838272224,72.77067185588322,4.867526526839015,-1.1023,1,999.3868726341951,
2026-09-08T03:37:14.417511+00:00,77.63819838272224,72.77067185588322,4.867526526839015,-1.0953,1,999.3868726341951,
2026-09-08T03:37:14.564909+00:00,77.63819838272224,72.77067185588322,4.867526526839015,-1.0883,1,999.3868726341951,
2026-09-08T03:37:14.720230+00:00,77.63579011786005,72.76288416619491,4.872905951665146,-0.8516,1,999.4137697583258,
2026-09-08T03:37:14.869778+00:00,77.63579011786005,72.76288416619491,4.872905951665146,-0.8458,1,999.4137697583258,
2026-09-08T03:37:15.020054+00:00,77.63579011786005,72.76288416619491,4.872905951665146,-0.8401,1,999.4137697583258,
2026-09-08T03:37:15.185760+00:00,77.63579011786005,72.76288416619491,4.872905951665146,-0.8343,1,999.4137697583258,
2026-09-08T03:37:15.324028+00:00,77.63579011786005,72.76288416619491,4.872905951665146,-0.8286,1,999.4137697583258,
2026-09-08T03:37:15.480878+00:00,77.63579011786005,72.76288416619491,4.872905951665146,-0.8229,1,999.4137697583258,
2026-09-08T03:37:15.633958+00:00,77.63796901675165,72.77882278486311,4.859146231888545,-1.4086,1,999.3449711594428,
2026-09-08T03:37:15.789724+00:00,77.63796901675165,72.77882278486311,4.859146231888545,-1.3988,1,999.3449711594428,
2026-09-08T03:37:15.932946+00:00,77.63796901675165,72.77882278486311,4.859146231888545,-1.3912,1,999.3449711594428,
2026-09-08T03:37:16.084745+00:00,77.63796901675165,72.77882278486311,4.859146231888545,-1.3838,1,999.3449711594428,
2026-09-08T03:37:16.245497+00:00,77.63796901675165,72.77882278486311,4.859146231888545,-1.3765,1,999.3449711594428,
2026-09-08T03:37:16.393531+00:00,77.63796901675165,72.77882278486311,4.859146231888545,-1.3693,1,999.3449711594428,
2026-09-08T03:37:16.546610+00:00,77.63796901675165,72.77882278486311,4.859146231888545,-1.3623,1,999.3449711594428,
2026-09-08T03:37:16.697384+00:00,77.63484062421513,72.77137627396993,4.863464350245195,-1.1674,1,999.3665617512261,
2026-09-08T03:37:16.853179+00:00,77.63484062421513,72.77137627396993,4.863464350245195,-1.1616,1,999.3665617512261,
2026-09-08T03:37:16.999200+00:00,77.63484062421513,72.77137627396993,4.863464350245195,-1.1571,1,999.3665617512261,
2026-09-08T03:37:17.160558+00:00,77.63484062421513,72.77137627396993,4.863464350245195,-1.1527,1,999.3665617512261,
2026-09-08T03:37:17.304980+00:00,77.63484062421513,72.77137627396993,4.863464350245195,-1.1485,1,999.3665617512261,
2026-09-08T03:37:17.454372+00:00,77.63484062421513,72.77137627396993,4.863464350245195,-1.1444,1,999.3665617512261,
2026-09-08T03:37:17.611557+00:00,77.63484062421513,72.77137627396993,4.863464350245195,-1.1405,1,999.3665617512261,
2026-09-08T03:37:17.918775+00:00,77.63376779010383,72.75287571206044,4.880892078043388,-0.342,0,999.453700390217,sell 5x BTC-MINI; buy 5x ETH-MINI
2026-09-08T03:37:18.055951+00:00,77.63376779010383,72.75287571206044,4.880892078043388,-0.3361,0,1001.19938,
2026-09-08T03:37:18.212040+00:00,77.63376779010383,72.75287571206044,4.880892078043388,-0.3314,0,1001.19938,
2026-09-08T03:37:18.369678+00:00,77.63376779010383,72.75287571206044,4.880892078043388,-0.3266,0,1001.19938,
2026-09-08T03:37:18.513094+00:00,77.63376779010383,72.75287571206044,4.880892078043388,-0.3218,0,1001.19938,
2026-09-08T03:37:18.668259+00:00,77.63487082618539,72.76393508493163,4.87093574125376,-0.7815,0,1001.19938,
2026-09-08T03:37:18.813692+00:00,77.63487082618539,72.76393508493163,4.87093574125376,-0.776,0,1001.19938,
2026-09-08T03:37:18.969769+00:00,77.63487082618539,72.76393508493163,4.87093574125376,-0.7706,0,1001.19938,
2026-09-08T03:37:19.116879+00:00,77.63487082618539,72.76393508493163,4.87093574125376,-0.7656,0,1001.19938,
2026-09-08T03:37:19.273966+00:00,77.63487082618539,72.76393508493163,4.87093574125376,-0.7608,0,1001.19938,
2026-09-08T03:37:19.424376+00:00,77.63487082618539,72.76393508493163,4.87093574125376,-0.7559,0,1001.19938,
2026-09-08T03:37:19.571969+00:00,77.63487082618539,72.76393508493163,4.87093574125376,-0.7511,0,1001.19938,
2026-09-08T03:37:19.723010+00:00,77.63306087359581,72.76361899893556,4.869441874660254,-0.8183,0,1001.19938,
2026-09-08T03:37:19.872058+00:00,77.63306087359581,72.76361899893556,4.869441874660254,-0.8136,0,1001.19938,
2026-09-08T03:37:20.026619+00:00,77.63306087359581,72.76361899893556,4.869441874660254,-0.8089,0,1001.19938,
2026-09-08T03:37:20.175505+00:00,77.63306087359581,72.76361899893556,4.869441874660254,-0.8033,0,1001.19938,
2026-09-08T03:37:20.339987+00:00,77.63306087359581,72.76361899893556,4.869441874660254,-0.7977,0,1001.19938,
2026-09-08T03:37:20.493479+00:00,77.63306087359581,72.76361899893556,4.869441874660254,-0.7922,0,1001.19938,
2026-09-08T03:37:20.853818+00:00,77.63425687677865,72.77156310352946,4.862693773249191,-1.1179,1,1001.19938,buy 5x BTC-MINI; sell 5x ETH-MINI
2026-09-08T03:37:21.093471+00:00,77.63425687677865,72.77156310352946,4.862693773249191,-1.1108,1,1002.162008866246,
2026-09-08T03:37:21.265143+00:00,77.63425687677865,72.77156310352946,4.862693773249191,-1.1038,1,1002.162008866246,
2026-09-08T03:37:21.414906+00:00,77.63425687677865,72.77156310352946,4.862693773249191,-1.0968,1,1002.162008866246,
2026-09-08T03:37:21.559170+00:00,77.63425687677865,72.77156310352946,4.862693773249191,-1.0896,1,1002.162008866246,
2026-09-08T03:37:21.855242+00:00,77.63455970106018,72.75455477210834,4.880004928951848,-0.2296,0,1002.2485646447593,sell 5x BTC-MINI; buy 5x ETH-MINI
2026-09-08T03:37:21.996059+00:00,77.63455970106018,72.75455477210834,4.880004928951848,-0.2265,0,998.0976599999999,
2026-09-08T03:37:22.147053+00:00,77.63455970106018,72.75455477210834,4.880004928951848,-0.2234,0,998.0976599999999,
2026-09-08T03:37:22.298128+00:00,77.63455970106018,72.75455477210834,4.880004928951848,-0.2204,0,998.0976599999999,
2026-09-08T03:37:22.453381+00:00,77.63455970106018,72.75455477210834,4.880004928951848,-0.2173,0,998.0976599999999,
2026-09-08T03:37:22.604402+00:00,77.63455970106018,72.75455477210834,4.880004928951848,-0.2145,0,998.0976599999999,
2026-09-08T03:37:22.755258+00:00,77.63254543119116,72.75037395038173,4.882171480809433,-0.1041,0,998.0976599999999,
2026-09-08T03:37:22.922635+00:00,77.63254543119116,72.75037395038173,4.882171480809433,-0.1016,0,998.0976599999999,
2026-09-08T03:37:23.068121+00:00,77.63254543119116,72.75037395038173,4.882171480809433,-0.099,0,998.0976599999999,
2026-09-08T03:37:23.220409+00:00,77.63254543119116,72.75037395038173,4.882171480809433,-0.0964,0,998.0976599999999,
2026-09-08T03:37:23.365049+00:00,77.63254543119116,72.75037395038173,4.882171480809433,-0.0939,0,998.0976599999999,
2026-09-08T03:37:23.514130+00:00,77.63254543119116,72.75037395038173,4.882171480809433,-0.0897,0,998.0976599999999,
2026-09-08T03:37:23.680554+00:00,77.63111703762145,72.75004627426877,4.881070763352682,-0.1407,0,998.0976599999999,
2026-09-08T03:37:23.837529+00:00,77.63111703762145,72.75004627426877,4.881070763352682,-0.1364,0,998.0976599999999,
2026-09-08T03:37:23.973770+00:00,77.63111703762145,72.75004627426877,4.881070763352682,-0.1322,0,998.0976599999999,
2026-09-08T03:37:24.135007+00:00,77.63111703762145,72.75004627426877,4.881070763352682,-0.129,0,998.0976599999999,
2026-09-08T03:37:24.285608+00:00,77.63111703762145,72.75004627426877,4.881070763352682,-0.1258,0,998.0976599999999,
2026-09-08T03:37:24.438963+00:00,77.63111703762145,72.75004627426877,4.881070763352682,-0.1226,0,998.0976599999999,
2026-09-08T03:37:24.603544+00:00,77.63111703762145,72.75004627426877,4.881070763352682,-0.1193,0,998.0976599999999,
2026-09-08T03:37:24.753129+00:00,77.63516415486734,72.74634604916275,4.888818105704587,0.2759,0,998.0976599999999,
2026-09-08T03:37:24.897431+00:00,77.63516415486734,72.74634604916275,4.888818105704587,0.2783,0,998.0976599999999,
2026-09-08T03:37:25.058854+00:00,77.63516415486734,72.74634604916275,4.888818105704587,0.2808,0,998.0976599999999,
2026-09-08T03:37:25.221167+00:00,77.63516415486734,72.74634604916275,4.888818105704587,0.283,0,998.0976599999999,
2026-09-08T03:37:25.360125+00:00,77.63516415486734,72.74634604916275,4.888818105704587,0.2852,0,998.0976599999999,
2026-09-08T03:37:25.538581+00:00,77.63516415486734,72.74634604916275,4.888818105704587,0.2874,0,998.0976599999999,
2026-09-08T03:37:25.684768+00:00,77.63440171801415,72.75079719541232,4.8836045226018285,0.024,0,998.0976599999999,
2026-09-08T03:37:25.827142+00:00,77.63440171801415,72.75079719541232,4.8836045226018285,0.0269,0,998.0976599999999,
2026-09-08T03:37:25.978665+00:00,77.63440171801415,72.75079719541232,4.8836045226018285,0.0297,0,998.0976599999999,
2026-09-08T03:37:26.129116+00:00,77.63440171801415,72.75079719541232,4.8836045226018285,0.031,0,998.0976599999999,
2026-09-08T03:37:26.285117+00:00,77.63440171801415,72.75079719541232,4.8836045226018285,0.0323,0,998.0976599999999,
2026-09-08T03:37:26.435447+00:00,77.63440171801415,72.75079719541232,4.8836045226018285,0.0336,0,998.0976599999999,
2026-09-08T03:37:26.585947+00:00,77.63440171801415,72.75079719541232,4.8836045226018285,0.0349,0,998.0976599999999,
2026-09-08T03:37:26.746944+00:00,77.63726891893373,72.7652064813068,4.872062437626923,-0.5539,0,998.0976599999999,
2026-09-08T03:37:26.891219+00:00,77.63726891893373,72.7652064813068,4.872062437626923,-0.5505,0,998.0976599999999,
2026-09-08T03:37:27.045183+00:00,77.63726891893373,72.7652064813068,4.872062437626923,-0.5471,0,998.0976599999999,
2026-09-08T03:37:27.192296+00:00,77.63726891893373,72.7652064813068,4.872062437626923,-0.5429,0,998.0976599999999,
2026-09-08T03:37:27.362374+00:00,77.63726891893373,72.7652064813068,4.872062437626923,-0.5388,0,998.0976599999999,
2026-09-08T03:37:27.502761+00:00,77.63726891893373,72.7652064813068,4.872062437626923,-0.5346,0,998.0976599999999,
2026-09-08T03:37:27.653895+00:00,77.63933590814572,72.76335454373223,4.875981364413491,-0.3297,0,998.0976599999999,
2026-09-08T03:37:27.812223+00:00,77.63933590814572,72.76335454373223,4.875981364413491,-0.3261,0,998.0976599999999,
2026-09-08T03:37:27.952362+00:00,77.63933590814572,72.76335454373223,4.875981364413491,-0.3226,0,998.0976599999999,
2026-09-08T03:37:28.112342+00:00,77.63933590814572,72.76335454373223,4.875981364413491,-0.3182,0,998.0976599999999,
2026-09-08T03:37:28.256814+00:00,77.63933590814572,72.76335454373223,4.875981364413491,-0.3138,0,998.0976599999999,
2026-09-08T03:37:28.408811+00:00,77.63933590814572,72.76335454373223,4.875981364413491,-0.3094,0,998.0976599999999,
2026-09-08T03:37:28.562132+00:00,77.63933590814572,72.76335454373223,4.875981364413491,-0.305,0,998.0976599999999,
2026-09-08T03:37:28.733105+00:00,77.63893677336038,72.75385465608926,4.885082117271125,0.1724,0,998.0976599999999,
2026-09-08T03:37:28.881183+00:00,77.63893677336038,72.75385465608926,4.885082117271125,0.1764,0,998.0976599999999,
2026-09-08T03:37:29.023495+00:00,77.63893677336038,72.75385465608926,4.885082117271125,0.1805,0,998.0976599999999,
2026-09-08T03:37:29.205776+00:00,77.63893677336038,72.75385465608926,4.885082117271125,0.1839,0,998.0976599999999,
2026-09-08T03:37:29.339914+00:00,77.63893677336038,72.75385465608926,4.885082117271125,0.1873,0,998.0976599999999,
2026-09-08T03:37:29.499148+00:00,77.63893677336038,72.75385465608926,4.885082117271125,0.1908,0,998.0976599999999,
2026-09-08T03:37:29.646673+00:00,77.63851410049091,72.75544718559372,4.883066914897185,0.0882,0,998.0976599999999,
2026-09-08T03:37:29.797469+00:00,77.63851410049091,72.75544718559372,4.883066914897185,0.0918,0,998.0976599999999,
2026-09-08T03:37:29.970874+00:00,77.63851410049091,72.75544718559372,4.883066914897185,0.0973,0,998.0976599999999,
2026-09-08T03:37:30.112446+00:00,77.63851410049091,72.75544718559372,4.883066914897185,0.1028,0,998.0976599999999,
2026-09-08T03:37:30.259217+00:00,77.63851410049091,72.75544718559372,4.883066914897185,0.1084,0,998.0976599999999,
2026-09-08T03:37:30.417638+00:00,77.63851410049091,72.75544718559372,4.883066914897185,0.114,0,998.0976599999999,
2026-09-08T03:37:30.567006+00:00,77.63851410049091,72.75544718559372,4.883066914897185,0.1197,0,998.0976599999999,
2026-09-08T03:37:30.737946+00:00,77.64054572798632,72.76019827097916,4.880347457007161,-0.0217,0,998.0976599999999,
2026-09-08T03:37:30.888871+00:00,77.64054572798632,72.76019827097916,4.880347457007161,-0.0159,0,998.0976599999999,
2026-09-08T03:37:31.051897+00:00,77.64054572798632,72.76019827097916,4.880347457007161,-0.0099,0,998.0976599999999,
2026-09-08T03:37:31.191865+00:00,77.64054572798632,72.76019827097916,4.880347457007161,-0.004,0,998.0976599999999,
2026-09-08T03:37:31.341091+00:00,77.64054572798632,72.76019827097916,4.880347457007161,0.0021,0,998.0976599999999,
2026-09-08T03:37:31.511559+00:00,77.64054572798632,72.76019827097916,4.880347457007161,0.0082,0,998.0976599999999,
2026-09-08T03:37:31.788644+00:00,77.64337692773368,72.74392156215687,4.899455365576813,1.0828,-1,998.0976599999999,sell 5x BTC-MINI; buy 5x ETH-MINI
2026-09-08T03:37:31.938054+00:00,77.64337692773368,72.74392156215687,4.899455365576813,1.087,-1,998.4505831721158,
2026-09-08T03:37:32.075683+00:00,77.64337692773368,72.74392156215687,4.899455365576813,1.0911,-1,998.4505831721158,
2026-09-08T03:37:32.238153+00:00,77.64337692773368,72.74392156215687,4.899455365576813,1.0953,-1,998.4505831721158,
2026-09-08T03:37:32.385835+00:00,77.64337692773368,72.74392156215687,4.899455365576813,1.0995,-1,998.4505831721158,
2026-09-08T03:37:32.545213+00:00,77.64337692773368,72.74392156215687,4.899455365576813,1.1037,-1,998.4505831721158,
2026-09-08T03:37:32.696490+00:00,77.64139672978678,72.74198902170563,4.899407708081142,1.1053,-1,998.4508214595942,
2026-09-08T03:37:32.834287+00:00,77.64139672978678,72.74198902170563,4.899407708081142,1.1158,-1,998.4508214595942,
2026-09-08T03:37:32.998174+00:00,77.64139672978678,72.74198902170563,4.899407708081142,1.1266,-1,998.4508214595942,
2026-09-08T03:37:33.195974+00:00,77.64139672978678,72.74198902170563,4.899407708081142,1.1375,-1,998.4508214595942,
2026-09-08T03:37:33.351307+00:00,77.64139672978678,72.74198902170563,4.899407708081142,1.1487,-1,998.4508214595942,
2026-09-08T03:37:33.498407+00:00,77.64139672978678,72.74198902170563,4.899407708081142,1.16,-1,998.4508214595942,
2026-09-08T03:37:33.648365+00:00,77.64139672978678,72.74198902170563,4.899407708081142,1.1716,-1,998.4508214595942,
2026-09-08T03:37:33.792148+00:00,77.63746646556734,72.7321914720387,4.905274993528636,1.529,-1,998.4214850323567,
2026-09-08T03:37:33.942265+00:00,77.63746646556734,72.7321914720387,4.905274993528636,1.5423,-1,998.4214850323567,
2026-09-08T03:37:34.092943+00:00,77.63746646556734,72.7321914720387,4.905274993528636,1.5558,-1,998.4214850323567,
2026-09-08T03:37:34.255624+00:00,77.63746646556734,72.7321914720387,4.905274993528636,1.5696,-1,998.4214850323567,
2026-09-08T03:37:34.397572+00:00,77.63746646556734,72.7321914720387,4.905274993528636,1.5837,-1,998.4214850323567,
2026-09-08T03:37:34.553739+00:00,77.63746646556734,72.7321914720387,4.905274993528636,1.598,-1,998.4214850323567,
2026-09-08T03:37:34.705277+00:00,77.63429212871618,72.73271339015069,4.90157873856549,1.3863,-1,998.4399663071724,
2026-09-08T03:37:34.854124+00:00,77.63429212871618,72.73271339015069,4.90157873856549,1.3858,-1,998.4399663071724,
2026-09-08T03:37:35.006736+00:00,77.63429212871618,72.73271339015069,4.90157873856549,1.3853,-1,998.4399663071724,
2026-09-08T03:37:35.165639+00:00,77.63429212871618,72.73271339015069,4.90157873856549,1.3848,-1,998.4399663071724,
2026-09-08T03:37:35.324324+00:00,77.63429212871618,72.73271339015069,4.90157873856549,1.3843,-1,998.4399663071724,
2026-09-08T03:37:35.463124+00:00,77.63429212871618,72.73271339015069,4.90157873856549,1.3838,-1,998.4399663071724,
2026-09-08T03:37:35.625615+00:00,77.63429212871618,72.73271339015069,4.90157873856549,1.3833,-1,998.4399663071724,
2026-09-08T03:37:35.776155+00:00,77.63278794177002,72.73053373679338,4.902254204976643,1.4241,-1,998.4365889751167,
2026-09-08T03:37:35.920237+00:00,77.63278794177002,72.73053373679338,4.902254204976643,1.4246,-1,998.4365889751167,
2026-09-08T03:37:36.098077+00:00,77.63278794177002,72.73053373679338,4.902254204976643,1.425,-1,998.4365889751167,
2026-09-08T03:37:36.254850+00:00,77.63278794177002,72.73053373679338,4.902254204976643,1.4255,-1,998.4365889751167,
2026-09-08T03:37:36.395341+00:00,77.63278794177002,72.73053373679338,4.902254204976643,1.4259,-1,998.4365889751167,
2026-09-08T03:37:36.557947+00:00,77.63278794177002,72.73053373679338,4.902254204976643,1.4264,-1,998.4365889751167,
2026-09-08T03:37:36.725132+00:00,77.63573457707685,72.72351060697156,4.912223970105288,2.0348,-1,998.3867401494734,
2026-09-08T03:37:36.863173+00:00,77.63573457707685,72.72351060697156,4.912223970105288,2.0197,-1,998.3867401494734,
2026-09-08T03:37:37.016200+00:00,77.63573457707685,72.72351060697156,4.912223970105288,2.0049,-1,998.3867401494734,
2026-09-08T03:37:37.178273+00:00,77.63573457707685,72.72351060697156,4.912223970105288,1.9903,-1,998.3867401494734,
2026-09-08T03:37:37.324486+00:00,77.63573457707685,72.72351060697156,4.912223970105288,1.9759,-1,998.3867401494734,
2026-09-08T03:37:37.489312+00:00,77.63573457707685,72.72351060697156,4.912223970105288,1.9618,-1,998.3867401494734,
2026-09-08T03:37:37.623353+00:00,77.63573457707685,72.72351060697156,4.912223970105288,1.9479,-1,998.3867401494734,
2026-09-08T03:37:37.785785+00:00,77.63754089521592,72.72428653930183,4.913254355914091,1.9945,-1,998.3815882204294,
2026-09-08T03:37:37.938013+00:00,77.63754089521592,72.72428653930183,4.913254355914091,1.9751,-1,998.3815882204294,
2026-09-08T03:37:38.085716+00:00,77.63754089521592,72.72428653930183,4.913254355914091,1.9562,-1,998.3815882204294,
2026-09-08T03:37:38.237373+00:00,77.63754089521592,72.72428653930183,4.913254355914091,1.9376,-1,998.3815882204294,
2026-09-08T03:37:38.406129+00:00,77.63754089521592,72.72428653930183,4.913254355914091,1.9195,-1,998.3815882204294,
2026-09-08T03:37:38.541150+00:00,77.63754089521592,72.72428653930183,4.913254355914091,1.9017,-1,998.3815882204294,
2026-09-08T03:37:38.693052+00:00,77.63688281660862,72.73493421779234,4.901948598816276,1.2436,-1,998.4381170059185,
2026-09-08T03:37:38.853003+00:00,77.63688281660862,72.73493421779234,4.901948598816276,1.241,-1,998.4381170059185,
2026-09-08T03:37:39.003429+00:00,77.63688281660862,72.73493421779234,4.901948598816276,1.2384,-1,998.4381170059185,
2026-09-08T03:37:39.155553+00:00,77.63688281660862,72.73493421779234,4.901948598816276,1.2358,-1,998.4381170059185,
2026-09-08T03:37:39.305138+00:00,77.63688281660862,72.73493421779234,4.901948598816276,1.2332,-1,998.4381170059185,
2026-09-08T03:37:39.457370+00:00,77.63688281660862,72.73493421779234,4.901948598816276,1.2306,-1,998.4381170059185,
2026-09-08T03:37:39.611456+00:00,77.63688281660862,72.73493421779234,4.901948598816276,1.228,-1,998.4381170059185,
2026-09-08T03:37:39.752368+00:00,77.6363151604469,72.71711355477356,4.9192016056733365,2.1978,-1,998.3518519716332,
2026-09-08T03:37:39.917742+00:00,77.6363151604469,72.71711355477356,4.9192016056733365,2.1844,-1,998.3518519716332,
2026-09-08T03:37:40.059279+00:00,77.6363151604469,72.71711355477356,4.9192016056733365,2.1711,-1,998.3518519716332,
2026-09-08T03:37:40.211226+00:00,77.6363151604469,72.71711355477356,4.9192016056733365,2.158,-1,998.3518519716332,
2026-09-08T03:37:40.373028+00:00,77.6363151604469,72.71711355477356,4.9192016056733365,2.1452,-1,998.3518519716332,
2026-09-08T03:37:40.517398+00:00,77.6363151604469,72.71711355477356,4.9192016056733365,2.1325,-1,998.3518519716332,
2026-09-08T03:37:40.675725+00:00,77.6363151604469,72.71711355477356,4.9192016056733365,2.12,-1,998.3518519716332,
2026-09-08T03:37:40.830784+00:00,77.63856762103683,72.7169798329701,4.921587788066731,2.2276,-1,998.3399210596663,
2026-09-08T03:37:40.975416+00:00,77.63856762103683,72.7169798329701,4.921587788066731,2.2043,-1,998.3399210596663,
2026-09-08T03:37:41.126869+00:00,77.63856762103683,72.7169798329701,4.921587788066731,2.1815,-1,998.3399210596663,
2026-09-08T03:37:41.286054+00:00,77.63856762103683,72.7169798329701,4.921587788066731,2.1593,-1,998.3399210596663,
2026-09-08T03:37:41.430077+00:00,77.63856762103683,72.7169798329701,4.921587788066731,2.1376,-1,998.3399210596663,
2026-09-08T03:37:41.576834+00:00,77.63856762103683,72.7169798329701,4.921587788066731,2.1164,-1,998.3399210596663,
2026-09-08T03:37:41.736426+00:00,77.6377814198967,72.71626921272208,4.921512207174615,2.1029,-1,998.3402989641268,
2026-09-08T03:37:41.878929+00:00,77.6377814198967,72.71626921272208,4.921512207174615,2.0935,-1,998.3402989641268,
2026-09-08T03:37:42.039477+00:00,77.6377814198967,72.71626921272208,4.921512207174615,2.0842,-1,998.3402989641268,
2026-09-08T03:37:42.182061+00:00,77.6377814198967,72.71626921272208,4.921512207174615,2.0749,-1,998.3402989641268,
2026-09-08T03:37:42.332690+00:00,77.6377814198967,72.71626921272208,4.921512207174615,2.0658,-1,998.3402989641268,
2026-09-08T03:37:42.493204+00:00,77.6377814198967,72.71626921272208,4.921512207174615,2.0568,-1,998.3402989641268,
2026-09-08T03:37:42.643152+00:00,77.6377814198967,72.71626921272208,4.921512207174615,2.0478,-1,998.3402989641268,
2026-09-08T03:37:42.795740+00:00,77.63894683519294,72.72129802461528,4.91764881057766,1.8362,-1,998.3596159471116,
2026-09-08T03:37:42.933333+00:00,77.63894683519294,72.72129802461528,4.91764881057766,1.8233,-1,998.3596159471116,
2026-09-08T03:37:43.085201+00:00,77.63894683519294,72.72129802461528,4.91764881057766,1.8106,-1,998.3596159471116,
2026-09-08T03:37:43.238187+00:00,77.63894683519294,72.72129802461528,4.91764881057766,1.7981,-1,998.3596159471116,
2026-09-08T03:37:43.392739+00:00,77.63894683519294,72.72129802461528,4.91764881057766,1.7858,-1,998.3596159471116,
2026-09-08T03:37:43.542538+00:00,77.63894683519294,72.72129802461528,4.91764881057766,1.7737,-1,998.3596159471116,
2026-09-08T03:37:43.692853+00:00,77.63894683519294,72.72129802461528,4.91764881057766,1.7617,-1,998.3596159471116,
2026-09-08T03:37:43.854169+00:00,77.63662967923767,72.72349972403389,4.913129955203786,1.5269,-1,998.3822102239809,
2026-09-08T03:37:44.014061+00:00,77.63662967923767,72.72349972403389,4.913129955203786,1.5167,-1,998.3822102239809,
2026-09-08T03:37:44.153416+00:00,77.63662967923767,72.72349972403389,4.913129955203786,1.5067,-1,998.3822102239809,
2026-09-08T03:37:44.307004+00:00,77.63662967923767,72.72349972403389,4.913129955203786,1.4968,-1,998.3822102239809,
2026-09-08T03:37:44.487004+00:00,77.63662967923767,72.72349972403389,4.913129955203786,1.487,-1,998.3822102239809,
2026-09-08T03:37:44.629146+00:00,77.63662967923767,72.72349972403389,4.913129955203786,1.4774,-1,998.3822102239809,
2026-09-08T03:37:44.776493+00:00,77.63865832862326,72.7131338849829,4.92552444364037,2.0575,-1,998.320237781798,
2026-09-08T03:37:44.943829+00:00,77.63865832862326,72.7131338849829,4.92552444364037,2.0357,-1,998.320237781798,
2026-09-08T03:37:45.086967+00:00,77.63865832862326,72.7131338849829,4.92552444364037,2.0144,-1,998.320237781798,
2026-09-08T03:37:45.235099+00:00,77.63865832862326,72.7131338849829,4.92552444364037,1.9936,-1,998.320237781798,
2026-09-08T03:37:45.399346+00:00,77.63865832862326,72.7131338849829,4.92552444364037,1.9733,-1,998.320237781798,
2026-09-08T03:37:45.537317+00:00,77.63865832862326,72.7131338849829,4.92552444364037,1.9535,-1,998.320237781798,
2026-09-08T03:37:45.690810+00:00,77.63865832862326,72.7131338849829,4.92552444364037,1.934,-1,998.320237781798,
2026-09-08T03:37:45.838931+00:00,77.6372428148395,72.70735965625997,4.929883158579528,2.1126,-1,998.2984442071022,
2026-09-08T03:37:48.593741+00:00,77.6413958257311,72.7047369460321,4.936658879698996,,0,998.79706,
2026-09-08T03:37:48.732907+00:00,77.6413958257311,72.7047369460321,4.936658879698996,,0,998.79706,
2026-09-08T03:37:48.893843+00:00,77.63964361548332,72.700873444074,4.938770171409317,,0,998.79706,
2026-09-08T03:37:49.045411+00:00,77.63964361548332,72.700873444074,4.938770171409317,,0,998.79706,
2026-09-08T03:37:49.207290+00:00,77.63964361548332,72.700873444074,4.938770171409317,,0,998.79706,
2026-09-08T03:37:49.350318+00:00,77.63964361548332,72.700873444074,4.938770171409317,,0,998.79706,
2026-09-08T03:37:49.520032+00:00,77.63964361548332,72.700873444074,4.938770171409317,,0,998.79706,
2026-09-08T03:37:49.704721+00:00,77.63964361548332,72.700873444074,4.938770171409317,,0,998.79706,
2026-09-08T03:37:49.843757+00:00,77.64154319462286,72.71587996566456,4.9256632289582996,,0,998.79706,
2026-09-08T03:37:49.993733+00:00,77.64154319462286,72.71587996566456,4.9256632289582996,,0,998.79706,
2026-09-08T03:37:50.145897+00:00,77.64154319462286,72.71587996566456,4.9256632289582996,,0,998.79706,
2026-09-08T03:37:50.296431+00:00,77.64154319462286,72.71587996566456,4.9256632289582996,,0,998.79706,
2026-09-08T03:37:50.450944+00:00,77.64154319462286,72.71587996566456,4.9256632289582996,,0,998.79706,
2026-09-08T03:37:50.601434+00:00,77.64154319462286,72.71587996566456,4.9256632289582996,,0,998.79706,
2026-09-08T03:37:50.753372+00:00,77.64466449822919,72.70793224988256,4.93673224834663,,0,998.79706,
2026-09-08T03:37:50.922266+00:00,77.64466449822919,72.70793224988256,4.93673224834663,,0,998.79706,
2026-09-08T03:37:51.059057+00:00,77.64466449822919,72.70793224988256,4.93673224834663,,0,998.79706,
2026-09-08T03:37:51.223455+00:00,77.64466449822919,72.70793224988256,4.93673224834663,,0,998.79706,
2026-09-08T03:37:51.365644+00:00,77.64466449822919,72.70793224988256,4.93673224834663,,0,998.79706,
2026-09-08T03:37:51.515627+00:00,77.64466449822919,72.70793224988256,4.93673224834663,,0,998.79706,
2026-09-08T03:37:51.680367+00:00,77.64466449822919,72.70793224988256,4.93673224834663,,0,998.79706,
2026-09-08T03:37:51.820144+00:00,77.64387278389452,72.71049159744013,4.9333811864543975,,0,998.79706,
2026-09-08T03:37:51.980395+00:00,77.64387278389452,72.71049159744013,4.9333811864543975,,0,998.79706,
2026-09-08T03:37:52.119829+00:00,77.64387278389452,72.71049159744013,4.9333811864543975,,0,998.79706,
2026-09-08T03:37:52.284036+00:00,77.64387278389452,72.71049159744013,4.9333811864543975,,0,998.79706,
2026-09-08T03:37:52.429534+00:00,77.64387278389452,72.71049159744013,4.9333811864543975,,0,998.79706,
2026-09-08T03:37:52.572021+00:00,77.64387278389452,72.71049159744013,4.9333811864543975,,0,998.79706,
2026-09-08T03:37:52.730226+00:00,77.64387278389452,72.71049159744013,4.9333811864543975,,0,998.79706,
2026-09-08T03:37:52.878889+00:00,77.64234105171755,72.71497341628906,4.927367635428496,,0,998.79706,
2026-09-08T03:37:53.031896+00:00,77.64234105171755,72.71497341628906,4.927367635428496,,0,998.79706,
2026-09-08T03:37:53.187077+00:00,77.64234105171755,72.71497341628906,4.927367635428496,,0,998.79706,
2026-09-08T03:37:53.332342+00:00,77.64234105171755,72.71497341628906,4.927367635428496,,0,998.79706,
2026-09-08T03:37:53.493283+00:00,77.64234105171755,72.71497341628906,4.927367635428496,,0,998.79706,
2026-09-08T03:37:53.630800+00:00,77.64234105171755,72.71497341628906,4.927367635428496,,0,998.79706,
2026-09-08T03:37:53.789822+00:00,77.63819023967825,72.72023092845428,4.917959311223967,,0,998.79706,
2026-09-08T03:37:53.943435+00:00,77.63819023967825,72.72023092845428,4.917959311223967,,0,998.79706,
2026-09-08T03:37:54.089648+00:00,77.63819023967825,72.72023092845428,4.917959311223967,,0,998.79706,
2026-09-08T03:37:54.239420+00:00,77.63819023967825,72.72023092845428,4.917959311223967,,0,998.79706,
2026-09-08T03:37:54.395528+00:00,77.63819023967825,72.72023092845428,4.917959311223967,,0,998.79706,
2026-09-08T03:37:54.539546+00:00,77.63819023967825,72.72023092845428,4.917959311223967,,0,998.79706,
2026-09-08T03:37:54.692177+00:00,77.63819023967825,72.72023092845428,4.917959311223967,,0,998.79706,
2026-09-08T03:37:54.843925+00:00,77.75869946867338,72.60207755842511,5.156621910248276,,0,998.79706,
2026-09-08T03:37:54.993143+00:00,77.9473320761334,72.41344495096509,5.53388712516832,,0,998.79706,
2026-09-08T03:37:55.152231+00:00,78.14304333120695,72.21773369589154,5.925309635315415,,0,998.79706,
2026-09-08T03:37:55.305755+00:00,78.33633791595808,72.02443911114041,6.311898804817673,,0,998.79706,
2026-09-08T03:37:55.472696+00:00,78.52412264734618,71.83665437975232,6.687468267593857,,0,998.79706,
2026-09-08T03:37:55.616552+00:00,78.71927361875883,71.64150340833966,7.077770210419175,,0,998.79706,
2026-09-08T03:37:55.762961+00:00,78.9077079448135,71.45007311643712,7.457634828376371,,0,998.79706,
2026-09-08T03:37:55.913265+00:00,79.0948251041801,71.26295595707052,7.831869147109586,,0,998.79706,
2026-09-08T03:37:56.084514+00:00,79.30589260191036,71.05188845934026,8.254004142570096,,0,998.79706,
2026-09-08T03:37:56.222385+00:00,79.47859795421672,70.8791831070339,8.599414847182828,,0,998.79706,
2026-09-08T03:37:56.393980+00:00,79.67016728252483,70.68761377872579,8.98255350379904,,0,998.79706,
2026-09-08T03:37:56.530559+00:00,79.86695678562236,70.49082427562826,9.376132509994108,,0,998.79706,
2026-09-08T03:37:56.688078+00:00,80.06339342922283,70.29438763202779,9.769005797195035,,0,998.79706,
2026-09-08T03:37:56.835657+00:00,80.13661839504903,70.22616468043127,9.91045371461776,,0,998.79706,
2026-09-08T03:37:57.013377+00:00,80.13661839504903,70.22616468043127,9.91045371461776,,0,998.79706,
2026-09-08T03:37:57.158032+00:00,80.13661839504903,70.22616468043127,9.91045371461776,,0,998.79706,
2026-09-08T03:37:57.311740+00:00,80.13661839504903,70.22616468043127,9.91045371461776,,0,998.79706,
2026-09-08T03:37:57.491631+00:00,80.13661839504903,70.22616468043127,9.91045371461776,,0,998.79706,
2026-09-08T03:37:57.691146+00:00,80.13661839504903,70.22616468043127,9.91045371461776,,0,998.79706,
2026-09-08T03:37:57.837527+00:00,80.13301318821075,70.21057466435855,9.922438523852207,,0,998.79706,
2026-09-08T03:37:57.989707+00:00,80.13301318821075,70.21057466435855,9.922438523852207,,0,998.79706,
2026-09-08T03:37:58.239787+00:00,80.13301318821075,70.21057466435855,9.922438523852207,,0,998.79706,
2026-09-08T03:37:58.375825+00:00,80.13301318821075,70.21057466435855,9.922438523852207,,0,998.79706,
2026-09-08T03:37:58.535265+00:00,80.13301318821075,70.21057466435855,9.922438523852207,,0,998.79706,
2026-09-08T03:37:58.699152+00:00,80.13301318821075,70.21057466435855,9.922438523852207,,0,998.79706,
2026-09-08T03:37:58.853098+00:00,80.1303218858934,70.19899000909979,9.931331876793607,,0,998.79706,
2026-09-08T03:37:58.990477+00:00,80.1303218858934,70.19899000909979,9.931331876793607,,0,998.79706,
2026-09-08T03:37:59.144532+00:00,80.1303218858934,70.19899000909979,9.931331876793607,,0,998.79706,
2026-09-08T03:37:59.293621+00:00,80.1303218858934,70.19899000909979,9.931331876793607,,0,998.79706,
2026-09-08T03:37:59.453278+00:00,80.1303218858934,70.19899000909979,9.931331876793607,,0,998.79706,
2026-09-08T03:37:59.601266+00:00,80.1303218858934,70.19899000909979,9.931331876793607,,0,998.79706,
2026-09-08T03:37:59.756161+00:00,80.1285024508302,70.18108582161108,9.94741662921912,,0,998.79706,
2026-09-08T03:37:59.913641+00:00,80.1285024508302,70.18108582161108,9.94741662921912,,0,998.79706,
2026-09-08T03:38:00.053016+00:00,80.1285024508302,70.18108582161108,9.94741662921912,,0,998.79706,
2026-09-08T03:38:00.208220+00:00,80.1285024508302,70.18108582161108,9.94741662921912,,0,998.79706,
2026-09-08T03:38:00.365126+00:00,80.1285024508302,70.18108582161108,9.94741662921912,,0,998.79706,
2026-09-08T03:38:00.516307+00:00,80.1285024508302,70.18108582161108,9.94741662921912,,0,998.79706,
2026-09-08T03:38:00.671326+00:00,80.1285024508302,70.18108582161108,9.94741662921912,,0,998.79706,
2026-09-08T03:38:00.810161+00:00,80.12757202659883,70.18286736716604,9.944704659432787,,0,998.79706,
2026-09-08T03:38:00.962917+00:00,80.12757202659883,70.18286736716604,9.944704659432787,,0,998.79706,
2026-09-08T03:38:01.112840+00:00,80.12757202659883,70.18286736716604,9.944704659432787,,0,998.79706,
2026-09-08T03:38:01.272831+00:00,80.12757202659883,70.18286736716604,9.944704659432787,,0,998.79706,
2026-09-08T03:38:01.419260+00:00,80.12757202659883,70.18286736716604,9.944704659432787,,0,998.79706,
2026-09-08T03:38:01.571038+00:00,80.12757202659883,70.18286736716604,9.944704659432787,,0,998.79706,
2026-09-08T03:38:01.719375+00:00,80.12757202659883,70.18286736716604,9.944704659432787,,0,998.79706,
2026-09-08T03:38:01.873137+00:00,80.12522615086907,70.1760868341244,9.949139316744663,,0,998.79706,
2026-09-08T03:38:02.059294+00:00,80.12522615086907,70.1760868341244,9.949139316744663,,0,998.79706,
2026-09-08T03:38:02.196004+00:00,80.12522615086907,70.1760868341244,9.949139316744663,,0,998.79706,
2026-09-08T03:38:02.351061+00:00,80.12522615086907,70.1760868341244,9.949139316744663,,0,998.79706,
2026-09-08T03:38:02.501655+00:00,80.12522615086907,70.1760868341244,9.949139316744663,,0,998.79706,
2026-09-08T03:38:02.655869+00:00,80.12522615086907,70.1760868341244,9.949139316744663,,0,998.79706,
2026-09-08T03:38:02.837100+00:00,80.12029044280985,70.17657698352119,9.94371345928866,,0,998.79706,
2026-09-08T03:38:02.990425+00:00,80.12029044280985,70.17657698352119,9.94371345928866,,0,998.79706,
2026-09-08T03:38:03.130094+00:00,80.12029044280985,70.17657698352119,9.94371345928866,,0,998.79706,
2026-09-08T03:38:03.442696+00:00,80.12029044280985,70.17657698352119,9.94371345928866,,0,998.79706,
2026-09-08T03:38:03.607187+00:00,80.12029044280985,70.17657698352119,9.94371345928866,,0,998.79706,
2026-09-08T03:38:03.745999+00:00,80.12041274228169,70.17492262974496,9.945490112536731,,0,998.79706,
2026-09-08T03:38:03.898202+00:00,80.12041274228169,70.17492262974496,9.945490112536731,,0,998.79706,
2026-09-08T03:38:04.054001+00:00,80.12041274228169,70.17492262974496,9.945490112536731,,0,998.79706,
2026-09-08T03:38:04.200901+00:00,80.12041274228169,70.17492262974496,9.945490112536731,,0,998.79706,
2026-09-08T03:38:04.353287+00:00,80.12041274228169,70.17492262974496,9.945490112536731,,0,998.79706,
2026-09-08T03:38:04.623746+00:00,80.12041274228169,70.17492262974496,9.945490112536731,,0,998.79706,
2026-09-08T03:38:04.763613+00:00,80.11669215393019,70.16913489159336,9.94755726233683,,0,998.79706,
2026-09-08T03:38:04.953846+00:00,80.05063326277005,70.2351937827535,9.81543948001655,,0,998.79706,
2026-09-08T03:38:05.119101+00:00,79.99200860350425,70.2938184420193,9.698190161484945,,0,998.79706,
2026-09-08T03:38:05.283393+00:00,79.93067363589103,70.35515340963252,9.575520226258504,,0,998.79706,
2026-09-08T03:38:05.453959+00:00,79.87076006875672,70.41506697676682,9.4556930919899,,0,998.79706,
2026-09-08T03:38:05.593330+00:00,79.82076667295136,70.46506037257218,9.355706300379182,,0,998.79706,
2026-09-08T03:38:05.744793+00:00,79.76273215718751,70.52978983317082,9.23294232401669,,0,998.79706,
2026-09-08T03:38:05.919851+00:00,79.70015077130255,70.59237121905579,9.107779552246754,,0,998.79706,
2026-09-08T03:38:06.055600+00:00,79.65179497053765,70.64072701982069,9.011067950716964,,0,998.79706,
2026-09-08T03:38:06.218120+00:00,79.59354096701287,70.69898102334547,8.894559943667403,,0,998.79706,
2026-09-08T03:38:06.379681+00:00,79.53834612930643,70.7541758610519,8.784170268254528,,0,998.79706,
2026-09-08T03:38:06.521207+00:00,79.48536441206052,70.80715757829782,8.678206833762701,,0,998.79706,
2026-09-08T03:38:06.673386+00:00,79.43204107505055,70.86048091530779,8.57156015974276,,0,998.79706,
2026-09-08T03:38:06.826133+00:00,79.37877990338754,70.91546832640171,8.46331157698583,,0,998.79706,
2026-09-08T03:38:06.977956+00:00,79.32257842838035,70.9716698014089,8.35090862697146,,0,998.79706,
2026-09-08T03:38:07.146305+00:00,79.27006418184845,71.02418404794079,8.245880133907662,,0,998.79706,
2026-09-08T03:38:07.292095+00:00,79.212308302855,71.08193992693424,8.130368375920767,,0,998.79706,
2026-09-08T03:38:07.458933+00:00,79.15019140745183,71.14405682233742,8.00613458511441,,0,998.79706,
2026-09-08T03:38:07.596248+00:00,79.10181585200466,71.19243237778458,7.909383474220078,,0,998.79706,
2026-09-08T03:38:07.752784+00:00,79.05035518225672,71.25938214783461,7.790973034422109,,0,998.79706,
2026-09-08T03:38:07.905519+00:00,78.994730169314,71.31500716077734,7.679723008536655,,0,998.79706,
2026-09-08T03:38:08.077647+00:00,78.93275342997553,71.3769839001158,7.555769529859731,,0,998.79706,
2026-09-08T03:38:08.223928+00:00,78.8821310348688,71.42760629522253,7.454524739646274,,0,998.79706,
2026-09-08T03:38:08.378246+00:00,78.82960171687674,71.4801356132146,7.349466103662138,,0,998.79706,
2026-09-08T03:38:08.517001+00:00,78.77616019237112,71.53357713772021,7.242583054650908,,0,998.79706,
2026-09-08T03:38:08.671300+00:00,78.72165378831184,71.5880835417795,7.133570246532344,,0,998.79706,
2026-09-08T03:38:08.820514+00:00,78.66773231850728,71.63457547421731,7.033156844289962,,0,998.79706,
2026-09-08T03:38:08.987437+00:00,78.61047669278248,71.6918310999421,6.918645592840377,,0,998.79706,
2026-09-08T03:38:09.128156+00:00,78.55933088374515,71.74297690897944,6.816353974765704,,0,998.79706,
2026-09-08T03:38:09.275291+00:00,78.50543474609887,71.79687304662572,6.708561699473151,,0,998.79706,
2026-09-08T03:38:09.435352+00:00,78.45073045461895,71.85157733810564,6.599153116513307,,0,998.79706,
2026-09-08T03:38:09.585360+00:00,78.39675555369209,71.9055522390325,6.491203314659586,,0,998.79706,
2026-09-08T03:38:09.731640+00:00,78.3428276552851,71.95948013743948,6.383347517845621,,0,998.79706,
2026-09-08T03:38:09.884384+00:00,78.29046562550919,72.01538138251829,6.2750842429909,,0,998.79706,
2026-09-08T03:38:10.035233+00:00,78.23650247521229,72.06934453281518,6.167157942397111,,0,998.79706,
2026-09-08T03:38:10.187358+00:00,78.18247273801224,72.12337427001523,6.0590984679970035,,0,998.79706,
2026-09-08T03:38:10.343756+00:00,78.12746863516908,72.17837837285839,5.9490902623106905,,0,998.79706,
2026-09-08T03:38:10.496411+00:00,78.07342161262204,72.23242539540543,5.840996217216613,,0,998.79706,
2026-09-08T03:38:10.641957+00:00,78.01996144037756,72.28588556764991,5.734075872727644,,0,998.79706,
2026-09-08T03:38:10.794907+00:00,77.964413949852,72.33363892306011,5.630775026791895,,0,998.79706,
2026-09-08T03:38:10.947457+00:00,77.9097813542448,72.38827151866731,5.52150983557749,,0,998.79706,
2026-09-08T03:38:11.099588+00:00,77.85558974785943,72.44246312505268,5.413126622806743,,0,998.79706,
2026-09-08T03:38:11.256943+00:00,77.79897546811242,72.49907740479969,5.299898063312725,,0,998.79706,
2026-09-08T03:38:11.411901+00:00,77.74682889708929,72.55122397582282,5.195604921266465,,0,998.79706,
2026-09-08T03:38:11.589814+00:00,77.6809998244095,72.61705304850261,5.063946775906885,,0,998.79706,
2026-09-08T03:38:11.754768+00:00,77.6255445995549,72.67250827335721,4.95303632619769,,0,998.79706,
2026-09-08T03:38:11.892908+00:00,77.62073419784772,72.67913458232088,4.94159961552684,,0,998.79706,
2026-09-08T03:38:12.042455+00:00,77.62073419784772,72.67913458232088,4.94159961552684,,0,998.79706,
2026-09-08T03:38:12.193835+00:00,77.62073419784772,72.67913458232088,4.94159961552684,,0,998.79706,
2026-09-08T03:38:12.354536+00:00,77.62073419784772,72.67913458232088,4.94159961552684,,0,998.79706,
2026-09-08T03:38:12.503597+00:00,77.62073419784772,72.67913458232088,4.94159961552684,,0,998.79706,
2026-09-08T03:38:12.656918+00:00,77.62073419784772,72.67913458232088,4.94159961552684,,0,998.79706,
2026-09-08T03:38:12.816421+00:00,77.62158351852023,72.69499843494687,4.926585083573357,,0,998.79706,
2026-09-08T03:38:12.955645+00:00,77.62158351852023,72.69499843494687,4.926585083573357,,0,998.79706,
2026-09-08T03:38:13.105111+00:00,77.62158351852023,72.69499843494687,4.926585083573357,,0,998.79706,
2026-09-08T03:38:13.268410+00:00,77.62158351852023,72.69499843494687,4.926585083573357,,0,998.79706,
2026-09-08T03:38:13.409676+00:00,77.62158351852023,72.69499843494687,4.926585083573357,,0,998.79706,
2026-09-08T03:38:13.561537+00:00,77.62158351852023,72.69499843494687,4.926585083573357,,0,998.79706,
2026-09-08T03:38:13.732982+00:00,77.62158351852023,72.69499843494687,4.926585083573357,,0,998.79706,
2026-09-08T03:38:13.869638+00:00,77.61812069494933,72.69657821531021,4.921542479639115,,0,998.79706,
2026-09-08T03:38:14.028548+00:00,77.61812069494933,72.69657821531021,4.921542479639115,,0,998.79706,
2026-09-08T03:38:14.175849+00:00,77.61812069494933,72.69657821531021,4.921542479639115,,0,998.79706,
2026-09-08T03:38:14.330157+00:00,77.61812069494933,72.69657821531021,4.921542479639115,,0,998.79706,
2026-09-08T03:38:14.476845+00:00,77.61812069494933,72.69657821531021,4.921542479639115,,0,998.79706,
2026-09-08T03:38:14.644114+00:00,77.61812069494933,72.69657821531021,4.921542479639115,,0,998.79706,
2026-09-08T03:38:14.786258+00:00,77.61868470615265,72.70980730502157,4.908877401131079,,0,998.79706,
2026-09-08T03:38:14.932067+00:00,77.61868470615265,72.70980730502157,4.908877401131079,,0,998.79706,
2026-09-08T03:38:15.088395+00:00,77.61868470615265,72.70980730502157,4.908877401131079,,0,998.79706,
2026-09-08T03:38:15.240652+00:00,77.61868470615265,72.70980730502157,4.908877401131079,,0,998.79706,
2026-09-08T03:38:15.390452+00:00,77.61868470615265,72.70980730502157,4.908877401131079,,0,998.79706,
2026-09-08T03:38:15.551083+00:00,77.61868470615265,72.70980730502157,4.908877401131079,,0,998.79706,
2026-09-08T03:38:15.695249+00:00,77.61868470615265,72.70980730502157,4.908877401131079,,0,998.79706,
2026-09-08T03:38:15.853444+00:00,77.61742100873147,72.69725252612268,4.920168482608787,,0,998.79706,
2026-09-08T03:38:16.016100+00:00,77.61742100873147,72.69725252612268,4.920168482608787,,0,998.79706,
2026-09-08T03:38:16.172000+00:00,77.61742100873147,72.69725252612268,4.920168482608787,,0,998.79706,
2026-09-08T03:38:16.314143+00:00,77.61742100873147,72.69725252612268,4.920168482608787,,0,998.79706,
2026-09-08T03:38:16.488882+00:00,77.61742100873147,72.69725252612268,4.920168482608787,,0,998.79706,
2026-09-08T03:38:16.624375+00:00,77.61742100873147,72.69725252612268,4.920168482608787,,0,998.79706,
2026-09-08T03:38:16.789310+00:00,77.61432634135339,72.70665654426651,4.907669797086882,,0,998.79706,
2026-09-08T03:38:16.932794+00:00,77.61432634135339,72.70665654426651,4.907669797086882,,0,998.79706,
2026-09-08T03:38:17.089760+00:00,77.61432634135339,72.70665654426651,4.907669797086882,,0,998.79706,
2026-09-08T03:38:17.236193+00:00,77.61432634135339,72.70665654426651,4.907669797086882,,0,998.79706,
2026-09-08T03:38:17.409096+00:00,77.61432634135339,72.70665654426651,4.907669797086882,,0,998.79706,
2026-09-08T03:38:17.550951+00:00,77.61432634135339,72.70665654426651,4.907669797086882,,0,998.79706,
2026-09-08T03:38:17.709453+00:00,77.61432634135339,72.70665654426651,4.907669797086882,,0,998.79706,
2026-09-08T03:38:17.850620+00:00,77.61248116698837,72.71558181439187,4.896899352596506,,0,998.79706,
2026-09-08T03:38:17.998682+00:00,77.61248116698837,72.71558181439187,4.896899352596506,,0,998.79706,
2026-09-08T03:38:18.152459+00:00,77.61248116698837,72.71558181439187,4.896899352596506,,0,998.79706,
2026-09-08T03:38:18.299155+00:00,77.61248116698837,72.71558181439187,4.896899352596506,,0,998.79706,
2026-09-08T03:38:18.466369+00:00,77.61248116698837,72.71558181439187,4.896899352596506,,0,998.79706,
2026-09-08T03:38:18.601896+00:00,77.61248116698837,72.71558181439187,4.896899352596506,,0,998.79706,
2026-09-08T03:38:18.767525+00:00,77.61248116698837,72.71558181439187,4.896899352596506,,0,998.79706,
2026-09-08T03:38:18.907150+00:00,77.61494735359179,72.70871890293111,4.906228450660677,,0,998.79706,
2026-09-08T03:38:19.061099+00:00,77.61494735359179,72.70871890293111,4.906228450660677,,0,998.79706,
2026-09-08T03:38:19.229556+00:00,77.61494735359179,72.70871890293111,4.906228450660677,,0,998.79706,
2026-09-08T03:38:19.373247+00:00,77.61494735359179,72.70871890293111,4.906228450660677,,0,998.79706,
2026-09-08T03:38:19.523138+00:00,77.61494735359179,72.70871890293111,4.906228450660677,,0,998.79706,
2026-09-08T03:38:19.673328+00:00,77.61494735359179,72.70871890293111,4.906228450660677,,0,998.79706,
2026-09-08T03:38:19.817030+00:00,77.61337229080341,72.72202129810765,4.891350992695763,,0,998.79706,
2026-09-08T03:38:19.973760+00:00,77.61337229080341,72.72202129810765,4.891350992695763,,0,998.79706,
2026-09-08T03:38:20.122660+00:00,77.61337229080341,72.72202129810765,4.891350992695763,,0,998.79706,
2026-09-08T03:38:20.274270+00:00,77.61337229080341,72.72202129810765,4.891350992695763,,0,998.79706,
2026-09-08T03:38:20.425099+00:00,77.61337229080341,72.72202129810765,4.891350992695763,,0,998.79706,
2026-09-08T03:38:20.589961+00:00,77.61337229080341,72.72202129810765,4.891350992695763,,0,998.79706,
2026-09-08T03:38:20.737452+00:00,77.61337229080341,72.72202129810765,4.891350992695763,,0,998.79706,
2026-09-08T03:38:20.890294+00:00,77.61179915867828,72.72400816331783,4.887790995360447,,0,998.79706,
2026-09-08T03:38:21.032543+00:00,77.61179915867828,72.72400816331783,4.887790995360447,,0,998.79706,
2026-09-08T03:38:21.193152+00:00,77.61179915867828,72.72400816331783,4.887790995360447,,0,998.79706,
2026-09-08T03:38:21.341333+00:00,77.61179915867828,72.72400816331783,4.887790995360447,,0,998.79706,
2026-09-08T03:38:21.507890+00:00,77.61179915867828,72.72400816331783,4.887790995360447,,0,998.79706,
2026-09-08T03:38:21.649034+00:00,77.61179915867828,72.72400816331783,4.887790995360447,,0,998.79706,
2026-09-08T03:38:21.797004+00:00,77.6113143580553,72.71602542859246,4.895288929462836,,0,998.79706,
2026-09-08T03:38:21.952150+00:00,77.6113143580553,72.71602542859246,4.895288929462836,,0,998.79706,
2026-09-08T03:38:22.117674+00:00,77.6113143580553,72.71602542859246,4.895288929462836,,0,998.79706,
2026-09-08T03:38:22.260373+00:00,77.6113143580553,72.71602542859246,4.895288929462836,,0,998.79706,
2026-09-08T03:38:22.408112+00:00,77.6113143580553,72.71602542859246,4.895288929462836,,0,998.79706,
2026-09-08T03:38:22.558134+00:00,77.6113143580553,72.71602542859246,4.895288929462836,,0,998.79706,
2026-09-08T03:38:22.708206+00:00,77.6113143580553,72.71602542859246,4.895288929462836,,0,998.79706,
2026-09-08T03:38:22.866353+00:00,77.61186864138745,72.73229000235985,4.879578639027599,,0,998.79706,
2026-09-08T03:38:23.016932+00:00,77.61186864138745,72.73229000235985,4.879578639027599,,0,998.79706,
2026-09-08T03:38:23.166480+00:00,77.61186864138745,72.73229000235985,4.879578639027599,,0,998.79706,
2026-09-08T03:38:23.318141+00:00,77.61186864138745,72.73229000235985,4.879578639027599,,0,998.79706,
2026-09-08T03:38:23.479739+00:00,77.61186864138745,72.73229000235985,4.879578639027599,,0,998.79706,
2026-09-08T03:38:23.624786+00:00,77.61186864138745,72.73229000235985,4.879578639027599,,0,998.79706,
2026-09-08T03:38:23.771779+00:00,77.61186864138745,72.73229000235985,4.879578639027599,,0,998.79706,
2026-09-08T03:38:23.923106+00:00,77.60973549151102,72.73389318706387,4.875842304447147,,0,998.79706,
2026-09-08T03:38:24.077954+00:00,77.60973549151102,72.73389318706387,4.875842304447147,,0,998.79706,
2026-09-08T03:38:24.242175+00:00,77.60973549151102,72.73389318706387,4.875842304447147,,0,998.79706,
2026-09-08T03:38:24.388019+00:00,77.60973549151102,72.73389318706387,4.875842304447147,,0,998.79706,
2026-09-08T03:38:24.536315+00:00,77.60973549151102,72.73389318706387,4.875842304447147,,0,998.79706,
2026-09-08T03:38:24.685368+00:00,77.60973549151102,72.73389318706387,4.875842304447147,,0,998.79706,
2026-09-08T03:38:24.840729+00:00,77.6119072648751,72.74389461025113,4.868012654623968,,0,998.79706,
2026-09-08T03:38:25.007821+00:00,77.6119072648751,72.74389461025113,4.868012654623968,,0,998.79706,
2026-09-08T03:38:25.147594+00:00,77.6119072648751,72.74389461025113,4.868012654623968,,0,998.79706,
2026-09-08T03:38:25.296282+00:00,77.6119072648751,72.74389461025113,4.868012654623968,,0,998.79706,
2026-09-08T03:38:25.450893+00:00,77.6119072648751,72.74389461025113,4.868012654623968,,0,998.79706,
2026-09-08T03:38:25.607283+00:00,77.6119072648751,72.74389461025113,4.868012654623968,,0,998.79706,
2026-09-08T03:38:25.752737+00:00,77.6119072648751,72.74389461025113,4.868012654623968,,0,998.79706,
2026-09-08T03:38:25.907064+00:00,77.61135033174826,72.75729082965276,4.854059502095495,,0,998.79706,
2026-09-08T03:38:26.079756+00:00,77.61135033174826,72.75729082965276,4.854059502095495,,0,998.79706,
2026-09-08T03:38:26.219703+00:00,77.61135033174826,72.75729082965276,4.854059502095495,,0,998.79706,
2026-09-08T03:38:26.372366+00:00,77.61135033174826,72.75729082965276,4.854059502095495,,0,998.79706,
2026-09-08T03:38:26.545299+00:00,77.61135033174826,72.75729082965276,4.854059502095495,,0,998.79706,
2026-09-08T03:38:26.705065+00:00,77.61135033174826,72.75729082965276,4.854059502095495,,0,998.79706,
2026-09-08T03:38:26.885123+00:00,77.61249315956424,72.74844719783958,4.864045961724656,,0,998.79706,
2026-09-08T03:38:27.034668+00:00,77.61249315956424,72.74844719783958,4.864045961724656,,0,998.79706,
2026-09-08T03:38:27.172887+00:00,77.61249315956424,72.74844719783958,4.864045961724656,,0,998.79706,
2026-09-08T03:38:27.326023+00:00,77.61249315956424,72.74844719783958,4.864045961724656,,0,998.79706,
2026-09-08T03:38:27.474251+00:00,77.61249315956424,72.74844719783958,4.864045961724656,,0,998.79706,
2026-09-08T03:38:27.628547+00:00,77.61249315956424,72.74844719783958,4.864045961724656,,0,998.79706,
2026-09-08T03:38:27.784163+00:00,77.61249315956424,72.74844719783958,4.864045961724656,,0,998.79706,
2026-09-08T03:38:27.959154+00:00,77.61149604992828,72.75601132517149,4.855484724756792,,0,998.79706,
2026-09-08T03:38:28.096272+00:00,77.61149604992828,72.75601132517149,4.855484724756792,,0,998.79706,
2026-09-08T03:38:28.246824+00:00,77.61149604992828,72.75601132517149,4.855484724756792,,0,998.79706,
2026-09-08T03:38:28.401932+00:00,77.61149604992828,72.75601132517149,4.855484724756792,,0,998.79706,
2026-09-08T03:38:28.554310+00:00,77.61149604992828,72.75601132517149,4.855484724756792,,0,998.79706,
2026-09-08T03:38:28.705085+00:00,77.61149604992828,72.75601132517149,4.855484724756792,,0,998.79706,
2026-09-08T03:38:28.859794+00:00,77.61056007508162,72.76898178108408,4.841578293997543,,0,998.79706,
2026-09-08T03:38:29.013771+00:00,77.61056007508162,72.76898178108408,4.841578293997543,,0,998.79706,
2026-09-08T03:38:29.164668+00:00,77.61056007508162,72.76898178108408,4.841578293997543,,0,998.79706,
2026-09-08T03:38:29.315170+00:00,77.61056007508162,72.76898178108408,4.841578293997543,,0,998.79706,
2026-09-08T03:38:29.464031+00:00,77.61056007508162,72.76898178108408,4.841578293997543,,0,998.79706,
2026-09-08T03:38:29.617348+00:00,77.61056007508162,72.76898178108408,4.841578293997543,,0,998.79706,
2026-09-08T03:38:29.787911+00:00,77.61056007508162,72.76898178108408,4.841578293997543,,0,998.79706,
2026-09-08T03:38:29.933126+00:00,77.61380654177113,72.77172133839787,4.842085203373259,,0,998.79706,
2026-09-08T03:38:30.081931+00:00,77.61380654177113,72.77172133839787,4.842085203373259,,0,998.79706,
2026-09-08T03:38:30.234660+00:00,77.61380654177113,72.77172133839787,4.842085203373259,,0,998.79706,
2026-09-08T03:38:30.384410+00:00,77.61380654177113,72.77172133839787,4.842085203373259,,0,998.79706,
2026-09-08T03:38:30.533952+00:00,77.61380654177113,72.77172133839787,4.842085203373259,,0,998.79706,
2026-09-08T03:38:30.684751+00:00,77.61380654177113,72.77172133839787,4.842085203373259,,0,998.79706,
2026-09-08T03:38:30.838612+00:00,77.61380654177113,72.77172133839787,4.842085203373259,,0,998.79706,
2026-09-08T03:38:31.002107+00:00,77.6083711094352,72.7860908096125,4.822280299822694,,0,998.79706,
2026-09-08T03:38:31.138268+00:00,77.6083711094352,72.7860908096125,4.822280299822694,,0,998.79706,
2026-09-08T03:38:31.289807+00:00,77.6083711094352,72.7860908096125,4.822280299822694,,0,998.79706,
2026-09-08T03:38:31.450097+00:00,77.6083711094352,72.7860908096125,4.822280299822694,,0,998.79706,
2026-09-08T03:38:31.599937+00:00,77.6083711094352,72.7860908096125,4.822280299822694,,0,998.79706,
2026-09-08T03:38:31.766230+00:00,77.6083711094352,72.7860908096125,4.822280299822694,,0,998.79706,
2026-09-08T03:38:31.900946+00:00,77.61160657666501,72.78056947408304,4.831037102581973,,0,998.79706,
2026-09-08T03:38:32.059889+00:00,77.61160657666501,72.78056947408304,4.831037102581973,,0,998.79706,
2026-09-08T03:38:32.206636+00:00,77.61160657666501,72.78056947408304,4.831037102581973,,0,998.79706,
2026-09-08T03:38:32.366638+00:00,77.61160657666501,72.78056947408304,4.831037102581973,,0,998.79706,
2026-09-08T03:38:32.515016+00:00,77.61160657666501,72.78056947408304,4.831037102581973,,0,998.79706,
2026-09-08T03:38:32.666989+00:00,77.61160657666501,72.78056947408304,4.831037102581973,,0,998.79706,
2026-09-08T03:38:32.814552+00:00,77.61160657666501,72.78056947408304,4.831037102581973,,0,998.79706,
2026-09-08T03:38:32.967503+00:00,77.61434400752022,72.78099224921881,4.833351758301404,,0,998.79706,
2026-09-08T03:38:33.117747+00:00,77.61434400752022,72.78099224921881,4.833351758301404,,0,998.79706,
2026-09-08T03:38:33.274197+00:00,77.61434400752022,72.78099224921881,4.833351758301404,,0,998.79706,
2026-09-08T03:38:33.445831+00:00,77.61434400752022,72.78099224921881,4.833351758301404,,0,998.79706,
2026-09-08T03:38:33.604787+00:00,77.61434400752022,72.78099224921881,4.833351758301404,,0,998.79706,
2026-09-08T03:38:33.809194+00:00,77.61434400752022,72.78099224921881,4.833351758301404,,0,998.79706,
2026-09-08T03:38:33.958640+00:00,77.61442327886354,72.78149419611195,4.8329290827515905,,0,998.79706,
2026-09-08T03:38:34.125219+00:00,77.61442327886354,72.78149419611195,4.8329290827515905,,0,998.79706,
2026-09-08T03:38:34.268123+00:00,77.61442327886354,72.78149419611195,4.8329290827515905,,0,998.79706,
2026-09-08T03:38:34.414619+00:00,77.61442327886354,72.78149419611195,4.8329290827515905,,0,998.79706,
2026-09-08T03:38:34.667577+00:00,77.61442327886354,72.78149419611195,4.8329290827515905,,0,998.79706,
2026-09-08T03:38:34.812905+00:00,77.61442327886354,72.78149419611195,4.8329290827515905,,0,998.79706,
2026-09-08T03:38:34.977040+00:00,77.61427288281489,72.79029765272415,4.823975230090738,-0.6868,0,998.79706,
2026-09-08T03:38:35.122378+00:00,77.61427288281489,72.79029765272415,4.823975230090738,-0.6866,0,998.79706,
2026-09-08T03:38:35.267019+00:00,77.61427288281489,72.79029765272415,4.823975230090738,-0.6863,0,998.79706,
2026-09-08T03:38:35.420067+00:00,77.61427288281489,72.79029765272415,4.823975230090738,-0.686,0,998.79706,
2026-09-08T03:38:35.579382+00:00,77.61427288281489,72.79029765272415,4.823975230090738,-0.6857,0,998.79706,
2026-09-08T03:38:35.724965+00:00,77.61427288281489,72.79029765272415,4.823975230090738,-0.6855,0,998.79706,
2026-09-08T03:38:35.913435+00:00,77.61818078137328,72.79730773277247,4.8208730486008164,-0.6867,0,998.79706,
2026-09-08T03:38:36.055181+00:00,77.61818078137328,72.79730773277247,4.8208730486008164,-0.6864,0,998.79706,
2026-09-08T03:38:36.204957+00:00,77.61818078137328,72.79730773277247,4.8208730486008164,-0.6862,0,998.79706,
2026-09-08T03:38:36.360423+00:00,77.61818078137328,72.79730773277247,4.8208730486008164,-0.6859,0,998.79706,
2026-09-08T03:38:36.513966+00:00,77.61818078137328,72.79730773277247,4.8208730486008164,-0.6857,0,998.79706,
2026-09-08T03:38:36.661620+00:00,77.61818078137328,72.79730773277247,4.8208730486008164,-0.6854,0,998.79706,
2026-09-08T03:38:36.814231+00:00,77.61818078137328,72.79730773277247,4.8208730486008164,-0.6852,0,998.79706,
2026-09-08T03:38:36.967085+00:00,77.61856933043343,72.79471010917723,4.8238592212562,-0.6834,0,998.79706,
2026-09-08T03:38:37.115739+00:00,77.61856933043343,72.79471010917723,4.8238592212562,-0.6832,0,998.79706,
2026-09-08T03:38:37.275467+00:00,77.61856933043343,72.79471010917723,4.8238592212562,-0.6829,0,998.79706,
2026-09-08T03:38:37.422799+00:00,77.61856933043343,72.79471010917723,4.8238592212562,-0.6827,0,998.79706,
2026-09-08T03:38:37.573974+00:00,77.61856933043343,72.79471010917723,4.8238592212562,-0.6824,0,998.79706,
2026-09-08T03:38:37.725695+00:00,77.61856933043343,72.79471010917723,4.8238592212562,-0.6821,0,998.79706,
2026-09-08T03:38:37.868097+00:00,77.61856933043343,72.79471010917723,4.8238592212562,-0.6819,0,998.79706,
2026-09-08T03:38:38.024122+00:00,77.61743898640002,72.79940076144638,4.818038224953639,-0.6844,0,998.79706,
2026-09-08T03:38:38.178935+00:00,77.61743898640002,72.79940076144638,4.818038224953639,-0.6842,0,998.79706,
2026-09-08T03:38:38.328223+00:00,77.61743898640002,72.79940076144638,4.818038224953639,-0.6839,0,998.79706,
2026-09-08T03:38:38.477595+00:00,77.61743898640002,72.79940076144638,4.818038224953639,-0.6836,0,998.79706,
2026-09-08T03:38:38.642094+00:00,77.61743898640002,72.79940076144638,4.818038224953639,-0.6833,0,998.79706,
2026-09-08T03:38:38.789848+00:00,77.61743898640002,72.79940076144638,4.818038224953639,-0.6831,0,998.79706,
2026-09-08T03:38:38.931838+00:00,77.61808465029317,72.80253097626881,4.815553674024358,-0.684,0,998.79706,
2026-09-08T03:38:39.087484+00:00,77.61808465029317,72.80253097626881,4.815553674024358,-0.6837,0,998.79706,
2026-09-08T03:38:39.246346+00:00,77.61808465029317,72.80253097626881,4.815553674024358,-0.6835,0,998.79706,
2026-09-08T03:38:39.387549+00:00,77.61808465029317,72.80253097626881,4.815553674024358,-0.6832,0,998.79706,
2026-09-08T03:38:39.542682+00:00,77.61808465029317,72.80253097626881,4.815553674024358,-0.6829,0,998.79706,
2026-09-08T03:38:39.690201+00:00,77.61808465029317,72.80253097626881,4.815553674024358,-0.6827,0,998.79706,
2026-09-08T03:38:39.849858+00:00,77.61808465029317,72.80253097626881,4.815553674024358,-0.6824,0,998.79706,
2026-09-08T03:38:39.991868+00:00,77.61662372061853,72.81473435635735,4.801889364261186,-0.6888,0,998.79706,
2026-09-08T03:38:40.147648+00:00,77.61662372061853,72.81473435635735,4.801889364261186,-0.6885,0,998.79706,
2026-09-08T03:38:40.296156+00:00,77.61662372061853,72.81473435635735,4.801889364261186,-0.6882,0,998.79706,
2026-09-08T03:38:40.445245+00:00,77.61662372061853,72.81473435635735,4.801889364261186,-0.688,0,998.79706,
2026-09-08T03:38:40.602347+00:00,77.61662372061853,72.81473435635735,4.801889364261186,-0.6877,0,998.79706,
2026-09-08T03:38:40.749912+00:00,77.61662372061853,72.81473435635735,4.801889364261186,-0.6874,0,998.79706,
2026-09-08T03:38:40.908765+00:00,77.61826921758703,72.81677416857741,4.801495049009617,-0.6873,0,998.79706,
2026-09-08T03:38:41.054043+00:00,77.61826921758703,72.81677416857741,4.801495049009617,-0.687,0,998.79706,
2026-09-08T03:38:41.203451+00:00,77.61826921758703,72.81677416857741,4.801495049009617,-0.6868,0,998.79706,
2026-09-08T03:38:41.356142+00:00,77.61826921758703,72.81677416857741,4.801495049009617,-0.6859,0,998.79706,
2026-09-08T03:38:41.522481+00:00,77.61826921758703,72.81677416857741,4.801495049009617,-0.6843,0,998.79706,
2026-09-08T03:38:41.666333+00:00,77.61826921758703,72.81677416857741,4.801495049009617,-0.682,0,998.79706,
2026-09-08T03:38:41.817721+00:00,77.61826921758703,72.81677416857741,4.801495049009617,-0.679,0,998.79706,
2026-09-08T03:38:41.964944+00:00,77.61652130908541,72.81644665430156,4.800074654783856,-0.6762,0,998.79706,
2026-09-08T03:38:42.116995+00:00,77.61652130908541,72.81644665430156,4.800074654783856,-0.6721,0,998.79706,
2026-09-08T03:38:42.411826+00:00,77.61652130908541,72.81644665430156,4.800074654783856,-0.6677,0,998.79706,
2026-09-08T03:38:42.551553+00:00,77.61652130908541,72.81644665430156,4.800074654783856,-0.663,0,998.79706,
2026-09-08T03:38:42.723463+00:00,77.61652130908541,72.81644665430156,4.800074654783856,-0.6581,0,998.79706,
2026-09-08T03:38:42.883381+00:00,77.61652130908541,72.81644665430156,4.800074654783856,-0.653,0,998.79706,
2026-09-08T03:38:43.028828+00:00,77.6145603424635,72.81318321889154,4.801377123571967,-0.6472,0,998.79706,
2026-09-08T03:38:43.196439+00:00,77.6145603424635,72.81318321889154,4.801377123571967,-0.642,0,998.79706,
2026-09-08T03:38:43.355718+00:00,77.6145603424635,72.81318321889154,4.801377123571967,-0.6369,0,998.79706,
2026-09-08T03:38:43.503638+00:00,77.6145603424635,72.81318321889154,4.801377123571967,-0.6319,0,998.79706,
2026-09-08T03:38:43.644160+00:00,77.6145603424635,72.81318321889154,4.801377123571967,-0.6268,0,998.79706,
2026-09-08T03:38:43.804306+00:00,77.6145603424635,72.81318321889154,4.801377123571967,-0.6218,0,998.79706,
2026-09-08T03:38:43.951842+00:00,77.61243898127103,72.81236040959764,4.800078571673382,-0.6174,0,998.79706,
2026-09-08T03:38:44.098236+00:00,77.61243898127103,72.81236040959764,4.800078571673382,-0.6124,0,998.79706,
2026-09-08T03:38:44.249815+00:00,77.61243898127103,72.81236040959764,4.800078571673382,-0.6074,0,998.79706,
2026-09-08T03:38:44.400262+00:00,77.61243898127103,72.81236040959764,4.800078571673382,-0.6024,0,998.79706,
2026-09-08T03:38:44.549677+00:00,77.61243898127103,72.81236040959764,4.800078571673382,-0.5975,0,998.79706,
2026-09-08T03:38:44.706168+00:00,77.61243898127103,72.81236040959764,4.800078571673382,-0.5925,0,998.79706,
2026-09-08T03:38:44.860283+00:00,77.61243898127103,72.81236040959764,4.800078571673382,-0.5875,0,998.79706,
2026-09-08T03:38:45.011704+00:00,77.61149679157676,72.81284729218872,4.798649499388034,-0.5833,0,998.79706,
2026-09-08T03:38:45.162938+00:00,77.61149679157676,72.81284729218872,4.798649499388034,-0.5784,0,998.79706,
2026-09-08T03:38:45.316669+00:00,77.61149679157676,72.81284729218872,4.798649499388034,-0.5734,0,998.79706,
2026-09-08T03:38:45.464376+00:00,77.61149679157676,72.81284729218872,4.798649499388034,-0.5685,0,998.79706,
2026-09-08T03:38:45.618191+00:00,77.61149679157676,72.81284729218872,4.798649499388034,-0.5636,0,998.79706,
2026-09-08T03:38:45.774780+00:00,77.61149679157676,72.81284729218872,4.798649499388034,-0.5586,0,998.79706,
2026-09-08T03:38:45.926971+00:00,77.6155776949388,72.81701894493136,4.7985587500074445,-0.5538,0,998.79706,
2026-09-08T03:38:46.087363+00:00,77.6155776949388,72.81701894493136,4.7985587500074445,-0.5489,0,998.79706,
2026-09-08T03:38:46.223020+00:00,77.6155776949388,72.81701894493136,4.7985587500074445,-0.544,0,998.79706,
2026-09-08T03:38:46.389433+00:00,77.6155776949388,72.81701894493136,4.7985587500074445,-0.5391,0,998.79706,
2026-09-08T03:38:46.533526+00:00,77.6155776949388,72.81701894493136,4.7985587500074445,-0.5342,0,998.79706,
2026-09-08T03:38:46.684765+00:00,77.6155776949388,72.81701894493136,4.7985587500074445,-0.5294,0,998.79706,
2026-09-08T03:38:46.844679+00:00,77.6155776949388,72.81701894493136,4.7985587500074445,-0.5245,0,998.79706,
2026-09-08T03:38:46.988053+00:00,77.61510426106706,72.81600587302553,4.7990983880415286,-0.5193,0,998.79706,
2026-09-08T03:38:47.145505+00:00,77.61510426106706,72.81600587302553,4.7990983880415286,-0.5145,0,998.79706,
2026-09-08T03:38:47.298808+00:00,77.61510426106706,72.81600587302553,4.7990983880415286,-0.5097,0,998.79706,
2026-09-08T03:38:47.446520+00:00,77.61510426106706,72.81600587302553,4.7990983880415286,-0.5048,0,998.79706,
2026-09-08T03:38:47.599715+00:00,77.61510426106706,72.81600587302553,4.7990983880415286,-0.5,0,998.79706,
2026-09-08T03:38:47.751246+00:00,77.61510426106706,72.81600587302553,4.7990983880415286,-0.4952,0,998.79706,
2026-09-08T03:38:47.903601+00:00,77.6130163239973,72.8252923888092,4.787723935188097,-0.4977,0,998.79706,
2026-09-08T03:38:48.053254+00:00,77.6130163239973,72.8252923888092,4.787723935188097,-0.4929,0,998.79706,
2026-09-08T03:38:48.207670+00:00,77.6130163239973,72.8252923888092,4.787723935188097,-0.4883,0,998.79706,
2026-09-08T03:38:48.364387+00:00,77.6130163239973,72.8252923888092,4.787723935188097,-0.4836,0,998.79706,
2026-09-08T03:38:48.515538+00:00,77.6130163239973,72.8252923888092,4.787723935188097,-0.479,0,998.79706,
2026-09-08T03:38:48.671202+00:00,77.6130163239973,72.8252923888092,4.787723935188097,-0.4744,0,998.79706,
2026-09-08T03:38:48.817734+00:00,77.6130163239973,72.8252923888092,4.787723935188097,-0.4698,0,998.79706,
2026-09-08T03:38:48.968323+00:00,77.61568831180068,72.82057210826545,4.79511620353523,-0.4601,0,998.79706,
2026-09-08T03:38:49.127344+00:00,77.61568831180068,72.82057210826545,4.79511620353523,-0.4556,0,998.79706,
2026-09-08T03:38:49.289431+00:00,77.61568831180068,72.82057210826545,4.79511620353523,-0.4511,0,998.79706,
2026-09-08T03:38:49.437394+00:00,77.61568831180068,72.82057210826545,4.79511620353523,-0.4466,0,998.79706,
2026-09-08T03:38:49.589515+00:00,77.61568831180068,72.82057210826545,4.79511620353523,-0.4422,0,998.79706,
2026-09-08T03:38:49.744531+00:00,77.61568831180068,72.82057210826545,4.79511620353523,-0.4379,0,998.79706,
2026-09-08T03:38:49.897804+00:00,77.62121991673206,72.8143905511798,4.806829365552261,-0.4245,0,998.79706,
2026-09-08T03:38:50.047752+00:00,77.62121991673206,72.8143905511798,4.806829365552261,-0.4202,0,998.79706,
2026-09-08T03:38:50.190155+00:00,77.62121991673206,72.8143905511798,4.806829365552261,-0.416,0,998.79706,
2026-09-08T03:38:50.348269+00:00,77.62121991673206,72.8143905511798,4.806829365552261,-0.412,0,998.79706,
2026-09-08T03:38:50.487400+00:00,77.62121991673206,72.8143905511798,4.806829365552261,-0.4081,0,998.79706,
2026-09-08T03:38:50.646378+00:00,77.62121991673206,72.8143905511798,4.806829365552261,-0.4043,0,998.79706,
2026-09-08T03:38:50.800340+00:00,77.62121991673206,72.8143905511798,4.806829365552261,-0.4008,0,998.79706,
2026-09-08T03:38:50.965192+00:00,77.62181491481809,72.81477032025406,4.807044594564033,-0.3974,0,998.79706,
2026-09-08T03:38:51.104716+00:00,77.62181491481809,72.81477032025406,4.807044594564033,-0.3941,0,998.79706,
2026-09-08T03:38:51.256413+00:00,77.62181491481809,72.81477032025406,4.807044594564033,-0.3909,0,998.79706,
2026-09-08T03:38:51.414130+00:00,77.62181491481809,72.81477032025406,4.807044594564033,-0.3876,0,998.79706,
2026-09-08T03:38:51.570317+00:00,77.62181491481809,72.81477032025406,4.807044594564033,-0.3844,0,998.79706,
2026-09-08T03:38:51.710833+00:00,77.62181491481809,72.81477032025406,4.807044594564033,-0.3813,0,998.79706,
2026-09-08T03:38:51.916469+00:00,77.62181491481809,72.81477032025406,4.807044594564033,-0.3782,0,998.79706,
2026-09-08T03:38:52.055504+00:00,77.62253393327836,72.82075692743223,4.801777005846134,-0.3814,0,998.79706,
2026-09-08T03:38:52.204859+00:00,77.62253393327836,72.82075692743223,4.801777005846134,-0.3787,0,998.79706,
2026-09-08T03:38:52.357180+00:00,77.62253393327836,72.82075692743223,4.801777005846134,-0.376,0,998.79706,
2026-09-08T03:38:52.511378+00:00,77.62253393327836,72.82075692743223,4.801777005846134,-0.3733,0,998.79706,
2026-09-08T03:38:52.660730+00:00,77.62253393327836,72.82075692743223,4.801777005846134,-0.3709,0,998.79706,
2026-09-08T03:38:52.815611+00:00,77.62253393327836,72.82075692743223,4.801777005846134,-0.3685,0,998.79706,
2026-09-08T03:38:52.961849+00:00,77.62124530592969,72.82396379909842,4.797281506831268,-0.3732,0,998.79706,
2026-09-08T03:38:53.114415+00:00,77.62124530592969,72.82396379909842,4.797281506831268,-0.3714,0,998.79706,
2026-09-08T03:38:53.279060+00:00,77.62124530592969,72.82396379909842,4.797281506831268,-0.3699,0,998.79706,
2026-09-08T03:38:53.421041+00:00,77.62124530592969,72.82396379909842,4.797281506831268,-0.3685,0,998.79706,
2026-09-08T03:38:54.069099+00:00,77.62124530592969,72.82396379909842,4.797281506831268,-0.3673,0,998.79706,
2026-09-08T03:38:54.209212+00:00,77.62206501376069,72.82114949662818,4.800915517132509,-0.3594,0,998.79706,
2026-09-08T03:38:54.826688+00:00,77.62206501376069,72.82114949662818,4.800915517132509,-0.3585,0,998.79706,
2026-09-08T03:38:54.963491+00:00,77.61668327059564,72.80951959195251,4.8071636786431355,-0.3443,0,998.79706,
2026-09-08T03:38:55.114699+00:00,77.61668327059564,72.80951959195251,4.8071636786431355,-0.3432,0,998.79706,
2026-09-08T03:38:55.267190+00:00,77.61668327059564,72.80951959195251,4.8071636786431355,-0.3425,0,998.79706,
2026-09-08T03:38:55.423627+00:00,77.61668327059564,72.80951959195251,4.8071636786431355,-0.3422,0,998.79706,
2026-09-08T03:38:55.594907+00:00,77.61668327059564,72.80951959195251,4.8071636786431355,-0.3425,0,998.79706,
2026-09-08T03:38:55.737395+00:00,77.61668327059564,72.80951959195251,4.8071636786431355,-0.3433,0,998.79706,
2026-09-08T03:38:55.893079+00:00,77.61668327059564,72.80951959195251,4.8071636786431355,-0.3449,0,998.79706,
2026-09-08T03:38:56.036603+00:00,77.61671954000107,72.8099767411261,4.806742798874964,-0.3487,0,998.79706,
2026-09-08T03:38:56.195804+00:00,77.61671954000107,72.8099767411261,4.806742798874964,-0.3522,0,998.79706,
2026-09-08T03:38:56.342816+00:00,77.61671954000107,72.8099767411261,4.806742798874964,-0.357,0,998.79706,
2026-09-08T03:38:56.489958+00:00,77.61671954000107,72.8099767411261,4.806742798874964,-0.3632,0,998.79706,
2026-09-08T03:38:56.639203+00:00,77.61671954000107,72.8099767411261,4.806742798874964,-0.3712,0,998.79706,
2026-09-08T03:38:56.801818+00:00,77.61671954000107,72.8099767411261,4.806742798874964,-0.3815,0,998.79706,
2026-09-08T03:38:56.945140+00:00,77.61985147704954,72.80759804137575,4.812253435673782,-0.3615,0,998.79706,
2026-09-08T03:38:57.135257+00:00,77.61985147704954,72.80759804137575,4.812253435673782,-0.3742,0,998.79706,
2026-09-08T03:38:57.276135+00:00,77.61985147704954,72.80759804137575,4.812253435673782,-0.3904,0,998.79706,
2026-09-08T03:38:57.432837+00:00,77.61985147704954,72.80759804137575,4.812253435673782,-0.4108,0,998.79706,
2026-09-08T03:38:57.584326+00:00,77.61985147704954,72.80759804137575,4.812253435673782,-0.4364,0,998.79706,
2026-09-08T03:38:57.725860+00:00,77.61985147704954,72.80759804137575,4.812253435673782,-0.4684,0,998.79706,
2026-09-08T03:38:57.881011+00:00,77.61985147704954,72.80759804137575,4.812253435673782,-0.5081,0,998.79706,
2026-09-08T03:38:58.027732+00:00,77.61930483241366,72.79658467101461,4.822720161399047,-0.3949,0,998.79706,
2026-09-08T03:38:58.185230+00:00,77.61930483241366,72.79658467101461,4.822720161399047,-0.421,0,998.79706,
2026-09-08T03:38:58.330967+00:00,77.61930483241366,72.79658467101461,4.822720161399047,-0.443,0,998.79706,
2026-09-08T03:38:58.513579+00:00,77.61930483241366,72.79658467101461,4.822720161399047,-0.4569,0,998.79706,
2026-09-08T03:38:58.653548+00:00,77.61930483241366,72.79658467101461,4.822720161399047,-0.4571,0,998.79706,
2026-09-08T03:38:58.804438+00:00,77.61930483241366,72.79658467101461,4.822720161399047,-0.4519,0,998.79706,
2026-09-08T03:38:58.962736+00:00,77.6208048673537,72.80188464401056,4.818920223343142,-0.5336,0,998.79706,
2026-09-08T03:38:59.112028+00:00,77.6208048673537,72.80188464401056,4.818920223343142,-0.5286,0,998.79706,
2026-09-08T03:38:59.262727+00:00,77.6208048673537,72.80188464401056,4.818920223343142,-0.5236,0,998.79706,
2026-09-08T03:38:59.437032+00:00,77.6208048673537,72.80188464401056,4.818920223343142,-0.5186,0,998.79706,
2026-09-08T03:38:59.574336+00:00,77.6208048673537,72.80188464401056,4.818920223343142,-0.5136,0,998.79706,
2026-09-08T03:38:59.731826+00:00,77.6208048673537,72.80188464401056,4.818920223343142,-0.5086,0,998.79706,
2026-09-08T03:38:59.884123+00:00,77.6208048673537,72.80188464401056,4.818920223343142,-0.5034,0,998.79706,
2026-09-08T03:39:00.051551+00:00,77.61943439912409,72.80369097653221,4.815743422591879,-0.5754,0,998.79706,
2026-09-08T03:39:00.186073+00:00,77.61943439912409,72.80369097653221,4.815743422591879,-0.5704,0,998.79706,
2026-09-08T03:39:00.363576+00:00,77.61943439912409,72.80369097653221,4.815743422591879,-0.5654,0,998.79706,
2026-09-08T03:39:00.498607+00:00,77.61943439912409,72.80369097653221,4.815743422591879,-0.5605,0,998.79706,
2026-09-08T03:39:00.659296+00:00,77.61943439912409,72.80369097653221,4.815743422591879,-0.5555,0,998.79706,
2026-09-08T03:39:00.829312+00:00,77.61943439912409,72.80369097653221,4.815743422591879,-0.5505,0,998.79706,
2026-09-08T03:39:00.979067+00:00,77.61947108449499,72.7964098735717,4.823061210923285,-0.3596,0,998.79706,
2026-09-08T03:39:01.121643+00:00,77.61947108449499,72.7964098735717,4.823061210923285,-0.3539,0,998.79706,
2026-09-08T03:39:01.300138+00:00,77.61947108449499,72.7964098735717,4.823061210923285,-0.3481,0,998.79706,
2026-09-08T03:39:01.451463+00:00,77.61947108449499,72.7964098735717,4.823061210923285,-0.3423,0,998.79706,
2026-09-08T03:39:01.597122+00:00,77.61947108449499,72.7964098735717,4.823061210923285,-0.3365,0,998.79706,
2026-09-08T03:39:01.829492+00:00,77.61947108449499,72.7964098735717,4.823061210923285,-0.3306,0,998.79706,
2026-09-08T03:39:01.968719+00:00,77.61458771205561,72.80165367685186,4.812934035203753,-0.5945,0,998.79706,
2026-09-08T03:39:02.147772+00:00,77.61458771205561,72.80165367685186,4.812934035203753,-0.5894,0,998.79706,
2026-09-08T03:39:02.293369+00:00,77.61458771205561,72.80165367685186,4.812934035203753,-0.5844,0,998.79706,
2026-09-08T03:39:02.448282+00:00,77.61458771205561,72.80165367685186,4.812934035203753,-0.5793,0,998.79706,
2026-09-08T03:39:02.594587+00:00,77.61458771205561,72.80165367685186,4.812934035203753,-0.5743,0,998.79706,
2026-09-08T03:39:02.744494+00:00,77.61458771205561,72.80165367685186,4.812934035203753,-0.5693,0,998.79706,
2026-09-08T03:39:02.894612+00:00,77.61458771205561,72.80165367685186,4.812934035203753,-0.5642,0,998.79706,
2026-09-08T03:39:03.046666+00:00,77.61814599002632,72.80189919357205,4.816246796454266,-0.4671,0,998.79706,
2026-09-08T03:39:03.221152+00:00,77.61814599002632,72.80189919357205,4.816246796454266,-0.4619,0,998.79706,
2026-09-08T03:39:03.409139+00:00,77.61814599002632,72.80189919357205,4.816246796454266,-0.4566,0,998.79706,
2026-09-08T03:39:03.546853+00:00,77.61814599002632,72.80189919357205,4.816246796454266,-0.4514,0,998.79706,
2026-09-08T03:39:03.705061+00:00,77.61814599002632,72.80189919357205,4.816246796454266,-0.4461,0,998.79706,
2026-09-08T03:39:03.850254+00:00,77.61814599002632,72.80189919357205,4.816246796454266,-0.4408,0,998.79706,
2026-09-08T03:39:04.004875+00:00,77.614852182187,72.81697330297087,4.797878879216128,-0.9784,0,998.79706,
2026-09-08T03:39:04.160133+00:00,77.614852182187,72.81697330297087,4.797878879216128,-0.9746,0,998.79706,
2026-09-08T03:39:04.312246+00:00,77.614852182187,72.81697330297087,4.797878879216128,-0.9708,0,998.79706,
2026-09-08T03:39:04.461283+00:00,77.614852182187,72.81697330297087,4.797878879216128,-0.9671,0,998.79706,
2026-09-08T03:39:04.614476+00:00,77.614852182187,72.81697330297087,4.797878879216128,-0.9636,0,998.79706,
2026-09-08T03:39:04.780212+00:00,77.614852182187,72.81697330297087,4.797878879216128,-0.9602,0,998.79706,
2026-09-08T03:39:04.921952+00:00,77.614852182187,72.81697330297087,4.797878879216128,-0.9569,0,998.79706,
2026-09-08T03:39:05.075281+00:00,77.61115228423235,72.81071542455281,4.800436859679536,-0.8728,0,998.79706,
2026-09-08T03:39:05.254109+00:00,77.61115228423235,72.81071542455281,4.800436859679536,-0.8684,0,998.79706,
2026-09-08T03:39:05.389807+00:00,77.61115228423235,72.81071542455281,4.800436859679536,-0.864,0,998.79706,
2026-09-08T03:39:05.540551+00:00,77.61115228423235,72.81071542455281,4.800436859679536,-0.8597,0,998.79706,
2026-09-08T03:39:05.696454+00:00,77.61115228423235,72.81071542455281,4.800436859679536,-0.8555,0,998.79706,
2026-09-08T03:39:05.848132+00:00,77.61115228423235,72.81071542455281,4.800436859679536,-0.8514,0,998.79706,
2026-09-08T03:39:06.004261+00:00,77.60844887688796,72.81169145608489,4.796757420803075,-0.9667,0,998.79706,
2026-09-08T03:39:06.154552+00:00,77.60844887688796,72.81169145608489,4.796757420803075,-0.9643,0,998.79706,
2026-09-08T03:39:06.304169+00:00,77.60844887688796,72.81169145608489,4.796757420803075,-0.9622,0,998.79706,
2026-09-08T03:39:06.457384+00:00,77.60844887688796,72.81169145608489,4.796757420803075,-0.9602,0,998.79706,
2026-09-08T03:39:06.610487+00:00,77.60844887688796,72.81169145608489,4.796757420803075,-0.9584,0,998.79706,
2026-09-08T03:39:06.762651+00:00,77.60844887688796,72.81169145608489,4.796757420803075,-0.9569,0,998.79706,
2026-09-08T03:39:06.910206+00:00,77.60844887688796,72.81169145608489,4.796757420803075,-0.9556,0,998.79706,
2026-09-08T03:39:07.071319+00:00,77.60736685210526,72.81602732185777,4.791339530247484,-1.1408,0,998.79706,
2026-09-08T03:39:07.220880+00:00,77.60736685210526,72.81602732185777,4.791339530247484,-1.1374,0,998.79706,
2026-09-08T03:39:07.368970+00:00,77.60736685210526,72.81602732185777,4.791339530247484,-1.1341,0,998.79706,
2026-09-08T03:39:07.535249+00:00,77.60736685210526,72.81602732185777,4.791339530247484,-1.1311,0,998.79706,
2026-09-08T03:39:07.668671+00:00,77.60736685210526,72.81602732185777,4.791339530247484,-1.1282,0,998.79706,
2026-09-08T03:39:07.830494+00:00,77.60736685210526,72.81602732185777,4.791339530247484,-1.1255,0,998.79706,
2026-09-08T03:39:07.975598+00:00,77.60736685210526,72.81602732185777,4.791339530247484,-1.123,0,998.79706,
2026-09-08T03:39:08.127311+00:00,77.60721632192286,72.81396133069539,4.793254991227471,-1.0494,0,998.79706,
2026-09-08T03:39:08.285913+00:00,77.60721632192286,72.81396133069539,4.793254991227471,-1.0464,0,998.79706,
2026-09-08T03:39:08.431056+00:00,77.60721632192286,72.81396133069539,4.793254991227471,-1.0436,0,998.79706,
2026-09-08T03:39:08.614353+00:00,77.60721632192286,72.81396133069539,4.793254991227471,-1.041,0,998.79706,
2026-09-08T03:39:08.770830+00:00,77.60721632192286,72.81396133069539,4.793254991227471,-1.0386,0,998.79706,
2026-09-08T03:39:08.907119+00:00,77.60721632192286,72.81396133069539,4.793254991227471,-1.0364,0,998.79706,
2026-09-08T03:39:09.058203+00:00,77.60691388714709,72.82113748423994,4.785776402907146,-1.3277,0,998.79706,
2026-09-08T03:39:09.209248+00:00,77.60691388714709,72.82113748423994,4.785776402907146,-1.3292,0,998.79706,
2026-09-08T03:39:09.378213+00:00,77.60691388714709,72.82113748423994,4.785776402907146,-1.3313,0,998.79706,
2026-09-08T03:39:09.517516+00:00,77.60691388714709,72.82113748423994,4.785776402907146,-1.334,0,998.79706,
2026-09-08T03:39:09.675930+00:00,77.60691388714709,72.82113748423994,4.785776402907146,-1.3373,0,998.79706,
2026-09-08T03:39:09.824347+00:00,77.60691388714709,72.82113748423994,4.785776402907146,-1.3412,0,998.79706,
2026-09-08T03:39:09.973019+00:00,77.60691388714709,72.82113748423994,4.785776402907146,-1.3458,0,998.79706,
2026-09-08T03:39:10.280243+00:00,77.60670963431618,72.83362551392052,4.7730841203956516,-1.8819,1,998.79706,buy 5x BTC-MINI; sell 5x ETH-MINI
2026-09-08T03:39:10.415051+00:00,77.60670963431618,72.83362551392052,4.7730841203956516,-1.8783,1,998.5120806019783,
2026-09-08T03:39:10.572877+00:00,77.60670963431618,72.83362551392052,4.7730841203956516,-1.8752,1,998.5120806019783,
2026-09-08T03:39:10.719934+00:00,77.60670963431618,72.83362551392052,4.7730841203956516,-1.8725,1,998.5120806019783,
2026-09-08T03:39:10.866061+00:00,77.60670963431618,72.83362551392052,4.7730841203956516,-1.8704,1,998.5120806019783,
2026-09-08T03:39:11.022904+00:00,77.60818887745533,72.8276806933693,4.780508184086031,-1.5439,1,998.5492009204302,
2026-09-08T03:39:11.187594+00:00,77.60818887745533,72.8276806933693,4.780508184086031,-1.5443,1,998.5492009204302,
2026-09-08T03:39:11.333028+00:00,77.60818887745533,72.8276806933693,4.780508184086031,-1.5433,1,998.5492009204302,
2026-09-08T03:39:11.488865+00:00,77.60818887745533,72.8276806933693,4.780508184086031,-1.5427,1,998.5492009204302,
2026-09-08T03:39:11.659024+00:00,77.60818887745533,72.8276806933693,4.780508184086031,-1.5426,1,998.5492009204302,
2026-09-08T03:39:11.798185+00:00,77.60818887745533,72.8276806933693,4.780508184086031,-1.5429,1,998.5492009204302,
2026-09-08T03:39:11.946989+00:00,77.60818887745533,72.8276806933693,4.780508184086031,-1.5437,1,998.5492009204302,
2026-09-08T03:39:12.099116+00:00,77.60712457983337,72.82405940461217,4.783065175221196,-1.425,1,998.561985876106,
2026-09-08T03:39:12.253080+00:00,77.60712457983337,72.82405940461217,4.783065175221196,-1.423,1,998.561985876106,
2026-09-08T03:39:12.413227+00:00,77.60712457983337,72.82405940461217,4.783065175221196,-1.4214,1,998.561985876106,
2026-09-08T03:39:12.562952+00:00,77.60712457983337,72.82405940461217,4.783065175221196,-1.4201,1,998.561985876106,
2026-09-08T03:39:12.721318+00:00,77.60712457983337,72.82405940461217,4.783065175221196,-1.4193,1,998.561985876106,
2026-09-08T03:39:12.869618+00:00,77.60712457983337,72.82405940461217,4.783065175221196,-1.4187,1,998.561985876106,
2026-09-08T03:39:13.025967+00:00,77.60595091111902,72.82760921534876,4.778341695770266,-1.6526,1,998.5383684788513,
2026-09-08T03:39:13.174341+00:00,77.60595091111902,72.82760921534876,4.778341695770266,-1.6525,1,998.5383684788513,
2026-09-08T03:39:13.341081+00:00,77.60595091111902,72.82760921534876,4.778341695770266,-1.6453,1,998.5383684788513,
2026-09-08T03:39:13.475458+00:00,77.60595091111902,72.82760921534876,4.778341695770266,-1.6384,1,998.5383684788513,
2026-09-08T03:39:13.638306+00:00,77.60595091111902,72.82760921534876,4.778341695770266,-1.6318,1,998.5383684788513,
2026-09-08T03:39:13.802348+00:00,77.60595091111902,72.82760921534876,4.778341695770266,-1.6253,1,998.5383684788513,
2026-09-08T03:39:13.943094+00:00,77.60595091111902,72.82760921534876,4.778341695770266,-1.6192,1,998.5383684788513,
2026-09-08T03:39:14.143552+00:00,77.60391397051521,72.81869264253311,4.7852213279821,-1.2608,1,998.5727666399105,
2026-09-08T03:39:14.284847+00:00,77.60391397051521,72.81869264253311,4.7852213279821,-1.2608,1,998.5727666399105,
2026-09-08T03:39:14.433365+00:00,77.60391397051521,72.81869264253311,4.7852213279821,-1.2612,1,998.5727666399105,
2026-09-08T03:39:14.585451+00:00,77.60391397051521,72.81869264253311,4.7852213279821,-1.262,1,998.5727666399105,
2026-09-08T03:39:14.745380+00:00,77.60391397051521,72.81869264253311,4.7852213279821,-1.2632,1,998.5727666399105,
2026-09-08T03:39:14.889113+00:00,77.60391397051521,72.81869264253311,4.7852213279821,-1.265,1,998.5727666399105,
2026-09-08T03:39:15.038352+00:00,77.60618991330414,72.82763487813772,4.77855503516642,-1.6341,1,998.5394351758321,
2026-09-08T03:39:15.209987+00:00,77.60618991330414,72.82763487813772,4.77855503516642,-1.6378,1,998.5394351758321,
2026-09-08T03:39:15.350261+00:00,77.60618991330414,72.82763487813772,4.77855503516642,-1.636,1,998.5394351758321,
2026-09-08T03:39:15.506529+00:00,77.60618991330414,72.82763487813772,4.77855503516642,-1.6346,1,998.5394351758321,
2026-09-08T03:39:15.656285+00:00,77.60618991330414,72.82763487813772,4.77855503516642,-1.6337,1,998.5394351758321,
2026-09-08T03:39:15.827102+00:00,77.60618991330414,72.82763487813772,4.77855503516642,-1.6332,1,998.5394351758321,
2026-09-08T03:39:15.963804+00:00,77.60618991330414,72.82763487813772,4.77855503516642,-1.6332,1,998.5394351758321,
2026-09-08T03:39:16.122475+00:00,77.6046374245382,72.80820887124149,4.796428553296707,-0.581,1,998.6288027664835,
2026-09-08T03:39:16.270308+00:00,77.6046374245382,72.80820887124149,4.796428553296707,-0.576,1,998.6288027664835,
2026-09-08T03:39:16.446741+00:00,77.6046374245382,72.80820887124149,4.796428553296707,-0.5711,1,998.6288027664835,
2026-09-08T03:39:16.584616+00:00,77.6046374245382,72.80820887124149,4.796428553296707,-0.5661,1,998.6288027664835,
2026-09-08T03:39:16.784950+00:00,77.6046374245382,72.80820887124149,4.796428553296707,-0.5611,1,998.6288027664835,
2026-09-08T03:39:16.928975+00:00,77.6046374245382,72.80820887124149,4.796428553296707,-0.5561,1,998.6288027664835,
2026-09-08T03:39:17.344307+00:00,77.60826723766793,72.79775847009041,4.810508767577517,0.321,0,998.6992038378876,sell 5x BTC-MINI; buy 5x ETH-MINI
2026-09-08T03:39:17.486983+00:00,77.60826723766793,72.79775847009041,4.810508767577517,0.3302,0,996.99636,
2026-09-08T03:39:17.635092+00:00,77.60826723766793,72.79775847009041,4.810508767577517,0.3397,0,996.99636,
2026-09-08T03:39:17.793416+00:00,77.60826723766793,72.79775847009041,4.810508767577517,0.3495,0,996.99636,
2026-09-08T03:39:17.949410+00:00,77.60826723766793,72.79775847009041,4.810508767577517,0.3596,0,996.99636,
2026-09-08T03:39:18.120642+00:00,77.60709632059408,72.79748690717518,4.809609413418897,0.3115,0,996.99636,
2026-09-08T03:39:18.272064+00:00,77.60709632059408,72.79748690717518,4.809609413418897,0.3217,0,996.99636,
2026-09-08T03:39:18.439506+00:00,77.60709632059408,72.79748690717518,4.809609413418897,0.3321,0,996.99636,
2026-09-08T03:39:18.581462+00:00,77.60709632059408,72.79748690717518,4.809609413418897,0.3428,0,996.99636,
2026-09-08T03:39:18.726684+00:00,77.60709632059408,72.79748690717518,4.809609413418897,0.3464,0,996.99636,
2026-09-08T03:39:18.882044+00:00,77.60709632059408,72.79748690717518,4.809609413418897,0.35,0,996.99636,
2026-09-08T03:39:19.031173+00:00,77.6083184882809,72.79403911656706,4.8142793717138375,0.6671,0,996.99636,
2026-09-08T03:39:19.211953+00:00,77.6083184882809,72.79403911656706,4.8142793717138375,0.6701,0,996.99636,
2026-09-08T03:39:19.348279+00:00,77.6083184882809,72.79403911656706,4.8142793717138375,0.673,0,996.99636,
2026-09-08T03:39:19.533903+00:00,77.6083184882809,72.79403911656706,4.8142793717138375,0.676,0,996.99636,
2026-09-08T03:39:19.684203+00:00,77.6083184882809,72.79403911656706,4.8142793717138375,0.683,0,996.99636,
2026-09-08T03:39:19.841613+00:00,77.6083184882809,72.79403911656706,4.8142793717138375,0.6901,0,996.99636,
2026-09-08T03:39:19.981467+00:00,77.6083184882809,72.79403911656706,4.8142793717138375,0.6973,0,996.99636,
2026-09-08T03:39:20.132384+00:00,77.6100187544264,72.80227366937906,4.807745085047344,0.2549,0,996.99636,
2026-09-08T03:39:20.317097+00:00,77.6100187544264,72.80227366937906,4.807745085047344,0.2618,0,996.99636,
2026-09-08T03:39:20.459577+00:00,77.6100187544264,72.80227366937906,4.807745085047344,0.2688,0,996.99636,
2026-09-08T03:39:20.611091+00:00,77.6100187544264,72.80227366937906,4.807745085047344,0.2758,0,996.99636,
2026-09-08T03:39:20.764393+00:00,77.6100187544264,72.80227366937906,4.807745085047344,0.2838,0,996.99636,
2026-09-08T03:39:20.909555+00:00,77.6100187544264,72.80227366937906,4.807745085047344,0.292,0,996.99636,
2026-09-08T03:39:21.073665+00:00,77.61142193290745,72.81282249103651,4.798599441870934,-0.3549,0,996.99636,
2026-09-08T03:39:21.221602+00:00,77.61142193290745,72.81282249103651,4.798599441870934,-0.3492,0,996.99636,
2026-09-08T03:39:21.537802+00:00,77.61142193290745,72.81282249103651,4.798599441870934,-0.3435,0,996.99636,
2026-09-08T03:39:21.685458+00:00,77.61142193290745,72.81282249103651,4.798599441870934,-0.3377,0,996.99636,
2026-09-08T03:39:21.832419+00:00,77.61142193290745,72.81282249103651,4.798599441870934,-0.3319,0,996.99636,
2026-09-08T03:39:21.981551+00:00,77.61142193290745,72.81282249103651,4.798599441870934,-0.326,0,996.99636,
2026-09-08T03:39:22.136412+00:00,77.61239829071701,72.8015627951609,4.8108354955561055,0.5989,0,996.99636,
2026-09-08T03:39:22.287339+00:00,77.61239829071701,72.8015627951609,4.8108354955561055,0.6093,0,996.99636,
2026-09-08T03:39:22.438208+00:00,77.61239829071701,72.8015627951609,4.8108354955561055,0.6199,0,996.99636,
2026-09-08T03:39:22.592390+00:00,77.61239829071701,72.8015627951609,4.8108354955561055,0.6308,0,996.99636,
2026-09-08T03:39:22.744898+00:00,77.61239829071701,72.8015627951609,4.8108354955561055,0.6367,0,996.99636,
2026-09-08T03:39:22.898490+00:00,77.61239829071701,72.8015627951609,4.8108354955561055,0.6426,0,996.99636,
2026-09-08T03:39:23.047123+00:00,77.61469978858224,72.79749387287369,4.817205915708556,1.1429,0,996.99636,
2026-09-08T03:39:23.198702+00:00,77.61469978858224,72.79749387287369,4.817205915708556,1.1475,0,996.99636,
2026-09-08T03:39:23.349153+00:00,77.61469978858224,72.79749387287369,4.817205915708556,1.1522,0,996.99636,
2026-09-08T03:39:23.503167+00:00,77.61469978858224,72.79749387287369,4.817205915708556,1.1568,0,996.99636,
2026-09-08T03:39:23.660735+00:00,77.61469978858224,72.79749387287369,4.817205915708556,1.1593,0,996.99636,
2026-09-08T03:39:23.806392+00:00,77.61469978858224,72.79749387287369,4.817205915708556,1.1617,0,996.99636,
2026-09-08T03:39:23.959573+00:00,77.61469978858224,72.79749387287369,4.817205915708556,1.1641,0,996.99636,
2026-09-08T03:39:24.253078+00:00,77.61940793362534,72.79633285288742,4.823075080737922,1.6251,-1,996.99636,sell 5x BTC-MINI; buy 5x ETH-MINI
2026-09-08T03:39:24.396805+00:00,77.61940793362534,72.79633285288742,4.823075080737922,1.6231,-1,994.7307845963103,
2026-09-08T03:39:24.538014+00:00,77.61940793362534,72.79633285288742,4.823075080737922,1.6211,-1,994.7307845963103,
2026-09-08T03:39:24.690824+00:00,77.61940793362534,72.79633285288742,4.823075080737922,1.6191,-1,994.7307845963103,
2026-09-08T03:39:24.854176+00:00,77.61940793362534,72.79633285288742,4.823075080737922,1.6199,-1,994.7307845963103,
2026-09-08T03:39:24.995478+00:00,77.61940793362534,72.79633285288742,4.823075080737922,1.6206,-1,994.7307845963103,
2026-09-08T03:39:25.156468+00:00,77.61905960511086,72.79943910733753,4.819620497773329,1.3522,-1,994.7480575111333,
2026-09-08T03:39:25.302799+00:00,77.61905960511086,72.79943910733753,4.819620497773329,1.3556,-1,994.7480575111333,
2026-09-08T03:39:25.457331+00:00,77.61905960511086,72.79943910733753,4.819620497773329,1.3591,-1,994.7480575111333,
2026-09-08T03:39:25.611741+00:00,77.61905960511086,72.79943910733753,4.819620497773329,1.3625,-1,994.7480575111333,
2026-09-08T03:39:25.772024+00:00,77.61905960511086,72.79943910733753,4.819620497773329,1.366,-1,994.7480575111333,
2026-09-08T03:39:25.913155+00:00,77.61905960511086,72.79943910733753,4.819620497773329,1.3648,-1,994.7480575111333,
2026-09-08T03:39:26.079649+00:00,77.62023304542066,72.80300221040359,4.817230835017071,1.1758,-1,994.7600058249145,
2026-09-08T03:39:26.294942+00:00,77.62023304542066,72.80300221040359,4.817230835017071,1.1763,-1,994.7600058249145,
2026-09-08T03:39:26.446373+00:00,77.62023304542066,72.80300221040359,4.817230835017071,1.1768,-1,994.7600058249145,
2026-09-08T03:39:26.602066+00:00,77.62023304542066,72.80300221040359,4.817230835017071,1.1774,-1,994.7600058249145,
2026-09-08T03:39:26.736240+00:00,77.62023304542066,72.80300221040359,4.817230835017071,1.1779,-1,994.7600058249145,
2026-09-08T03:39:26.889630+00:00,77.62023304542066,72.80300221040359,4.817230835017071,1.1769,-1,994.7600058249145,
2026-09-08T03:39:27.044067+00:00,77.62023304542066,72.80300221040359,4.817230835017071,1.1758,-1,994.7600058249145,
2026-09-08T03:39:27.196750+00:00,77.61769782494864,72.82334978941067,4.794348035537965,-0.6345,-1,994.8744198223101,
2026-09-08T03:39:27.353506+00:00,77.61769782494864,72.82334978941067,4.794348035537965,-0.6296,-1,994.8744198223101,
2026-09-08T03:39:27.505721+00:00,77.61769782494864,72.82334978941067,4.794348035537965,-0.6248,-1,994.8744198223101,
2026-09-08T03:39:27.663317+00:00,77.61769782494864,72.82334978941067,4.794348035537965,-0.6199,-1,994.8744198223101,
2026-09-08T03:39:27.813248+00:00,77.61769782494864,72.82334978941067,4.794348035537965,-0.6151,-1,994.8744198223101,
2026-09-08T03:39:27.975707+00:00,77.61769782494864,72.82334978941067,4.794348035537965,-0.6127,-1,994.8744198223101,
2026-09-08T03:39:28.115133+00:00,77.61531109571531,72.82459469014324,4.79071640557207,-0.8982,-1,994.8925779721395,
2026-09-08T03:39:28.275742+00:00,77.61531109571531,72.82459469014324,4.79071640557207,-0.894,-1,994.8925779721395,
2026-09-08T03:39:28.425926+00:00,77.61531109571531,72.82459469014324,4.79071640557207,-0.8898,-1,994.8925779721395,
2026-09-08T03:39:28.574235+00:00,77.61531109571531,72.82459469014324,4.79071640557207,-0.8857,-1,994.8925779721395,
2026-09-08T03:39:28.723861+00:00,77.61531109571531,72.82459469014324,4.79071640557207,-0.8816,-1,994.8925779721395,
2026-09-08T03:39:28.877482+00:00,77.61531109571531,72.82459469014324,4.79071640557207,-0.8776,-1,994.8925779721395,
2026-09-08T03:39:29.032438+00:00,77.61531109571531,72.82459469014324,4.79071640557207,-0.8737,-1,994.8925779721395,
2026-09-08T03:39:29.322143+00:00,77.6178142522361,72.81874383804637,4.799070414189728,-0.2128,0,994.8508079290513,buy 5x BTC-MINI; sell 5x ETH-MINI
2026-09-08T03:39:29.458945+00:00,77.6178142522361,72.81874383804637,4.799070414189728,-0.2122,0,995.6959599999999,
2026-09-08T03:39:29.612239+00:00,77.6178142522361,72.81874383804637,4.799070414189728,-0.2115,0,995.6959599999999,
2026-09-08T03:39:29.770254+00:00,77.6178142522361,72.81874383804637,4.799070414189728,-0.2108,0,995.6959599999999,
2026-09-08T03:39:29.917317+00:00,77.6178142522361,72.81874383804637,4.799070414189728,-0.2102,0,995.6959599999999,
2026-09-08T03:39:30.084590+00:00,77.617917388842,72.80524057258857,4.812676816253429,0.8604,0,995.6959599999999,
2026-09-08T03:39:30.228801+00:00,77.617917388842,72.80524057258857,4.812676816253429,0.856,0,995.6959599999999,
2026-09-08T03:39:30.377169+00:00,77.617917388842,72.80524057258857,4.812676816253429,0.8517,0,995.6959599999999,
2026-09-08T03:39:30.526003+00:00,77.617917388842,72.80524057258857,4.812676816253429,0.8474,0,995.6959599999999,
2026-09-08T03:39:30.715645+00:00,77.617917388842,72.80524057258857,4.812676816253429,0.8431,0,995.6959599999999,
2026-09-08T03:39:30.861955+00:00,77.617917388842,72.80524057258857,4.812676816253429,0.8389,0,995.6959599999999,
2026-09-08T03:39:31.043375+00:00,77.617917388842,72.80524057258857,4.812676816253429,0.8349,0,995.6959599999999,
2026-09-08T03:39:31.181885+00:00,77.61547834041815,72.80247272046391,4.8130056199542395,0.8566,0,995.6959599999999,
2026-09-08T03:39:31.332452+00:00,77.61547834041815,72.80247272046391,4.8130056199542395,0.8526,0,995.6959599999999,
2026-09-08T03:39:31.484479+00:00,77.61547834041815,72.80247272046391,4.8130056199542395,0.8485,0,995.6959599999999,
2026-09-08T03:39:31.646590+00:00,77.61547834041815,72.80247272046391,4.8130056199542395,0.8445,0,995.6959599999999,
2026-09-08T03:39:31.785858+00:00,77.61547834041815,72.80247272046391,4.8130056199542395,0.8405,0,995.6959599999999,
2026-09-08T03:39:31.943819+00:00,77.61547834041815,72.80247272046391,4.8130056199542395,0.8362,0,995.6959599999999,
2026-09-08T03:39:32.093636+00:00,77.61510771494088,72.81412016148253,4.8009875534583415,-0.099,0,995.6959599999999,
2026-09-08T03:39:32.244452+00:00,77.61510771494088,72.81412016148253,4.8009875534583415,-0.0993,0,995.6959599999999,
2026-09-08T03:39:32.401009+00:00,77.61510771494088,72.81412016148253,4.8009875534583415,-0.0995,0,995.6959599999999,
2026-09-08T03:39:32.548521+00:00,77.61510771494088,72.81412016148253,4.8009875534583415,-0.0998,0,995.6959599999999,
2026-09-08T03:39:32.732679+00:00,77.61510771494088,72.81412016148253,4.8009875534583415,-0.1,0,995.6959599999999,
2026-09-08T03:39:32.870532+00:00,77.61510771494088,72.81412016148253,4.8009875534583415,-0.1002,0,995.6959599999999,
2026-09-08T03:39:33.030042+00:00,77.61510771494088,72.81412016148253,4.8009875534583415,-0.1009,0,995.6959599999999,
2026-09-08T03:39:33.169103+00:00,77.61440465105032,72.81021948156392,4.804185169486402,0.1466,0,995.6959599999999,
2026-09-08T03:39:33.325305+00:00,77.61440465105032,72.81021948156392,4.804185169486402,0.1451,0,995.6959599999999,
2026-09-08T03:39:33.482039+00:00,77.61440465105032,72.81021948156392,4.804185169486402,0.1437,0,995.6959599999999,
2026-09-08T03:39:33.630231+00:00,77.61440465105032,72.81021948156392,4.804185169486402,0.1423,0,995.6959599999999,
2026-09-08T03:39:33.780741+00:00,77.61440465105032,72.81021948156392,4.804185169486402,0.1409,0,995.6959599999999,
2026-09-08T03:39:33.962350+00:00,77.61440465105032,72.81021948156392,4.804185169486402,0.1394,0,995.6959599999999,
2026-09-08T03:39:34.108397+00:00,77.61333169358088,72.82435084178417,4.788980851796708,-1.0403,0,995.6959599999999,
2026-09-08T03:39:34.264350+00:00,77.61333169358088,72.82435084178417,4.788980851796708,-1.0361,0,995.6959599999999,
2026-09-08T03:39:34.402248+00:00,77.61333169358088,72.82435084178417,4.788980851796708,-1.032,0,995.6959599999999,
2026-09-08T03:39:34.563820+00:00,77.61333169358088,72.82435084178417,4.788980851796708,-1.0278,0,995.6959599999999,
2026-09-08T03:39:34.720533+00:00,77.61333169358088,72.82435084178417,4.788980851796708,-1.0237,0,995.6959599999999,
2026-09-08T03:39:34.861129+00:00,77.61333169358088,72.82435084178417,4.788980851796708,-1.0196,0,995.6959599999999,
2026-09-08T03:39:35.017005+00:00,77.61333169358088,72.82435084178417,4.788980851796708,-1.0153,0,995.6959599999999,
2026-09-08T03:39:35.165528+00:00,77.61031641601829,72.82411757342811,4.786198842590181,-1.2232,0,995.6959599999999,
2026-09-08T03:39:35.318580+00:00,77.61031641601829,72.82411757342811,4.786198842590181,-1.217,0,995.6959599999999,
2026-09-08T03:39:35.462331+00:00,77.61031641601829,72.82411757342811,4.786198842590181,-1.2108,0,995.6959599999999,
2026-09-08T03:39:35.655503+00:00,77.61031641601829,72.82411757342811,4.786198842590181,-1.2047,0,995.6959599999999,
2026-09-08T03:39:35.795158+00:00,77.61031641601829,72.82411757342811,4.786198842590181,-1.1986,0,995.6959599999999,
2026-09-08T03:39:36.007671+00:00,77.61031641601829,72.82411757342811,4.786198842590181,-1.1977,0,995.6959599999999,
2026-09-08T03:39:36.183852+00:00,77.60910324946617,72.82071539179681,4.788387857669363,-1.0316,0,995.6959599999999,
2026-09-08T03:39:36.321826+00:00,77.60910324946617,72.82071539179681,4.788387857669363,-1.032,0,995.6959599999999,
2026-09-08T03:39:36.472992+00:00,77.60910324946617,72.82071539179681,4.788387857669363,-1.0323,0,995.6959599999999,
2026-09-08T03:39:36.626157+00:00,77.60910324946617,72.82071539179681,4.788387857669363,-1.0327,0,995.6959599999999,
2026-09-08T03:39:36.783028+00:00,77.60910324946617,72.82071539179681,4.788387857669363,-1.033,0,995.6959599999999,
2026-09-08T03:39:36.928245+00:00,77.60910324946617,72.82071539179681,4.788387857669363,-1.0334,0,995.6959599999999,
2026-09-08T03:39:37.084374+00:00,77.60910324946617,72.82071539179681,4.788387857669363,-1.0303,0,995.6959599999999,
2026-09-08T03:39:37.376139+00:00,77.60939183313214,72.83710226934713,4.772289563785009,-2.2306,1,995.6959599999999,buy 5x BTC-MINI; sell 5x ETH-MINI
2026-09-08T03:39:37.526818+00:00,77.60939183313214,72.83710226934713,4.772289563785009,-2.2076,1,995.1069478189249,
2026-09-08T03:39:37.670978+00:00,77.60939183313214,72.83710226934713,4.772289563785009,-2.1852,1,995.1069478189249,
2026-09-08T03:39:37.837237+00:00,77.60939183313214,72.83710226934713,4.772289563785009,-2.1633,1,995.1069478189249,
2026-09-08T03:39:37.975986+00:00,77.60939183313214,72.83710226934713,4.772289563785009,-2.1419,1,995.1069478189249,
2026-09-08T03:39:38.132412+00:00,77.6096021991218,72.85374436060516,4.755857838516633,-3.2725,1,995.0247891925831,
2026-09-08T03:39:38.298213+00:00,77.6096021991218,72.85374436060516,4.755857838516633,-3.2046,1,995.0247891925831,
2026-09-08T03:39:38.445613+00:00,77.6096021991218,72.85374436060516,4.755857838516633,-3.1403,1,995.0247891925831,
2026-09-08T03:39:38.590026+00:00,77.6096021991218,72.85374436060516,4.755857838516633,-3.0793,1,995.0247891925831,
2026-09-08T03:39:38.756492+00:00,77.6096021991218,72.85374436060516,4.755857838516633,-3.0214,1,995.0247891925831,
2026-09-08T03:39:38.898248+00:00,77.6096021991218,72.85374436060516,4.755857838516633,-2.9661,1,995.0247891925831,
2026-09-08T03:39:39.045991+00:00,77.6096021991218,72.85374436060516,4.755857838516633,-2.9135,1,995.0247891925831,
2026-09-08T03:39:39.237139+00:00,77.6115096068329,72.84585315679135,4.765656450041547,-2.2447,1,995.0737822502077,
2026-09-08T03:39:39.418251+00:00,77.6115096068329,72.84585315679135,4.765656450041547,-2.218,1,995.0737822502077,
2026-09-08T03:39:39.562257+00:00,77.6115096068329,72.84585315679135,4.765656450041547,-2.192,1,995.0737822502077,
2026-09-08T03:39:39.725072+00:00,77.6115096068329,72.84585315679135,4.765656450041547,-2.1667,1,995.0737822502077,
2026-09-08T03:39:39.868999+00:00,77.6115096068329,72.84585315679135,4.765656450041547,-2.1421,1,995.0737822502077,
2026-09-08T03:39:40.018040+00:00,77.6115096068329,72.84585315679135,4.765656450041547,-2.1181,1,995.0737822502077,
2026-09-08T03:39:40.186084+00:00,77.61004672263707,72.83700462727126,4.77304209536581,-1.6425,1,995.110710476829,
2026-09-08T03:39:40.328523+00:00,77.61004672263707,72.83700462727126,4.77304209536581,-1.6293,1,995.110710476829,
2026-09-08T03:39:40.477524+00:00,77.61004672263707,72.83700462727126,4.77304209536581,-1.6163,1,995.110710476829,
2026-09-08T03:39:40.660737+00:00,77.61004672263707,72.83700462727126,4.77304209536581,-1.6036,1,995.110710476829,
2026-09-08T03:39:40.797668+00:00,77.61004672263707,72.83700462727126,4.77304209536581,-1.591,1,995.110710476829,
2026-09-08T03:39:40.954261+00:00,77.61004672263707,72.83700462727126,4.77304209536581,-1.5786,1,995.110710476829,
2026-09-08T03:39:41.114538+00:00,77.60964083766137,72.84534641014172,4.764294427519658,-2.0886,1,995.0669721375982,
2026-09-08T03:39:41.250211+00:00,77.60964083766137,72.84534641014172,4.764294427519658,-2.0671,1,995.0669721375982,
2026-09-08T03:39:41.404682+00:00,77.60964083766137,72.84534641014172,4.764294427519658,-2.046,1,995.0669721375982,
2026-09-08T03:39:41.553331+00:00,77.60964083766137,72.84534641014172,4.764294427519658,-2.0255,1,995.0669721375982,
2026-09-08T03:39:41.712546+00:00,77.60964083766137,72.84534641014172,4.764294427519658,-2.0053,1,995.0669721375982,
2026-09-08T03:39:41.865303+00:00,77.60964083766137,72.84534641014172,4.764294427519658,-1.9857,1,995.0669721375982,
2026-09-08T03:39:42.014225+00:00,77.60964083766137,72.84534641014172,4.764294427519658,-1.9658,1,995.0669721375982,
2026-09-08T03:39:42.166641+00:00,77.60916445777197,72.84075997824158,4.768404479530389,-1.7125,1,995.0875223976519,
2026-09-08T03:39:42.315201+00:00,77.60916445777197,72.84075997824158,4.768404479530389,-1.6976,1,995.0875223976519,
2026-09-08T03:39:42.473615+00:00,77.60916445777197,72.84075997824158,4.768404479530389,-1.6829,1,995.0875223976519,
2026-09-08T03:39:42.622043+00:00,77.60916445777197,72.84075997824158,4.768404479530389,-1.6685,1,995.0875223976519,
2026-09-08T03:39:42.770660+00:00,77.60916445777197,72.84075997824158,4.768404479530389,-1.6543,1,995.0875223976519,
2026-09-08T03:39:42.927537+00:00,77.60916445777197,72.84075997824158,4.768404479530389,-1.6404,1,995.0875223976519,
2026-09-08T03:39:43.083386+00:00,77.60916445777197,72.84075997824158,4.768404479530389,-1.6267,1,995.0875223976519,
2026-09-08T03:39:43.407945+00:00,77.60794790632903,72.81353406027462,4.794413846054411,-0.1586,0,995.217569230272,sell 5x BTC-MINI; buy 5x ETH-MINI
2026-09-08T03:39:43.549305+00:00,77.60794790632903,72.81353406027462,4.794413846054411,-0.1564,0,993.5952,
2026-09-08T03:39:43.697288+00:00,77.60794790632903,72.81353406027462,4.794413846054411,-0.1541,0,993.5952,
2026-09-08T03:39:43.852828+00:00,77.60794790632903,72.81353406027462,4.794413846054411,-0.1519,0,993.5952,
2026-09-08T03:39:43.997507+00:00,77.60794790632903,72.81353406027462,4.794413846054411,-0.1496,0,993.5952,
2026-09-08T03:39:44.177998+00:00,77.60706954036418,72.80136024474557,4.8057092956186125,0.4886,0,993.5952,
2026-09-08T03:39:44.319589+00:00,77.60706954036418,72.80136024474557,4.8057092956186125,0.4888,0,993.5952,
2026-09-08T03:39:44.476854+00:00,77.60706954036418,72.80136024474557,4.8057092956186125,0.4905,0,993.5952,
2026-09-08T03:39:44.621252+00:00,77.60706954036418,72.80136024474557,4.8057092956186125,0.4921,0,993.5952,
2026-09-08T03:39:44.771602+00:00,77.60706954036418,72.80136024474557,4.8057092956186125,0.4938,0,993.5952,
2026-09-08T03:39:44.948125+00:00,77.60706954036418,72.80136024474557,4.8057092956186125,0.4954,0,993.5952,
2026-09-08T03:39:45.117652+00:00,77.60706954036418,72.80136024474557,4.8057092956186125,0.4971,0,993.5952,
2026-09-08T03:39:45.384047+00:00,77.60805091316116,72.7885470866411,4.819503826520062,1.2764,0,993.5952,
2026-09-08T03:39:45.525706+00:00,77.60805091316116,72.7885470866411,4.819503826520062,1.2732,0,993.5952,
2026-09-08T03:39:45.679264+00:00,77.60805091316116,72.7885470866411,4.819503826520062,1.2748,0,993.5952,
2026-09-08T03:39:45.828107+00:00,77.60805091316116,72.7885470866411,4.819503826520062,1.2765,0,993.5952,
2026-09-08T03:39:45.980281+00:00,77.60805091316116,72.7885470866411,4.819503826520062,1.2782,0,993.5952,
2026-09-08T03:39:46.281616+00:00,77.61006609497731,72.77624291539074,4.833823179586574,2.0803,-1,993.5952,sell 5x BTC-MINI; buy 5x ETH-MINI
2026-09-08T03:39:46.420994+00:00,77.61006609497731,72.77624291539074,4.833823179586574,2.0706,-1,991.7757841020671,
2026-09-08T03:39:46.568283+00:00,77.61006609497731,72.77624291539074,4.833823179586574,2.061,-1,991.7757841020671,
2026-09-08T03:39:46.732549+00:00,77.61006609497731,72.77624291539074,4.833823179586574,2.0488,-1,991.7757841020671,
2026-09-08T03:39:46.880226+00:00,77.61006609497731,72.77624291539074,4.833823179586574,2.0369,-1,991.7757841020671,
2026-09-08T03:39:47.034464+00:00,77.61006609497731,72.77624291539074,4.833823179586574,2.0251,-1,991.7757841020671,
2026-09-08T03:39:47.177236+00:00,77.60846945594079,72.77281604188742,4.835653414053368,2.1124,-1,991.7666329297331,
2026-09-08T03:39:47.333159+00:00,77.60846945594079,72.77281604188742,4.835653414053368,2.0987,-1,991.7666329297331,
2026-09-08T03:39:47.485964+00:00,77.60846945594079,72.77281604188742,4.835653414053368,2.0853,-1,991.7666329297331,
2026-09-08T03:39:47.635258+00:00,77.60846945594079,72.77281604188742,4.835653414053368,2.072,-1,991.7666329297331,
2026-09-08T03:39:47.791729+00:00,77.60846945594079,72.77281604188742,4.835653414053368,2.0571,-1,991.7666329297331,
2026-09-08T03:39:47.955535+00:00,77.60846945594079,72.77281604188742,4.835653414053368,2.0425,-1,991.7666329297331,
2026-09-08T03:39:48.096087+00:00,77.60846945594079,72.77281604188742,4.835653414053368,2.0281,-1,991.7666329297331,
2026-09-08T03:39:48.245242+00:00,77.60841243398194,72.77887794603082,4.829534487951122,1.6936,-1,991.7972275602443,
2026-09-08T03:39:48.399870+00:00,77.60841243398194,72.77887794603082,4.829534487951122,1.6857,-1,991.7972275602443,
2026-09-08T03:39:48.549429+00:00,77.60841243398194,72.77887794603082,4.829534487951122,1.6779,-1,991.7972275602443,
2026-09-08T03:39:48.702998+00:00,77.60841243398194,72.77887794603082,4.829534487951122,1.6738,-1,991.7972275602443,
2026-09-08T03:39:48.853555+00:00,77.60841243398194,72.77887794603082,4.829534487951122,1.6698,-1,991.7972275602443,
2026-09-08T03:39:49.008914+00:00,77.60841243398194,72.77887794603082,4.829534487951122,1.6659,-1,991.7972275602443,
2026-09-08T03:39:49.169988+00:00,77.60880677515607,72.76528400440276,4.84352277075331,2.3819,-1,991.7272861462334,
2026-09-08T03:39:49.310539+00:00,77.60880677515607,72.76528400440276,4.84352277075331,2.3628,-1,991.7272861462334,
2026-09-08T03:39:49.464745+00:00,77.60880677515607,72.76528400440276,4.84352277075331,2.3441,-1,991.7272861462334,
2026-09-08T03:39:49.608983+00:00,77.60880677515607,72.76528400440276,4.84352277075331,2.32,-1,991.7272861462334,
2026-09-08T03:39:49.780853+00:00,77.60880677515607,72.76528400440276,4.84352277075331,2.2965,-1,991.7272861462334,
2026-09-08T03:39:49.921474+00:00,77.60880677515607,72.76528400440276,4.84352277075331,2.2735,-1,991.7272861462334,
2026-09-08T03:39:50.078710+00:00,77.60880677515607,72.76528400440276,4.84352277075331,2.2511,-1,991.7272861462334,
2026-09-08T03:39:50.223029+00:00,77.60779671150385,72.77920349792518,4.828593213578671,1.4984,-1,991.8019339321066,
2026-09-08T03:39:50.380968+00:00,77.60779671150385,72.77920349792518,4.828593213578671,1.4915,-1,991.8019339321066,
2026-09-08T03:39:50.529441+00:00,77.60779671150385,72.77920349792518,4.828593213578671,1.4846,-1,991.8019339321066,
2026-09-08T03:39:50.674362+00:00,77.60779671150385,72.77920349792518,4.828593213578671,1.4791,-1,991.8019339321066,
2026-09-08T03:39:50.830446+00:00,77.60779671150385,72.77920349792518,4.828593213578671,1.4735,-1,991.8019339321066,
2026-09-08T03:39:50.982074+00:00,77.60779671150385,72.77920349792518,4.828593213578671,1.468,-1,991.8019339321066,
2026-09-08T03:39:51.132113+00:00,77.60715157825778,72.7756126562584,4.831538921999382,1.6054,-1,991.787205390003,
2026-09-08T03:39:51.286666+00:00,77.60715157825778,72.7756126562584,4.831538921999382,1.598,-1,991.787205390003,
2026-09-08T03:39:51.446812+00:00,77.60715157825778,72.7756126562584,4.831538921999382,1.5907,-1,991.787205390003,
2026-09-08T03:39:51.592922+00:00,77.60715157825778,72.7756126562584,4.831538921999382,1.5786,-1,991.787205390003,
2026-09-08T03:39:51.736787+00:00,77.60715157825778,72.7756126562584,4.831538921999382,1.5667,-1,991.787205390003,
2026-09-08T03:39:51.884918+00:00,77.60715157825778,72.7756126562584,4.831538921999382,1.5549,-1,991.787205390003,
2026-09-08T03:39:52.069667+00:00,77.60715157825778,72.7756126562584,4.831538921999382,1.5434,-1,991.787205390003,
2026-09-08T03:39:52.209988+00:00,77.60742506175426,72.76080105923448,4.846624002519775,2.2397,-1,991.7117799874011,
2026-09-08T03:39:52.365998+00:00,77.60742506175426,72.76080105923448,4.846624002519775,2.2136,-1,991.7117799874011,
2026-09-08T03:39:52.512532+00:00,77.60742506175426,72.76080105923448,4.846624002519775,2.1883,-1,991.7117799874011,
2026-09-08T03:39:52.663265+00:00,77.60742506175426,72.76080105923448,4.846624002519775,2.1639,-1,991.7117799874011,
2026-09-08T03:39:52.815552+00:00,77.60742506175426,72.76080105923448,4.846624002519775,2.1402,-1,991.7117799874011,
2026-09-08T03:39:52.971944+00:00,77.60742506175426,72.76080105923448,4.846624002519775,2.1171,-1,991.7117799874011,
2026-09-08T03:39:53.126166+00:00,77.60742506175426,72.76080105923448,4.846624002519775,2.0945,-1,991.7117799874011,
2026-09-08T03:39:53.283603+00:00,77.60948988503486,72.74970574379687,4.859784141237995,2.6507,-1,991.64597929381,
2026-09-08T03:39:53.434560+00:00,77.60948988503486,72.74970574379687,4.859784141237995,2.6115,-1,991.64597929381,
2026-09-08T03:39:53.614307+00:00,77.60948988503486,72.74970574379687,4.859784141237995,2.5734,-1,991.64597929381,
2026-09-08T03:39:53.753999+00:00,77.60948988503486,72.74970574379687,4.859784141237995,2.5366,-1,991.64597929381,
2026-09-08T03:39:53.908339+00:00,77.60948988503486,72.74970574379687,4.859784141237995,2.5011,-1,991.64597929381,
2026-09-08T03:39:54.062939+00:00,77.60948988503486,72.74970574379687,4.859784141237995,2.4667,-1,991.64597929381,
2026-09-08T03:39:54.212541+00:00,77.60661349152834,72.74893185251695,4.857681639011389,2.3471,-1,991.656491804943,
2026-09-08T03:39:54.364693+00:00,77.60661349152834,72.74893185251695,4.857681639011389,2.3176,-1,991.656491804943,
2026-09-08T03:39:54.511270+00:00,77.60661349152834,72.74893185251695,4.857681639011389,2.289,-1,991.656491804943,
2026-09-08T03:39:54.667269+00:00,77.60661349152834,72.74893185251695,4.857681639011389,2.2611,-1,991.656491804943,
2026-09-08T03:39:54.816979+00:00,77.60661349152834,72.74893185251695,4.857681639011389,2.2339,-1,991.656491804943,
2026-09-08T03:39:54.969314+00:00,77.60661349152834,72.74893185251695,4.857681639011389,2.2075,-1,991.656491804943,
2026-09-08T03:39:55.119613+00:00,77.60661349152834,72.74893185251695,4.857681639011389,2.1819,-1,991.656491804943,
2026-09-08T03:39:55.282865+00:00,77.61007143979975,72.74270621022966,4.8673652295700975,2.5327,-1,991.6080738521495,
2026-09-08T03:39:55.432577+00:00,77.61007143979975,72.74270621022966,4.8673652295700975,2.4972,-1,991.6080738521495,
2026-09-08T03:39:55.583350+00:00,77.61007143979975,72.74270621022966,4.8673652295700975,2.4628,-1,991.6080738521495,
2026-09-08T03:39:55.720411+00:00,77.61007143979975,72.74270621022966,4.8673652295700975,2.4296,-1,991.6080738521495,
2026-09-08T03:39:55.883339+00:00,77.61007143979975,72.74270621022966,4.8673652295700975,2.3974,-1,991.6080738521495,
2026-09-08T03:39:56.036839+00:00,77.61007143979975,72.74270621022966,4.8673652295700975,2.3663,-1,991.6080738521495,
2026-09-08T03:39:56.180166+00:00,77.61085130730972,72.71766706138905,4.893184245920665,3.2693,-1,991.4789787703967,
2026-09-08T03:39:56.336561+00:00,77.61085130730972,72.71766706138905,4.893184245920665,3.2016,-1,991.4789787703967,
2026-09-08T03:39:56.493757+00:00,77.61085130730972,72.71766706138905,4.893184245920665,3.1376,-1,991.4789787703967,
2026-09-08T03:39:56.642481+00:00,77.61085130730972,72.71766706138905,4.893184245920665,3.0775,-1,991.4789787703967,
2026-09-08T03:39:56.806027+00:00,77.61085130730972,72.71766706138905,4.893184245920665,3.0203,-1,991.4789787703967,
2026-09-08T03:39:56.953509+00:00,77.73237087289199,72.59614749580678,5.136223377085216,9.545,-1,990.1475391561007,
2026-09-08T03:39:57.100402+00:00,77.92923279563293,72.39928557306584,5.529947222567088,13.3285,-1,988.2812611037707,
2026-09-08T03:39:57.244916+00:00,78.14683356726364,72.20239651932138,5.944437047942259,13.3327,-1,986.1997669720502,
2026-09-08T03:39:57.400723+00:00,78.58833619797424,71.76089388861078,6.827442309363462,13.9628,-1,981.767938115582,
2026-09-08T03:39:57.551893+00:00,79.21052881920532,71.1387012673797,8.07182755182562,13.7211,-1,975.5387103342862,
2026-09-08T03:39:57.704865+00:00,80.04186341011719,70.30736667646784,9.734496733649351,13.2691,-1,967.2277724528165,
2026-09-08T03:39:57.860094+00:00,81.11088046276764,69.23834962381738,11.872530838950254,12.7921,-1,956.5217530512662,
2026-09-08T03:39:58.007871+00:00,82.25780376637177,68.09142632021326,14.166377446158506,12.0962,-1,945.035371758923,
2026-09-08T03:39:58.160941+00:00,83.36422260938176,66.98496407116554,16.37925853821622,11.3032,-1,933.9505636287279,
2026-09-08T03:39:58.320919+00:00,84.59622021852024,65.75296646202705,18.843253756493198,10.7346,-1,921.6636681151933,
2026-09-08T03:39:58.462532+00:00,85.6613218420554,64.68786483849189,20.97345700356351,10.0466,-1,911.0085033965654,
2026-09-08T03:39:58.614088+00:00,86.78618308244236,63.56300359810493,23.223179484337436,9.5335,-1,899.7490548682756,
2026-09-08T03:39:58.762223+00:00,87.88513239560612,62.46405428494117,25.42107811066495,9.0707,-1,888.727196414525,
2026-09-08T03:39:58.913843+00:00,88.95171728072651,61.39746939982078,27.554247880905734,8.6519,-1,878.1689369273729,
2026-09-08T03:39:59.067130+00:00,89.92562588391789,60.4235607966294,29.502065087288486,8.2423,-1,868.3762067151613,
2026-09-08T03:39:59.226618+00:00,90.90185188763041,59.432919592295676,31.46893229533474,7.9015,-1,858.5450088594773,
2026-09-08T03:39:59.361534+00:00,91.58686452619929,58.7479069537268,32.838957572472495,7.4748,-1,851.752266845546,
2026-09-08T03:39:59.521936+00:00,92.14604252092738,58.18872895899871,33.95731356192867,7.0757,-1,846.1334412906983,
2026-09-08T03:39:59.677533+00:00,92.49083721153636,57.84393426838973,34.64690294314663,6.6653,-1,842.7090561006883,
2026-09-08T03:39:59.866221+00:00,92.6100110363235,57.72476044360259,34.88525059272091,6.2454,-1,841.5186470363954,
2026-09-08T03:40:00.014597+00:00,92.6100110363235,57.72476044360259,34.88525059272091,5.8565,-1,841.5186470363954,
2026-09-08T03:40:00.182118+00:00,92.60728115494572,57.73980252106084,34.867478633884886,5.5271,-1,841.6075068305755,
2026-09-08T03:40:00.322971+00:00,92.60728115494572,57.73980252106084,34.867478633884886,5.2486,-1,841.6075068305755,
2026-09-08T03:40:00.483121+00:00,92.60728115494572,57.73980252106084,34.867478633884886,5.0067,-1,841.6075068305755,
2026-09-08T03:40:00.642194+00:00,92.60728115494572,57.73980252106084,34.867478633884886,4.7941,-1,841.6075068305755,
2026-09-08T03:40:00.782561+00:00,92.60728115494572,57.73980252106084,34.867478633884886,4.6052,-1,841.6075068305755,
2026-09-08T03:40:00.930864+00:00,92.60728115494572,57.73980252106084,34.867478633884886,4.4359,-1,841.6075068305755,
2026-09-08T03:40:01.104823+00:00,92.60728115494572,57.73980252106084,34.867478633884886,4.283,-1,841.6075068305755,
2026-09-08T03:40:01.245626+00:00,92.60889929342042,57.743654603284114,34.86524469013631,4.1437,-1,841.6186765493185,
2026-09-08T03:40:01.395008+00:00,92.60889929342042,57.743654603284114,34.86524469013631,4.0165,-1,841.6186765493185,
2026-09-08T03:40:01.545938+00:00,92.60889929342042,57.743654603284114,34.86524469013631,3.8996,-1,841.6186765493185,
2026-09-08T03:40:01.733617+00:00,92.60889929342042,57.743654603284114,34.86524469013631,3.7916,-1,841.6186765493185,
2026-09-08T03:40:01.870411+00:00,92.60889929342042,57.743654603284114,34.86524469013631,3.6915,-1,841.6186765493185,
2026-09-08T03:40:02.044528+00:00,92.60889929342042,57.743654603284114,34.86524469013631,3.5982,-1,841.6186765493185,
2026-09-08T03:40:02.190730+00:00,92.61303236713775,57.75665725245855,34.856375114679196,3.51,-1,841.663024426604,
2026-09-08T03:40:02.341726+00:00,92.61303236713775,57.75665725245855,34.856375114679196,3.4284,-1,841.663024426604,
2026-09-08T03:40:02.481686+00:00,92.61303236713775,57.75665725245855,34.856375114679196,3.3517,-1,841.663024426604,
2026-09-08T03:40:02.646010+00:00,92.61303236713775,57.75665725245855,34.856375114679196,3.2794,-1,841.663024426604,
2026-09-08T03:40:02.798649+00:00,92.61303236713775,57.75665725245855,34.856375114679196,3.2111,-1,841.663024426604,
2026-09-08T03:40:02.964339+00:00,92.61303236713775,57.75665725245855,34.856375114679196,3.1465,-1,841.663024426604,
2026-09-08T03:40:03.192566+00:00,92.61303236713775,57.75665725245855,34.856375114679196,3.0851,-1,841.663024426604,
2026-09-08T03:40:03.333134+00:00,92.61336057603505,57.74691983653615,34.8664407394989,3.028,-1,841.6126963025055,
2026-09-08T03:40:03.494929+00:00,92.61336057603505,57.74691983653615,34.8664407394989,2.9724,-1,841.6126963025055,
2026-09-08T03:40:03.637747+00:00,92.61336057603505,57.74691983653615,34.8664407394989,2.9194,-1,841.6126963025055,
2026-09-08T03:40:03.784174+00:00,92.61336057603505,57.74691983653615,34.8664407394989,2.8688,-1,841.6126963025055,
2026-09-08T03:40:03.933230+00:00,92.61336057603505,57.74691983653615,34.8664407394989,2.8204,-1,841.6126963025055,
2026-09-08T03:40:04.087129+00:00,92.61336057603505,57.74691983653615,34.8664407394989,2.774,-1,841.6126963025055,
2026-09-08T03:40:04.238525+00:00,92.6105177327315,57.748369848252906,34.86214788447859,2.7291,-1,841.634160577607,
2026-09-08T03:40:04.389206+00:00,92.6105177327315,57.748369848252906,34.86214788447859,2.6863,-1,841.634160577607,
2026-09-08T03:40:04.544988+00:00,92.6105177327315,57.748369848252906,34.86214788447859,2.6453,-1,841.634160577607,
2026-09-08T03:40:04.697366+00:00,92.6105177327315,57.748369848252906,34.86214788447859,2.6057,-1,841.634160577607,
2026-09-08T03:40:04.853119+00:00,92.6105177327315,57.748369848252906,34.86214788447859,2.5676,-1,841.634160577607,
2026-09-08T03:40:04.998349+00:00,92.6105177327315,57.748369848252906,34.86214788447859,2.5309,-1,841.634160577607,
2026-09-08T03:40:05.169286+00:00,92.61372178777475,57.751848382506054,34.861873405268696,2.4953,-1,841.6355329736565,
2026-09-08T03:40:05.315786+00:00,92.61372178777475,57.751848382506054,34.861873405268696,2.4611,-1,841.6355329736565,
2026-09-08T03:40:05.462227+00:00,92.61372178777475,57.751848382506054,34.861873405268696,2.4279,-1,841.6355329736565,
2026-09-08T03:40:05.610166+00:00,92.61372178777475,57.751848382506054,34.861873405268696,2.3958,-1,841.6355329736565,
2026-09-08T03:40:05.759481+00:00,92.61372178777475,57.751848382506054,34.861873405268696,2.3647,-1,841.6355329736565,
2026-09-08T03:40:05.915261+00:00,92.61372178777475,57.751848382506054,34.861873405268696,2.3345,-1,841.6355329736565,
2026-09-08T03:40:06.091870+00:00,92.61372178777475,57.751848382506054,34.861873405268696,2.3053,-1,841.6355329736565,
2026-09-08T03:40:06.242051+00:00,92.61515597516858,57.76891454428342,34.84624143088516,2.2755,-1,841.7136928455742,
2026-09-08T03:40:06.380642+00:00,92.61515597516858,57.76891454428342,34.84624143088516,2.2479,-1,841.7136928455742,
2026-09-08T03:40:06.531446+00:00,92.61515597516858,57.76891454428342,34.84624143088516,2.2211,-1,841.7136928455742,
2026-09-08T03:40:06.698561+00:00,92.61515597516858,57.76891454428342,34.84624143088516,2.1951,-1,841.7136928455742,
2026-09-08T03:40:06.846499+00:00,92.61515597516858,57.76891454428342,34.84624143088516,2.1697,-1,841.7136928455742,
2026-09-08T03:40:06.983451+00:00,92.56674482723352,57.81732569221847,34.74941913501505,2.1367,-1,842.2034088645233,
2026-09-08T03:40:07.138689+00:00,92.5125311671296,57.8715393523224,34.640991814807194,2.1035,-1,842.7401205913933,
2026-09-08T03:40:07.289035+00:00,92.43360503543728,57.953789593985015,34.47981544145227,2.0668,-1,843.5523520558263,
2026-09-08T03:40:07.439734+00:00,92.29085225179819,58.096542377624104,34.19430987417408,2.0205,-1,844.9845801442052,
2026-09-08T03:40:07.591947+00:00,92.09754953527052,58.28984509415177,33.807704441118744,1.9669,-1,846.9200051191917,
2026-09-08T03:40:07.745606+00:00,91.8417769786931,58.545617650729184,33.29615932796392,1.9042,-1,849.4944591542695,
2026-09-08T03:40:07.896908+00:00,91.52614245557386,58.86125217384843,32.664890281725434,1.8331,-1,852.6998011064572,
2026-09-08T03:40:08.050031+00:00,91.19509093563498,59.19230369378731,32.00278724184767,1.761,-1,855.9512055281273,
2026-09-08T03:40:08.202573+00:00,90.87009375560278,59.52106538111276,31.349028374490018,1.6911,-1,859.2257270197836,
2026-09-08T03:40:08.356519+00:00,90.5409953947237,59.85016374199184,30.690831652731852,1.6223,-1,862.5133438176396,
2026-09-08T03:40:08.505992+00:00,90.21643482060087,60.17472431611468,30.04171050448619,1.5555,-1,865.7541266916106,
2026-09-08T03:40:08.662449+00:00,89.88553094988204,60.505628186833505,29.379902763048534,1.4888,-1,869.0635025907892,
2026-09-08T03:40:08.812456+00:00,89.5633935600178,60.82776557669774,28.735627983320057,1.4246,-1,872.2801609105351,
2026-09-08T03:40:08.964347+00:00,89.234748364738,61.15641077197755,28.078337592760448,1.3603,-1,875.5612280094251,
2026-09-08T03:40:09.135114+00:00,88.89679564872804,61.4943634879875,27.402432160740545,1.2953,-1,878.995421143733,
2026-09-08T03:40:09.279213+00:00,88.5575412261955,61.82016700011179,26.73737422608371,1.2321,-1,882.2540030015742,
2026-09-08T03:40:09.429684+00:00,88.23598728065411,62.14172094565317,26.094266335000945,1.1714,-1,885.4944844463419,
2026-09-08T03:40:09.583391+00:00,87.91243317353306,62.46527505277423,25.44715812075883,1.111,-1,888.7295963641101,
2026-09-08T03:40:09.731875+00:00,87.6013051021568,62.776403124150484,24.824901978006316,1.0532,-1,891.8417149488791,
2026-09-08T03:40:09.896381+00:00,87.23574351468689,63.1419647116204,24.093778803066485,0.9871,-1,895.492007277305,
2026-09-08T03:40:10.033142+00:00,86.94242582206647,63.435282404240816,23.507143417825652,0.9333,-1,898.4399440165454,
2026-09-08T03:40:10.186516+00:00,86.6219119238316,63.77183843918887,22.850073484642735,0.8741,-1,901.7360736082151,
2026-09-08T03:40:10.349490+00:00,86.28350246594368,64.11024789707679,22.173254568866895,0.8138,-1,905.1029305238251,
2026-09-08T03:40:10.489477+00:00,85.96897386443351,64.42477649858697,21.544197365846543,0.7577,-1,908.2884445651808,
2026-09-08T03:40:10.638395+00:00,85.65005512538713,64.74369523763335,20.90635988775378,0.7012,-1,911.4291938153204,
2026-09-08T03:40:10.798835+00:00,85.30703890965401,65.08671145336646,20.22032745628755,0.6411,-1,914.8673208561835,
2026-09-08T03:40:10.948971+00:00,84.99110431972306,65.40264604329741,19.588458276425655,0.5856,-1,918.0243217384684,
2026-09-08T03:40:11.092197+00:00,84.67727871242326,65.71647165059721,18.960807061826046,0.5308,-1,921.160380954559,
2026-09-08T03:40:11.381653+00:00,84.34738645504324,66.0367489987531,18.310637456290138,0.4742,0,924.4154898628451,buy 5x BTC-MINI; sell 5x ETH-MINI
2026-09-08T03:40:11.535954+00:00,83.72382497057015,66.66031048322618,17.063514487343966,0.3694,0,923.295,
2026-09-08T03:40:11.674246+00:00,83.43127873235211,66.95285672144422,16.47842201090789,0.3187,0,923.295,
2026-09-08T03:40:11.826728+00:00,83.10567797202845,67.27845748176789,15.827220490260558,0.2627,0,923.295,
2026-09-08T03:40:11.983109+00:00,82.76488875612313,67.6192466976732,15.145642058449923,0.2044,0,923.295,
2026-09-08T03:40:12.131191+00:00,82.45052057625688,67.93361487753945,14.516905698717423,0.1505,0,923.295,
2026-09-08T03:40:12.300297+00:00,82.09364185110678,68.2835339648894,13.81010788621738,0.0904,0,923.295,
2026-09-08T03:40:12.445039+00:00,81.79827443990203,68.57890137609415,13.219373063807879,0.0398,0,923.295,
2026-09-08T03:40:12.591995+00:00,81.46867437821292,68.90850143778326,12.560172940429666,-0.0163,0,923.295,
2026-09-08T03:40:12.768482+00:00,81.08991530059583,69.28726051540035,11.802654785195486,-0.0803,0,923.295,
2026-09-08T03:40:12.909913+00:00,80.78992171746158,69.5872540985346,11.20266761892698,-0.1313,0,923.295,
2026-09-08T03:40:13.062370+00:00,80.46088619690799,69.91628961908819,10.544596577819803,-0.1869,0,923.295,
2026-09-08T03:40:13.211380+00:00,80.13444444382246,70.24723909212712,9.887205351695343,-0.2424,0,923.295,
2026-09-08T03:40:13.364913+00:00,79.8100345843014,70.57164895164817,9.238385632653234,-0.2971,0,923.295,
2026-09-08T03:40:13.515541+00:00,79.48715690474906,70.89452663120052,8.592630273548536,-0.3514,0,923.295,
2026-09-08T03:40:13.693813+00:00,79.10788131031023,71.27380222563934,7.83407908467089,-0.4147,0,923.295,
2026-09-08T03:40:13.832798+00:00,78.8131274863487,71.56855604960087,7.244571436747833,-0.464,0,923.295,
2026-09-08T03:40:13.984521+00:00,78.53015801155622,71.85152552439335,6.678632487162872,-0.5113,0,923.295,
2026-09-08T03:40:14.137059+00:00,78.25713042121329,72.12455311473629,6.132577306477003,-0.5567,0,923.295,
2026-09-08T03:40:14.289201+00:00,78.01424300333512,72.37081078741103,5.6434322159240935,-0.5973,0,923.295,
2026-09-08T03:40:14.445288+00:00,77.83200759209986,72.5530461986463,5.278961393453557,-0.6275,0,923.295,
2026-09-08T03:40:14.591052+00:00,77.69970392843736,72.6853498623088,5.014354066128561,-0.6494,0,923.295,
2026-09-08T03:40:14.742452+00:00,77.62872058667536,72.7563332040708,4.872387382604558,-0.6611,0,923.295,
2026-09-08T03:40:14.893428+00:00,77.61972198830412,72.76533180244203,4.854390185862087,-0.6626,0,923.295,
2026-09-08T03:40:15.046733+00:00,77.61972198830412,72.76533180244203,4.854390185862087,-0.6626,0,923.295,
2026-09-08T03:40:15.198977+00:00,77.62013874955069,72.7525975362576,4.867541213293094,-0.6616,0,923.295,
2026-09-08T03:40:15.356552+00:00,77.62013874955069,72.7525975362576,4.867541213293094,-0.6616,0,923.295,
2026-09-08T03:40:15.499771+00:00,77.62013874955069,72.7525975362576,4.867541213293094,-0.6616,0,923.295,
2026-09-08T03:40:15.690344+00:00,77.62013874955069,72.7525975362576,4.867541213293094,-0.6616,0,923.295,
2026-09-08T03:40:15.826773+00:00,77.62013874955069,72.7525975362576,4.867541213293094,-0.6617,0,923.295,
2026-09-08T03:40:15.976774+00:00,77.62013874955069,72.7525975362576,4.867541213293094,-0.6617,0,923.295,
2026-09-08T03:40:16.169926+00:00,77.61959411172757,72.74180312944165,4.877790982285916,-0.6609,0,923.295,
2026-09-08T03:40:16.318533+00:00,77.61959411172757,72.74180312944165,4.877790982285916,-0.6609,0,923.295,
2026-09-08T03:40:16.467342+00:00,77.61959411172757,72.74180312944165,4.877790982285916,-0.661,0,923.295,
2026-09-08T03:40:16.611745+00:00,77.61959411172757,72.74180312944165,4.877790982285916,-0.661,0,923.295,
2026-09-08T03:40:16.764611+00:00,77.61959411172757,72.74180312944165,4.877790982285916,-0.661,0,923.295,
2026-09-08T03:40:16.912265+00:00,77.61959411172757,72.74180312944165,4.877790982285916,-0.661,0,923.295,
2026-09-08T03:40:17.068297+00:00,77.61959411172757,72.74180312944165,4.877790982285916,-0.6611,0,923.295,
2026-09-08T03:40:17.224474+00:00,77.61988011902191,72.74831261444962,4.8715675045722975,-0.6616,0,923.295,
2026-09-08T03:40:17.367433+00:00,77.61988011902191,72.74831261444962,4.8715675045722975,-0.6616,0,923.295,
2026-09-08T03:40:17.519579+00:00,77.61988011902191,72.74831261444962,4.8715675045722975,-0.6616,0,923.295,
2026-09-08T03:40:17.671972+00:00,77.61988011902191,72.74831261444962,4.8715675045722975,-0.6617,0,923.295,
2026-09-08T03:40:17.830439+00:00,77.61988011902191,72.74831261444962,4.8715675045722975,-0.6617,0,923.295,
2026-09-08T03:40:17.986414+00:00,77.61988011902191,72.74831261444962,4.8715675045722975,-0.6617,0,923.295,
2026-09-08T03:40:18.126491+00:00,77.61988011902191,72.74831261444962,4.8715675045722975,-0.6617,0,923.295,
2026-09-08T03:40:18.280783+00:00,77.6151951351522,72.74558076165717,4.86961437349504,-0.6619,0,923.295,
2026-09-08T03:40:18.427342+00:00,77.6151951351522,72.74558076165717,4.86961437349504,-0.6619,0,923.295,
2026-09-08T03:40:18.582731+00:00,77.6151951351522,72.74558076165717,4.86961437349504,-0.662,0,923.295,
2026-09-08T03:40:18.751515+00:00,77.6151951351522,72.74558076165717,4.86961437349504,-0.662,0,923.295,
2026-09-08T03:40:18.892502+00:00,77.6151951351522,72.74558076165717,4.86961437349504,-0.662,0,923.295,
2026-09-08T03:40:19.060702+00:00,77.6151951351522,72.74558076165717,4.86961437349504,-0.662,0,923.295,
2026-09-08T03:40:19.208706+00:00,77.61483021724291,72.74710814072907,4.867722076513843,-0.6622,0,923.295,
2026-09-08T03:40:19.366875+00:00,77.61483021724291,72.74710814072907,4.867722076513843,-0.6623,0,923.295,
2026-09-08T03:40:19.508391+00:00,77.61483021724291,72.74710814072907,4.867722076513843,-0.6623,0,923.295,
2026-09-08T03:40:19.666895+00:00,77.61483021724291,72.74710814072907,4.867722076513843,-0.6623,0,923.295,
2026-09-08T03:40:19.813356+00:00,77.61483021724291,72.74710814072907,4.867722076513843,-0.6623,0,923.295,
2026-09-08T03:40:19.971701+00:00,77.61483021724291,72.74710814072907,4.867722076513843,-0.6624,0,923.295,
2026-09-08T03:40:20.111277+00:00,77.61483021724291,72.74710814072907,4.867722076513843,-0.6624,0,923.295,
2026-09-08T03:40:20.283730+00:00,77.61487269109617,72.73809386703871,4.876778824057453,-0.6617,0,923.295,
2026-09-08T03:40:20.427315+00:00,77.61487269109617,72.73809386703871,4.876778824057453,-0.6617,0,923.295,
2026-09-08T03:40:20.605354+00:00,77.61487269109617,72.73809386703871,4.876778824057453,-0.6617,0,923.295,
2026-09-08T03:40:20.741731+00:00,77.61487269109617,72.73809386703871,4.876778824057453,-0.6618,0,923.295,
2026-09-08T03:40:20.897235+00:00,77.61487269109617,72.73809386703871,4.876778824057453,-0.6618,0,923.295,
2026-09-08T03:40:21.049687+00:00,77.61487269109617,72.73809386703871,4.876778824057453,-0.6618,0,923.295,
2026-09-08T03:40:21.203601+00:00,77.61324982122395,72.74636772473828,4.866882096485668,-0.6627,0,923.295,
2026-09-08T03:40:21.385380+00:00,77.61324982122395,72.74636772473828,4.866882096485668,-0.6627,0,923.295,
2026-09-08T03:40:21.520827+00:00,77.61324982122395,72.74636772473828,4.866882096485668,-0.6627,0,923.295,
2026-09-08T03:40:21.681122+00:00,77.61324982122395,72.74636772473828,4.866882096485668,-0.6628,0,923.295,
2026-09-08T03:40:21.824134+00:00,77.61324982122395,72.74636772473828,4.866882096485668,-0.6628,0,923.295,
2026-09-08T03:40:21.978624+00:00,77.61324982122395,72.74636772473828,4.866882096485668,-0.6628,0,923.295,
2026-09-08T03:40:22.201974+00:00,77.61324982122395,72.74636772473828,4.866882096485668,-0.6629,0,923.295,
2026-09-08T03:40:22.341712+00:00,77.61220231576775,72.75920278150983,4.852999534257918,-0.664,0,923.295,
2026-09-08T03:40:22.489217+00:00,77.61220231576775,72.75920278150983,4.852999534257918,-0.6641,0,923.295,
2026-09-08T03:40:22.643055+00:00,77.61220231576775,72.75920278150983,4.852999534257918,-0.6641,0,923.295,
2026-09-08T03:40:22.795958+00:00,77.61220231576775,72.75920278150983,4.852999534257918,-0.6641,0,923.295,
2026-09-08T03:40:23.008464+00:00,77.61220231576775,72.75920278150983,4.852999534257918,-0.6641,0,923.295,
2026-09-08T03:40:23.142069+00:00,77.61220231576775,72.75920278150983,4.852999534257918,-0.6642,0,923.295,
2026-09-08T03:40:23.294346+00:00,77.61331469865888,72.77554221840806,4.83777248025082,-0.6654,0,923.295,
2026-09-08T03:40:23.452076+00:00,77.61331469865888,72.77554221840806,4.83777248025082,-0.6655,0,923.295,
2026-09-08T03:40:23.603704+00:00,77.61331469865888,72.77554221840806,4.83777248025082,-0.6655,0,923.295,
2026-09-08T03:40:23.763055+00:00,77.61331469865888,72.77554221840806,4.83777248025082,-0.6655,0,923.295,
2026-09-08T03:40:23.900617+00:00,77.61331469865888,72.77554221840806,4.83777248025082,-0.6655,0,923.295,
2026-09-08T03:40:24.056803+00:00,77.61331469865888,72.77554221840806,4.83777248025082,-0.6655,0,923.295,
2026-09-08T03:40:24.211406+00:00,77.61192776431628,72.78030465957836,4.831623104737915,-0.6661,0,923.295,
2026-09-08T03:40:24.363860+00:00,77.61192776431628,72.78030465957836,4.831623104737915,-0.6661,0,923.295,
2026-09-08T03:40:24.692319+00:00,77.61192776431628,72.78030465957836,4.831623104737915,-0.6661,0,923.295,
2026-09-08T03:40:24.830618+00:00,77.61192776431628,72.78030465957836,4.831623104737915,-0.6661,0,923.295,
2026-09-08T03:40:24.981065+00:00,77.61192776431628,72.78030465957836,4.831623104737915,-0.6662,0,923.295,
2026-09-08T03:40:25.131570+00:00,77.61192776431628,72.78030465957836,4.831623104737915,-0.6662,0,923.295,
2026-09-08T03:40:25.285548+00:00,77.61178014809448,72.79011514114403,4.821665006950454,-0.667,0,923.295,
2026-09-08T03:40:25.451674+00:00,77.61178014809448,72.79011514114403,4.821665006950454,-0.6671,0,923.295,
2026-09-08T03:40:25.585256+00:00,77.61178014809448,72.79011514114403,4.821665006950454,-0.6671,0,923.295,
2026-09-08T03:40:25.743571+00:00,77.61178014809448,72.79011514114403,4.821665006950454,-0.6671,0,923.295,
2026-09-08T03:40:25.906401+00:00,77.61178014809448,72.79011514114403,4.821665006950454,-0.6671,0,923.295,
2026-09-08T03:40:26.045469+00:00,77.61178014809448,72.79011514114403,4.821665006950454,-0.6672,0,923.295,
2026-09-08T03:40:26.196670+00:00,77.61178014809448,72.79011514114403,4.821665006950454,-0.6672,0,923.295,
2026-09-08T03:40:26.352313+00:00,77.60976812424833,72.80160735601596,4.808160768232369,-0.6683,0,923.295,
2026-09-08T03:40:26.503029+00:00,77.60976812424833,72.80160735601596,4.808160768232369,-0.6683,0,923.295,
2026-09-08T03:40:26.652434+00:00,77.60976812424833,72.80160735601596,4.808160768232369,-0.6684,0,923.295,
2026-09-08T03:40:26.835938+00:00,77.60976812424833,72.80160735601596,4.808160768232369,-0.6684,0,923.295,
2026-09-08T03:40:27.026469+00:00,77.60976812424833,72.80160735601596,4.808160768232369,-0.6684,0,923.295,
2026-09-08T03:40:27.192753+00:00,77.60976812424833,72.80160735601596,4.808160768232369,-0.6684,0,923.295,
2026-09-08T03:40:27.337656+00:00,77.60914814772778,72.82978976574671,4.779358381981069,-0.6708,0,923.295,
2026-09-08T03:40:27.503202+00:00,77.60914814772778,72.82978976574671,4.779358381981069,-0.6708,0,923.295,
2026-09-08T03:40:27.639726+00:00,77.60914814772778,72.82978976574671,4.779358381981069,-0.6708,0,923.295,
2026-09-08T03:40:27.795296+00:00,77.60914814772778,72.82978976574671,4.779358381981069,-0.6708,0,923.295,
2026-09-08T03:40:27.981104+00:00,77.60914814772778,72.82978976574671,4.779358381981069,-0.6708,0,923.295,
2026-09-08T03:40:28.126977+00:00,77.60914814772778,72.82978976574671,4.779358381981069,-0.6708,0,923.295,
2026-09-08T03:40:28.276783+00:00,77.61008349000271,72.82903502983454,4.781048460168165,-0.6707,0,923.295,
2026-09-08T03:40:28.445767+00:00,77.61008349000271,72.82903502983454,4.781048460168165,-0.6707,0,923.295,
2026-09-08T03:40:28.583320+00:00,77.61008349000271,72.82903502983454,4.781048460168165,-0.6707,0,923.295,
2026-09-08T03:40:28.754309+00:00,77.61008349000271,72.82903502983454,4.781048460168165,-0.6707,0,923.295,
2026-09-08T03:40:41.694984+00:00,77.60423793442258,72.8226015968978,4.7816363375247875,,0,923.295,
2026-09-08T03:40:41.852641+00:00,77.60423793442258,72.8226015968978,4.7816363375247875,,0,923.295,
2026-09-08T03:40:41.988640+00:00,77.60423793442258,72.8226015968978,4.7816363375247875,,0,923.295,
2026-09-08T03:40:42.182201+00:00,77.60423793442258,72.8226015968978,4.7816363375247875,,0,923.295,
2026-09-08T03:40:42.317748+00:00,77.60546208297616,72.81621073154184,4.7892513514343165,,0,923.295,
2026-09-08T03:40:42.475445+00:00,77.60546208297616,72.81621073154184,4.7892513514343165,,0,923.295,
2026-09-08T03:40:42.630442+00:00,77.60546208297616,72.81621073154184,4.7892513514343165,,0,923.295,
2026-09-08T03:40:42.794549+00:00,77.60546208297616,72.81621073154184,4.7892513514343165,,0,923.295,
2026-09-08T03:40:42.931116+00:00,77.60546208297616,72.81621073154184,4.7892513514343165,,0,923.295,
2026-09-08T03:40:43.092649+00:00,77.60546208297616,72.81621073154184,4.7892513514343165,,0,923.295,
2026-09-08T03:40:43.241467+00:00,77.60546208297616,72.81621073154184,4.7892513514343165,,0,923.295,
2026-09-08T03:40:43.424382+00:00,77.6079156226933,72.81484014758979,4.793075475103507,,0,923.295,
2026-09-08T03:40:43.611021+00:00,77.6079156226933,72.81484014758979,4.793075475103507,,0,923.295,
2026-09-08T03:40:43.761452+00:00,77.6079156226933,72.81484014758979,4.793075475103507,,0,923.295,
2026-09-08T03:40:43.898428+00:00,77.6079156226933,72.81484014758979,4.793075475103507,,0,923.295,
2026-09-08T03:40:44.055481+00:00,77.6079156226933,72.81484014758979,4.793075475103507,,0,923.295,
2026-09-08T03:40:44.208985+00:00,77.6079156226933,72.81484014758979,4.793075475103507,,0,923.295,
2026-09-08T03:40:44.355608+00:00,77.60564951076478,72.8360009522953,4.769648558469484,,0,923.295,
2026-09-08T03:40:44.522463+00:00,77.60564951076478,72.8360009522953,4.769648558469484,,0,923.295,
2026-09-08T03:40:44.660562+00:00,77.60564951076478,72.8360009522953,4.769648558469484,,0,923.295,
2026-09-08T03:40:44.810777+00:00,77.60564951076478,72.8360009522953,4.769648558469484,,0,923.295,
2026-09-08T03:40:44.966362+00:00,77.60564951076478,72.8360009522953,4.769648558469484,,0,923.295,
2026-09-08T03:40:45.123583+00:00,77.60564951076478,72.8360009522953,4.769648558469484,,0,923.295,
2026-09-08T03:40:45.267616+00:00,77.6079084188209,72.83849073663156,4.769417682189342,,0,923.295,
2026-09-08T03:40:45.421010+00:00,77.6079084188209,72.83849073663156,4.769417682189342,,0,923.295,
2026-09-08T03:40:45.570644+00:00,77.6079084188209,72.83849073663156,4.769417682189342,,0,923.295,
2026-09-08T03:40:45.731118+00:00,77.6079084188209,72.83849073663156,4.769417682189342,,0,923.295,
2026-09-08T03:40:45.872480+00:00,77.6079084188209,72.83849073663156,4.769417682189342,,0,923.295,
2026-09-08T03:40:46.028427+00:00,77.6079084188209,72.83849073663156,4.769417682189342,,0,923.295,
2026-09-08T03:40:46.178876+00:00,77.6079084188209,72.83849073663156,4.769417682189342,,0,923.295,
2026-09-08T03:40:46.334042+00:00,77.60711858992994,72.82059175424904,4.7865268356809025,,0,923.295,
2026-09-08T03:40:46.477254+00:00,77.60711858992994,72.82059175424904,4.7865268356809025,,0,923.295,
2026-09-08T03:40:46.660980+00:00,77.60711858992994,72.82059175424904,4.7865268356809025,,0,923.295,
2026-09-08T03:40:46.796045+00:00,77.60711858992994,72.82059175424904,4.7865268356809025,,0,923.295,
2026-09-08T03:40:46.951674+00:00,77.60711858992994,72.82059175424904,4.7865268356809025,,0,923.295,
2026-09-08T03:40:47.102144+00:00,77.60711858992994,72.82059175424904,4.7865268356809025,,0,923.295,
2026-09-08T03:40:47.257851+00:00,77.60711858992994,72.82059175424904,4.7865268356809025,,0,923.295,
2026-09-08T03:40:47.412867+00:00,77.60895343516384,72.81351052656683,4.7954429085970105,,0,923.295,
2026-09-08T03:40:47.572891+00:00,77.60895343516384,72.81351052656683,4.7954429085970105,,0,923.295,
2026-09-08T03:40:47.713477+00:00,77.60895343516384,72.81351052656683,4.7954429085970105,,0,923.295,
2026-09-08T03:40:47.890591+00:00,77.60895343516384,72.81351052656683,4.7954429085970105,,0,923.295,
2026-09-08T03:40:48.036719+00:00,77.60895343516384,72.81351052656683,4.7954429085970105,,0,923.295,
2026-09-08T03:40:48.181231+00:00,77.60895343516384,72.81351052656683,4.7954429085970105,,0,923.295,
2026-09-08T03:40:48.365386+00:00,77.61205083484602,72.79401747465117,4.818033360194846,,0,923.295,
2026-09-08T03:40:48.505371+00:00,77.61205083484602,72.79401747465117,4.818033360194846,,0,923.295,
2026-09-08T03:40:48.672304+00:00,77.61205083484602,72.79401747465117,4.818033360194846,,0,923.295,
2026-09-08T03:40:48.818509+00:00,77.61205083484602,72.79401747465117,4.818033360194846,,0,923.295,
2026-09-08T03:40:48.962563+00:00,77.61205083484602,72.79401747465117,4.818033360194846,,0,923.295,
2026-09-08T03:40:49.118516+00:00,77.61205083484602,72.79401747465117,4.818033360194846,,0,923.295,
2026-09-08T03:40:49.268921+00:00,77.61366502942573,72.80769321730935,4.805971812116383,,0,923.295,
2026-09-08T03:40:49.414652+00:00,77.61366502942573,72.80769321730935,4.805971812116383,,0,923.295,
2026-09-08T03:40:49.581015+00:00,77.61366502942573,72.80769321730935,4.805971812116383,,0,923.295,
2026-09-08T03:40:49.719911+00:00,77.61366502942573,72.80769321730935,4.805971812116383,,0,923.295,
2026-09-08T03:40:49.876222+00:00,77.61366502942573,72.80769321730935,4.805971812116383,,0,923.295,
2026-09-08T03:40:50.033804+00:00,77.61366502942573,72.80769321730935,4.805971812116383,,0,923.295,
2026-09-08T03:40:50.171598+00:00,77.61366502942573,72.80769321730935,4.805971812116383,,0,923.295,
2026-09-08T03:40:50.324180+00:00,77.61212361541105,72.79992971598669,4.812193899424358,,0,923.295,
2026-09-08T03:40:50.481576+00:00,77.61212361541105,72.79992971598669,4.812193899424358,,0,923.295,
2026-09-08T03:40:50.627111+00:00,77.61212361541105,72.79992971598669,4.812193899424358,,0,923.295,
2026-09-08T03:40:50.784035+00:00,77.61212361541105,72.79992971598669,4.812193899424358,,0,923.295,
2026-09-08T03:40:50.929887+00:00,77.61212361541105,72.79992971598669,4.812193899424358,,0,923.295,
2026-09-08T03:40:51.104729+00:00,77.61212361541105,72.79992971598669,4.812193899424358,,0,923.295,
2026-09-08T03:40:51.251871+00:00,77.61212361541105,72.79992971598669,4.812193899424358,,0,923.295,
2026-09-08T03:40:51.390867+00:00,77.61288426948774,72.81119716422317,4.801687105264563,,0,923.295,
2026-09-08T03:40:51.547454+00:00,77.61288426948774,72.81119716422317,4.801687105264563,,0,923.295,
2026-09-08T03:40:51.695033+00:00,77.61288426948774,72.81119716422317,4.801687105264563,,0,923.295,
2026-09-08T03:40:51.852371+00:00,77.61288426948774,72.81119716422317,4.801687105264563,,0,923.295,
2026-09-08T03:40:52.005689+00:00,77.61288426948774,72.81119716422317,4.801687105264563,,0,923.295,
2026-09-08T03:40:52.161326+00:00,77.61288426948774,72.81119716422317,4.801687105264563,,0,923.295,
2026-09-08T03:40:52.375520+00:00,77.61386400650443,72.8213844972687,4.792479509235733,,0,923.295,
2026-09-08T03:40:52.526898+00:00,77.61386400650443,72.8213844972687,4.792479509235733,,0,923.295,
2026-09-08T03:40:52.670937+00:00,77.61386400650443,72.8213844972687,4.792479509235733,,0,923.295,
2026-09-08T03:40:52.822135+00:00,77.61386400650443,72.8213844972687,4.792479509235733,,0,923.295,
2026-09-08T03:40:52.992517+00:00,77.61386400650443,72.8213844972687,4.792479509235733,,0,923.295,
2026-09-08T03:40:53.157988+00:00,77.61386400650443,72.8213844972687,4.792479509235733,,0,923.295,
2026-09-08T03:40:53.298940+00:00,77.61415979423009,72.84921143260634,4.764948361623752,,0,923.295,
2026-09-08T03:40:53.481776+00:00,77.61415979423009,72.84921143260634,4.764948361623752,,0,923.295,
2026-09-08T03:40:53.617739+00:00,77.61415979423009,72.84921143260634,4.764948361623752,,0,923.295,
2026-09-08T03:40:53.773317+00:00,77.61415979423009,72.84921143260634,4.764948361623752,,0,923.295,
2026-09-08T03:40:53.937894+00:00,77.61415979423009,72.84921143260634,4.764948361623752,,0,923.295,
2026-09-08T03:40:54.083850+00:00,77.61415979423009,72.84921143260634,4.764948361623752,,0,923.295,
2026-09-08T03:40:54.227051+00:00,77.61415979423009,72.84921143260634,4.764948361623752,,0,923.295,
2026-09-08T03:40:54.404537+00:00,77.61323265545744,72.84517111901405,4.768061536443383,,0,923.295,
2026-09-08T03:40:54.557493+00:00,77.61323265545744,72.84517111901405,4.768061536443383,,0,923.295,
2026-09-08T03:40:54.700783+00:00,77.61323265545744,72.84517111901405,4.768061536443383,,0,923.295,
2026-09-08T03:40:54.845609+00:00,77.61323265545744,72.84517111901405,4.768061536443383,,0,923.295,
2026-09-08T03:40:55.004520+00:00,77.61323265545744,72.84517111901405,4.768061536443383,,0,923.295,
2026-09-08T03:40:55.155366+00:00,77.61323265545744,72.84517111901405,4.768061536443383,,0,923.295,
2026-09-08T03:40:55.330803+00:00,77.61394858953308,72.8633294613052,4.750619128227882,,0,923.295,
2026-09-08T03:40:55.467925+00:00,77.61394858953308,72.8633294613052,4.750619128227882,,0,923.295,
2026-09-08T03:40:55.622897+00:00,77.61394858953308,72.8633294613052,4.750619128227882,,0,923.295,
2026-09-08T03:40:55.771694+00:00,77.61394858953308,72.8633294613052,4.750619128227882,,0,923.295,
2026-09-08T03:40:55.926873+00:00,77.61394858953308,72.8633294613052,4.750619128227882,,0,923.295,
2026-09-08T03:40:56.095861+00:00,77.61394858953308,72.8633294613052,4.750619128227882,,0,923.295,
2026-09-08T03:40:56.237071+00:00,77.61394858953308,72.8633294613052,4.750619128227882,,0,923.295,
2026-09-08T03:40:56.386502+00:00,77.61415644169917,72.85917060685406,4.754985834845101,,0,923.295,
2026-09-08T03:40:56.540491+00:00,77.61415644169917,72.85917060685406,4.754985834845101,,0,923.295,
2026-09-08T03:40:56.690091+00:00,77.61415644169917,72.85917060685406,4.754985834845101,,0,923.295,
2026-09-08T03:40:56.842150+00:00,77.61415644169917,72.85917060685406,4.754985834845101,,0,923.295,
2026-09-08T03:40:57.024176+00:00,77.61415644169917,72.85917060685406,4.754985834845101,,0,923.295,
2026-09-08T03:40:57.164690+00:00,77.61415644169917,72.85917060685406,4.754985834845101,,0,923.295,
2026-09-08T03:40:57.317361+00:00,77.61275757972128,72.84825051447358,4.764507065247699,,0,923.295,
2026-09-08T03:40:57.464633+00:00,77.61275757972128,72.84825051447358,4.764507065247699,,0,923.295,
2026-09-08T03:40:57.616531+00:00,77.61275757972128,72.84825051447358,4.764507065247699,,0,923.295,
2026-09-08T03:40:57.773354+00:00,77.61275757972128,72.84825051447358,4.764507065247699,,0,923.295,
2026-09-08T03:40:57.918018+00:00,77.61275757972128,72.84825051447358,4.764507065247699,,0,923.295,
2026-09-08T03:40:58.076015+00:00,77.61275757972128,72.84825051447358,4.764507065247699,,0,923.295,
2026-09-08T03:40:58.225122+00:00,77.61275757972128,72.84825051447358,4.764507065247699,,0,923.295,
2026-09-08T03:40:58.374632+00:00,77.61116940180557,72.85235486398611,4.758814537819461,,0,923.295,
2026-09-08T03:40:58.525147+00:00,77.61116940180557,72.85235486398611,4.758814537819461,,0,923.295,
2026-09-08T03:40:58.681931+00:00,77.61116940180557,72.85235486398611,4.758814537819461,,0,923.295,
2026-09-08T03:40:58.868865+00:00,77.61116940180557,72.85235486398611,4.758814537819461,,0,923.295,
2026-09-08T03:40:59.012205+00:00,77.61116940180557,72.85235486398611,4.758814537819461,,0,923.295,
2026-09-08T03:40:59.158311+00:00,77.61116940180557,72.85235486398611,4.758814537819461,,0,923.295,
2026-09-08T03:40:59.309978+00:00,77.61044938424334,72.85946487135516,4.750984512888181,,0,923.295,
2026-09-08T03:40:59.476364+00:00,77.61044938424334,72.85946487135516,4.750984512888181,,0,923.295,
2026-09-08T03:40:59.636252+00:00,77.61044938424334,72.85946487135516,4.750984512888181,,0,923.295,
2026-09-08T03:40:59.796805+00:00,77.61044938424334,72.85946487135516,4.750984512888181,,0,923.295,
2026-09-08T03:40:59.934929+00:00,77.61044938424334,72.85946487135516,4.750984512888181,,0,923.295,
2026-09-08T03:41:00.089817+00:00,77.61044938424334,72.85946487135516,4.750984512888181,,0,923.295,
2026-09-08T03:41:00.239583+00:00,77.61044938424334,72.85946487135516,4.750984512888181,,0,923.295,
2026-09-08T03:41:00.386744+00:00,77.60827499972595,72.85853341310037,4.749741586625575,,0,923.295,
2026-09-08T03:41:00.538542+00:00,77.60827499972595,72.85853341310037,4.749741586625575,,0,923.295,
2026-09-08T03:41:00.697524+00:00,77.60827499972595,72.85853341310037,4.749741586625575,,0,923.295,
2026-09-08T03:41:00.844946+00:00,77.60827499972595,72.85853341310037,4.749741586625575,,0,923.295,
2026-09-08T03:41:00.998464+00:00,77.60827499972595,72.85853341310037,4.749741586625575,,0,923.295,
2026-09-08T03:41:01.148458+00:00,77.60827499972595,72.85853341310037,4.749741586625575,,0,923.295,
2026-09-08T03:41:01.311450+00:00,77.60541760439018,72.86658364742819,4.738833956961997,,0,923.295,
2026-09-08T03:41:01.468258+00:00,77.60541760439018,72.86658364742819,4.738833956961997,,0,923.295,
2026-09-08T03:41:01.618248+00:00,77.60541760439018,72.86658364742819,4.738833956961997,,0,923.295,
2026-09-08T03:41:01.765892+00:00,77.60541760439018,72.86658364742819,4.738833956961997,,0,923.295,
2026-09-08T03:41:01.942504+00:00,77.60541760439018,72.86658364742819,4.738833956961997,,0,923.295,
2026-09-08T03:41:02.081406+00:00,77.60541760439018,72.86658364742819,4.738833956961997,,0,923.295,
2026-09-08T03:41:02.234583+00:00,77.60541760439018,72.86658364742819,4.738833956961997,,0,923.295,
2026-09-08T03:41:02.385865+00:00,77.60838300725433,72.86080154016197,4.74758146709236,,0,923.295,
2026-09-08T03:41:02.562303+00:00,77.60838300725433,72.86080154016197,4.74758146709236,,0,923.295,
2026-09-08T03:41:02.711124+00:00,77.60838300725433,72.86080154016197,4.74758146709236,,0,923.295,
2026-09-08T03:41:02.849919+00:00,77.60838300725433,72.86080154016197,4.74758146709236,,0,923.295,
2026-09-08T03:41:03.005487+00:00,77.60838300725433,72.86080154016197,4.74758146709236,,0,923.295,
2026-09-08T03:41:03.224152+00:00,77.60838300725433,72.86080154016197,4.74758146709236,,0,923.295,
2026-09-08T03:41:03.408645+00:00,77.60729247780775,72.86211313617372,4.745179341634028,,0,923.295,
2026-09-08T03:41:03.543791+00:00,77.60729247780775,72.86211313617372,4.745179341634028,,0,923.295,
2026-09-08T03:41:03.701799+00:00,77.60729247780775,72.86211313617372,4.745179341634028,,0,923.295,
2026-09-08T03:41:03.914184+00:00,77.60729247780775,72.86211313617372,4.745179341634028,,0,923.295,
2026-09-08T03:41:04.068604+00:00,77.60729247780775,72.86211313617372,4.745179341634028,,0,923.295,
2026-09-08T03:41:04.205856+00:00,77.60729247780775,72.86211313617372,4.745179341634028,,0,923.295,
2026-09-08T03:41:04.367364+00:00,77.60349688170466,72.8597058470218,4.743791034682857,,0,923.295,
2026-09-08T03:41:04.512092+00:00,77.60349688170466,72.8597058470218,4.743791034682857,,0,923.295,
2026-09-08T03:41:04.664444+00:00,77.60349688170466,72.8597058470218,4.743791034682857,,0,923.295,
2026-09-08T03:41:04.819307+00:00,77.60349688170466,72.8597058470218,4.743791034682857,,0,923.295,
2026-09-08T03:41:04.970740+00:00,77.60349688170466,72.8597058470218,4.743791034682857,,0,923.295,
2026-09-08T03:41:05.116681+00:00,77.60349688170466,72.8597058470218,4.743791034682857,,0,923.295,
2026-09-08T03:41:05.271181+00:00,77.60349688170466,72.8597058470218,4.743791034682857,,0,923.295,
2026-09-08T03:41:05.436340+00:00,77.60696108590444,72.8465129425199,4.760448143384551,,0,923.295,
2026-09-08T03:41:05.573935+00:00,77.60696108590444,72.8465129425199,4.760448143384551,,0,923.295,
2026-09-08T03:41:05.729904+00:00,77.60696108590444,72.8465129425199,4.760448143384551,,0,923.295,
2026-09-08T03:41:05.883344+00:00,77.60696108590444,72.8465129425199,4.760448143384551,,0,923.295,
2026-09-08T03:41:06.032163+00:00,77.60696108590444,72.8465129425199,4.760448143384551,,0,923.295,
2026-09-08T03:41:06.182226+00:00,77.60696108590444,72.8465129425199,4.760448143384551,,0,923.295,
2026-09-08T03:41:06.335375+00:00,77.611528511965,72.85098483732344,4.760543674641568,,0,923.295,
2026-09-08T03:41:06.488100+00:00,77.611528511965,72.85098483732344,4.760543674641568,,0,923.295,
2026-09-08T03:41:06.643678+00:00,77.611528511965,72.85098483732344,4.760543674641568,,0,923.295,
2026-09-08T03:41:06.794450+00:00,77.611528511965,72.85098483732344,4.760543674641568,,0,923.295,
2026-09-08T03:41:06.996385+00:00,77.611528511965,72.85098483732344,4.760543674641568,,0,923.295,
2026-09-08T03:41:07.165664+00:00,77.611528511965,72.85098483732344,4.760543674641568,,0,923.295,
2026-09-08T03:41:07.319950+00:00,77.60656487111875,72.86284959257537,4.743715278543377,,0,923.295,
2026-09-08T03:41:07.490774+00:00,77.60656487111875,72.86284959257537,4.743715278543377,,0,923.295,
2026-09-08T03:41:07.683598+00:00,77.60656487111875,72.86284959257537,4.743715278543377,,0,923.295,
2026-09-08T03:41:07.854757+00:00,77.60656487111875,72.86284959257537,4.743715278543377,,0,923.295,
2026-09-08T03:41:08.012306+00:00,77.60656487111875,72.86284959257537,4.743715278543377,,0,923.295,
2026-09-08T03:41:08.184554+00:00,77.60656487111875,72.86284959257537,4.743715278543377,,0,923.295,
2026-09-08T03:41:08.343361+00:00,77.60793964728799,72.86830072593196,4.739638921356033,,0,923.295,
2026-09-08T03:41:08.513100+00:00,77.60793964728799,72.86830072593196,4.739638921356033,,0,923.295,
2026-09-08T03:41:08.683869+00:00,77.60793964728799,72.86830072593196,4.739638921356033,,0,923.295,
2026-09-08T03:41:08.855787+00:00,77.60793964728799,72.86830072593196,4.739638921356033,,0,923.295,
2026-09-08T03:41:09.041641+00:00,77.60793964728799,72.86830072593196,4.739638921356033,,0,923.295,
2026-09-08T03:41:09.206335+00:00,77.60793964728799,72.86830072593196,4.739638921356033,,0,923.295,
2026-09-08T03:41:09.357129+00:00,77.60933111608341,72.8729115432738,4.736419572809609,,0,923.295,
2026-09-08T03:41:09.522609+00:00,77.60933111608341,72.8729115432738,4.736419572809609,,0,923.295,
2026-09-08T03:41:09.681940+00:00,77.60933111608341,72.8729115432738,4.736419572809609,,0,923.295,
2026-09-08T03:41:09.836539+00:00,77.60933111608341,72.8729115432738,4.736419572809609,,0,923.295,
2026-09-08T03:41:10.005169+00:00,77.60933111608341,72.8729115432738,4.736419572809609,,0,923.295,
2026-09-08T03:41:10.179021+00:00,77.60933111608341,72.8729115432738,4.736419572809609,,0,923.295,
2026-09-08T03:41:10.353502+00:00,77.6065776320205,72.8765889457065,4.729988686314002,,0,923.295,
2026-09-08T03:41:10.522463+00:00,77.6065776320205,72.8765889457065,4.729988686314002,,0,923.295,
2026-09-08T03:41:10.695638+00:00,77.6065776320205,72.8765889457065,4.729988686314002,,0,923.295,
2026-09-08T03:41:10.871138+00:00,77.6065776320205,72.8765889457065,4.729988686314002,,0,923.295,
2026-09-08T03:41:11.043376+00:00,77.6065776320205,72.8765889457065,4.729988686314002,,0,923.295,
2026-09-08T03:41:11.227096+00:00,77.6065776320205,72.8765889457065,4.729988686314002,,0,923.295,
2026-09-08T03:41:11.410506+00:00,77.60521039405447,72.87103940193562,4.734170992118848,,0,923.295,
2026-09-08T03:41:11.589833+00:00,77.60521039405447,72.87103940193562,4.734170992118848,,0,923.295,
2026-09-08T03:41:11.773974+00:00,77.60521039405447,72.87103940193562,4.734170992118848,,0,923.295,
2026-09-08T03:41:11.954638+00:00,77.60521039405447,72.87103940193562,4.734170992118848,,0,923.295,
2026-09-08T03:41:12.143081+00:00,77.60521039405447,72.87103940193562,4.734170992118848,,0,923.295,
2026-09-08T03:41:12.315985+00:00,77.60521039405447,72.87103940193562,4.734170992118848,,0,923.295,
2026-09-08T03:41:12.531441+00:00,77.60631778896564,72.87117640045912,4.73514138850652,,0,923.295,
2026-09-08T03:41:12.710013+00:00,77.60631778896564,72.87117640045912,4.73514138850652,,0,923.295,
2026-09-08T03:41:12.896104+00:00,77.60631778896564,72.87117640045912,4.73514138850652,,0,923.295,
2026-09-08T03:41:13.083940+00:00,77.60631778896564,72.87117640045912,4.73514138850652,,0,923.295,
2026-09-08T03:41:13.251930+00:00,77.60631778896564,72.87117640045912,4.73514138850652,,0,923.295,
2026-09-08T03:41:13.435257+00:00,77.6073031022263,72.86221117825636,4.745091923969937,,0,923.295,
2026-09-08T03:41:13.604686+00:00,77.6073031022263,72.86221117825636,4.745091923969937,,0,923.295,
2026-09-08T03:41:13.786235+00:00,77.6073031022263,72.86221117825636,4.745091923969937,,0,923.295,
2026-09-08T03:41:13.975378+00:00,77.6073031022263,72.86221117825636,4.745091923969937,,0,923.295,
2026-09-08T03:41:14.145055+00:00,77.6073031022263,72.86221117825636,4.745091923969937,,0,923.295,
2026-09-08T03:41:14.314773+00:00,77.6073031022263,72.86221117825636,4.745091923969937,,0,923.295,
2026-09-08T03:41:14.481153+00:00,77.60502637556814,72.86467713750812,4.74034923806002,,0,923.295,
2026-09-08T03:41:14.642749+00:00,77.60502637556814,72.86467713750812,4.74034923806002,,0,923.295,
2026-09-08T03:41:14.802739+00:00,77.60502637556814,72.86467713750812,4.74034923806002,,0,923.295,
2026-09-08T03:41:14.989443+00:00,77.60502637556814,72.86467713750812,4.74034923806002,,0,923.295,
2026-09-08T03:41:15.158296+00:00,77.60502637556814,72.86467713750812,4.74034923806002,,0,923.295,
2026-09-08T03:41:15.335237+00:00,77.6035527617621,72.88609926642887,4.717453495333231,,0,923.295,
2026-09-08T03:41:15.504094+00:00,77.6035527617621,72.88609926642887,4.717453495333231,,0,923.295,
2026-09-08T03:41:15.681939+00:00,77.6035527617621,72.88609926642887,4.717453495333231,,0,923.295,
2026-09-08T03:41:15.861519+00:00,77.6035527617621,72.88609926642887,4.717453495333231,,0,923.295,
2026-09-08T03:41:16.045870+00:00,77.6035527617621,72.88609926642887,4.717453495333231,,0,923.295,
2026-09-08T03:41:16.235195+00:00,77.6035527617621,72.88609926642887,4.717453495333231,,0,923.295,
2026-09-08T03:41:16.430092+00:00,77.60306598379252,72.89794144883929,4.705124534953228,,0,923.295,
2026-09-08T03:41:16.629122+00:00,77.60306598379252,72.89794144883929,4.705124534953228,,0,923.295,
2026-09-08T03:41:16.811109+00:00,77.60306598379252,72.89794144883929,4.705124534953228,,0,923.295,
2026-09-08T03:41:16.996272+00:00,77.60306598379252,72.89794144883929,4.705124534953228,,0,923.295,
2026-09-08T03:41:17.175529+00:00,77.60306598379252,72.89794144883929,4.705124534953228,,0,923.295,
2026-09-08T03:41:17.362109+00:00,77.60275847927677,72.88107295484977,4.721685524427002,,0,923.295,
2026-09-08T03:41:17.545401+00:00,77.60275847927677,72.88107295484977,4.721685524427002,,0,923.295,
2026-09-08T03:41:17.714061+00:00,77.60275847927677,72.88107295484977,4.721685524427002,,0,923.295,
2026-09-08T03:41:17.902513+00:00,77.60275847927677,72.88107295484977,4.721685524427002,,0,923.295,
2026-09-08T03:41:18.086825+00:00,77.60275847927677,72.88107295484977,4.721685524427002,,0,923.295,
2026-09-08T03:41:18.263673+00:00,77.60275847927677,72.88107295484977,4.721685524427002,,0,923.295,
2026-09-08T03:41:18.443106+00:00,77.6045431640045,72.89097824609021,4.713564917914283,,0,923.295,
2026-09-08T03:41:18.625625+00:00,77.6045431640045,72.89097824609021,4.713564917914283,,0,923.295,
2026-09-08T03:41:18.809663+00:00,77.6045431640045,72.89097824609021,4.713564917914283,,0,923.295,
2026-09-08T03:41:18.994290+00:00,77.6045431640045,72.89097824609021,4.713564917914283,,0,923.295,
2026-09-08T03:41:19.178674+00:00,77.6045431640045,72.89097824609021,4.713564917914283,,0,923.295,
2026-09-08T03:41:19.360703+00:00,77.60419331436583,72.88296377647443,4.7212295378914035,,0,923.295,
2026-09-08T03:41:19.534895+00:00,77.60419331436583,72.88296377647443,4.7212295378914035,,0,923.295,
2026-09-08T03:41:19.719544+00:00,77.60419331436583,72.88296377647443,4.7212295378914035,,0,923.295,
2026-09-08T03:41:19.899804+00:00,77.60419331436583,72.88296377647443,4.7212295378914035,,0,923.295,
2026-09-08T03:41:20.091319+00:00,77.60419331436583,72.88296377647443,4.7212295378914035,,0,923.295,
2026-09-08T03:41:20.280407+00:00,77.60419331436583,72.88296377647443,4.7212295378914035,,0,923.295,
2026-09-08T03:41:20.470868+00:00,77.60413636429911,72.88527552405213,4.718860840246975,,0,923.295,
2026-09-08T03:41:20.660855+00:00,77.60413636429911,72.88527552405213,4.718860840246975,,0,923.295,
2026-09-08T03:41:20.845452+00:00,77.60413636429911,72.88527552405213,4.718860840246975,,0,923.295,
2026-09-08T03:41:21.042693+00:00,77.60413636429911,72.88527552405213,4.718860840246975,,0,923.295,
2026-09-08T03:41:21.226085+00:00,77.60413636429911,72.88527552405213,4.718860840246975,,0,923.295,
2026-09-08T03:41:21.404257+00:00,77.60551343695259,72.89346246858335,4.71205096836924,,0,923.295,
2026-09-08T03:41:21.582851+00:00,77.60551343695259,72.89346246858335,4.71205096836924,,0,923.295,
2026-09-08T03:41:21.764943+00:00,77.60551343695259,72.89346246858335,4.71205096836924,,0,923.295,
2026-09-08T03:41:21.961319+00:00,77.60551343695259,72.89346246858335,4.71205096836924,,0,923.295,
2026-09-08T03:41:22.146561+00:00,77.60551343695259,72.89346246858335,4.71205096836924,,0,923.295,
2026-09-08T03:41:22.335426+00:00,77.60551343695259,72.89346246858335,4.71205096836924,,0,923.295,
2026-09-08T03:41:22.518629+00:00,77.60549167322556,72.88989601059357,4.7155956626319835,,0,923.295,
2026-09-08T03:41:22.697982+00:00,77.60549167322556,72.88989601059357,4.7155956626319835,,0,923.295,
2026-09-08T03:41:22.893809+00:00,77.60549167322556,72.88989601059357,4.7155956626319835,,0,923.295,
2026-09-08T03:41:23.087846+00:00,77.60549167322556,72.88989601059357,4.7155956626319835,,0,923.295,
2026-09-08T03:41:23.264641+00:00,77.60549167322556,72.88989601059357,4.7155956626319835,,0,923.295,
2026-09-08T03:41:23.436137+00:00,77.6073532566072,72.90035118999245,4.7070020666147485,,0,923.295,
2026-09-08T03:41:23.620171+00:00,77.6073532566072,72.90035118999245,4.7070020666147485,,0,923.295,
2026-09-08T03:41:23.827755+00:00,77.6073532566072,72.90035118999245,4.7070020666147485,,0,923.295,
2026-09-08T03:41:24.021101+00:00,77.6073532566072,72.90035118999245,4.7070020666147485,,0,923.295,
2026-09-08T03:41:24.203850+00:00,77.6073532566072,72.90035118999245,4.7070020666147485,,0,923.295,
2026-09-08T03:41:24.421388+00:00,77.6110050176308,72.88863779672555,4.722367220905255,,0,923.295,
2026-09-08T03:41:24.602599+00:00,77.6110050176308,72.88863779672555,4.722367220905255,,0,923.295,
2026-09-08T03:41:24.825030+00:00,77.6110050176308,72.88863779672555,4.722367220905255,,0,923.295,
2026-09-08T03:41:24.997121+00:00,77.6110050176308,72.88863779672555,4.722367220905255,,0,923.295,
2026-09-08T03:41:25.173125+00:00,77.6110050176308,72.88863779672555,4.722367220905255,,0,923.295,
2026-09-08T03:41:25.342389+00:00,77.61208648380956,72.88351626478537,4.728570219024192,,0,923.295,
2026-09-08T03:41:25.506660+00:00,77.61208648380956,72.88351626478537,4.728570219024192,,0,923.295,
2026-09-08T03:41:25.707720+00:00,77.61208648380956,72.88351626478537,4.728570219024192,,0,923.295,
2026-09-08T03:41:25.874715+00:00,77.61208648380956,72.88351626478537,4.728570219024192,,0,923.295,
2026-09-08T03:41:26.033403+00:00,77.61208648380956,72.88351626478537,4.728570219024192,,0,923.295,
2026-09-08T03:41:26.202678+00:00,77.61208648380956,72.88351626478537,4.728570219024192,,0,923.295,
2026-09-08T03:41:26.375142+00:00,77.61506797432317,72.8755884104822,4.739479563840973,,0,923.295,
2026-09-08T03:41:26.542618+00:00,77.61506797432317,72.8755884104822,4.739479563840973,,0,923.295,
2026-09-08T03:41:26.729776+00:00,77.61506797432317,72.8755884104822,4.739479563840973,,0,923.295,
2026-09-08T03:41:26.925199+00:00,77.61506797432317,72.8755884104822,4.739479563840973,,0,923.295,
2026-09-08T03:41:27.103516+00:00,77.61506797432317,72.8755884104822,4.739479563840973,,0,923.295,
2026-09-08T03:41:27.286223+00:00,77.61506797432317,72.8755884104822,4.739479563840973,,0,923.295,
2026-09-08T03:41:27.465682+00:00,77.61495744298563,72.88859563304652,4.726361809939107,,0,923.295,
2026-09-08T03:41:27.646712+00:00,77.61495744298563,72.88859563304652,4.726361809939107,,0,923.295,
2026-09-08T03:41:27.832553+00:00,77.61495744298563,72.88859563304652,4.726361809939107,,0,923.295,
2026-09-08T03:41:28.010162+00:00,77.61495744298563,72.88859563304652,4.726361809939107,,0,923.295,
2026-09-08T03:41:28.196316+00:00,77.61495744298563,72.88859563304652,4.726361809939107,,0,923.295,
2026-09-08T03:41:28.387575+00:00,77.6133857238941,72.90382833869621,4.709557385197883,,0,923.295,
2026-09-08T03:41:28.568925+00:00,77.6133857238941,72.90382833869621,4.709557385197883,,0,923.295,
2026-09-08T03:41:28.750452+00:00,77.6133857238941,72.90382833869621,4.709557385197883,,0,923.295,
2026-09-08T03:41:28.941583+00:00,77.6133857238941,72.90382833869621,4.709557385197883,,0,923.295,
2026-09-08T03:41:29.121556+00:00,77.6133857238941,72.90382833869621,4.709557385197883,,0,923.295,
2026-09-08T03:41:29.301648+00:00,77.6133857238941,72.90382833869621,4.709557385197883,,0,923.295,
2026-09-08T03:41:29.483799+00:00,77.61308748471409,72.90754221526514,4.7055452694489475,,0,923.295,
2026-09-08T03:41:29.659656+00:00,77.61308748471409,72.90754221526514,4.7055452694489475,,0,923.295,
2026-09-08T03:41:29.844041+00:00,77.61308748471409,72.90754221526514,4.7055452694489475,,0,923.295,
2026-09-08T03:41:30.024188+00:00,77.61308748471409,72.90754221526514,4.7055452694489475,,0,923.295,
2026-09-08T03:41:30.214749+00:00,77.61308748471409,72.90754221526514,4.7055452694489475,,0,923.295,
2026-09-08T03:41:30.414815+00:00,77.61341769655483,72.9079725160028,4.705445180552033,,0,923.295,
2026-09-08T03:41:30.611954+00:00,77.61341769655483,72.9079725160028,4.705445180552033,,0,923.295,
2026-09-08T03:41:30.807991+00:00,77.61341769655483,72.9079725160028,4.705445180552033,,0,923.295,
2026-09-08T03:41:30.995498+00:00,77.61341769655483,72.9079725160028,4.705445180552033,,0,923.295,
2026-09-08T03:41:31.178191+00:00,77.61341769655483,72.9079725160028,4.705445180552033,,0,923.295,
2026-09-08T03:41:31.363222+00:00,77.61341769655483,72.9079725160028,4.705445180552033,,0,923.295,
2026-09-08T03:41:31.547535+00:00,77.61176918087061,72.90058107438418,4.711188106486432,-1.292,0,923.295,
2026-09-08T03:41:31.768288+00:00,77.61176918087061,72.90058107438418,4.711188106486432,-1.283,0,923.295,
2026-09-08T03:41:31.953350+00:00,77.61176918087061,72.90058107438418,4.711188106486432,-1.2741,0,923.295,
2026-09-08T03:41:32.137701+00:00,77.61176918087061,72.90058107438418,4.711188106486432,-1.2653,0,923.295,
2026-09-08T03:41:32.313631+00:00,77.61176918087061,72.90058107438418,4.711188106486432,-1.2566,0,923.295,
2026-09-08T03:41:32.495299+00:00,77.6111286537658,72.89233771677418,4.718790936991624,-1.0006,0,923.295,
2026-09-08T03:41:32.683147+00:00,77.6111286537658,72.89233771677418,4.718790936991624,-0.9941,0,923.295,
2026-09-08T03:41:32.869355+00:00,77.6111286537658,72.89233771677418,4.718790936991624,-0.9877,0,923.295,
2026-09-08T03:41:33.051564+00:00,77.6111286537658,72.89233771677418,4.718790936991624,-0.9813,0,923.295,
2026-09-08T03:41:33.243719+00:00,77.6111286537658,72.89233771677418,4.718790936991624,-0.9749,0,923.295,
2026-09-08T03:41:33.423359+00:00,77.61301585735846,72.90472600538423,4.708289851974229,-1.313,0,923.295,
2026-09-08T03:41:33.604622+00:00,77.61301585735846,72.90472600538423,4.708289851974229,-1.3045,0,923.295,
2026-09-08T03:41:33.777945+00:00,77.61301585735846,72.90472600538423,4.708289851974229,-1.2964,0,923.295,
2026-09-08T03:41:33.952327+00:00,77.61301585735846,72.90472600538423,4.708289851974229,-1.2883,0,923.295,
2026-09-08T03:41:34.135689+00:00,77.61301585735846,72.90472600538423,4.708289851974229,-1.2804,0,923.295,
2026-09-08T03:41:34.313104+00:00,77.61301585735846,72.90472600538423,4.708289851974229,-1.2726,0,923.295,
2026-09-08T03:41:34.513414+00:00,77.6102522052951,72.90088398707303,4.7093682182220675,-1.2293,0,923.295,
2026-09-08T03:41:34.707452+00:00,77.6102522052951,72.90088398707303,4.7093682182220675,-1.2219,0,923.295,
2026-09-08T03:41:34.886495+00:00,77.6102522052951,72.90088398707303,4.7093682182220675,-1.2135,0,923.295,
2026-09-08T03:41:35.073627+00:00,77.6102522052951,72.90088398707303,4.7093682182220675,-1.2052,0,923.295,
2026-09-08T03:41:35.264482+00:00,77.6102522052951,72.90088398707303,4.7093682182220675,-1.1969,0,923.295,
2026-09-08T03:41:35.465054+00:00,77.611857497503,72.89690115429048,4.7149563432125206,-1.005,0,923.295,
2026-09-08T03:41:35.656504+00:00,77.611857497503,72.89690115429048,4.7149563432125206,-0.9984,0,923.295,
2026-09-08T03:41:35.828036+00:00,77.611857497503,72.89690115429048,4.7149563432125206,-0.9918,0,923.295,
2026-09-08T03:41:36.003495+00:00,77.611857497503,72.89690115429048,4.7149563432125206,-0.9853,0,923.295,
2026-09-08T03:41:36.182867+00:00,77.611857497503,72.89690115429048,4.7149563432125206,-0.9788,0,923.295,
2026-09-08T03:41:36.362575+00:00,77.611857497503,72.89690115429048,4.7149563432125206,-0.9724,0,923.295,
2026-09-08T03:41:36.542815+00:00,77.61291936666301,72.90453578825154,4.708383578411471,-1.1814,0,923.295,
2026-09-08T03:41:37.722581+00:00,77.61291936666301,72.90453578825154,4.708383578411471,-1.1733,0,923.295,
2026-09-08T03:41:37.940769+00:00,77.61304478106663,72.89863386957256,4.71441091149407,-0.9682,0,923.295,
2026-09-08T03:41:38.107855+00:00,77.61304478106663,72.89863386957256,4.71441091149407,-0.9618,0,923.295,
2026-09-08T03:41:38.280860+00:00,77.61304478106663,72.89863386957256,4.71441091149407,-0.9557,0,923.295,
2026-09-08T03:41:38.448969+00:00,77.61144637141877,72.89702133287454,4.714425038544221,-0.9491,0,923.295,
2026-09-08T03:41:38.620158+00:00,77.61144637141877,72.89702133287454,4.714425038544221,-0.943,0,923.295,
2026-09-08T03:41:38.857132+00:00,77.61144637141877,72.89702133287454,4.714425038544221,-0.9369,0,923.295,
2026-09-08T03:41:39.084592+00:00,77.61144637141877,72.89702133287454,4.714425038544221,-0.9309,0,923.295,
2026-09-08T03:41:39.266477+00:00,77.61144637141877,72.89702133287454,4.714425038544221,-0.9249,0,923.295,
2026-09-08T03:41:39.433092+00:00,77.61321598427669,72.87744749338789,4.735768490888802,-0.2086,0,923.295,
2026-09-08T03:41:39.599534+00:00,77.61321598427669,72.87744749338789,4.735768490888802,-0.203,0,923.295,
2026-09-08T03:41:39.785264+00:00,77.61321598427669,72.87744749338789,4.735768490888802,-0.1974,0,923.295,
2026-09-08T03:41:39.959725+00:00,77.61321598427669,72.87744749338789,4.735768490888802,-0.1918,0,923.295,
2026-09-08T03:41:40.143101+00:00,77.61321598427669,72.87744749338789,4.735768490888802,-0.186,0,923.295,
2026-09-08T03:41:40.328157+00:00,77.61321598427669,72.87744749338789,4.735768490888802,-0.1803,0,923.295,
2026-09-08T03:41:40.511675+00:00,77.61503796205393,72.87735929536123,4.737678666692702,-0.1086,0,923.295,
2026-09-08T03:41:40.682204+00:00,77.61503796205393,72.87735929536123,4.737678666692702,-0.1005,0,923.295,
2026-09-08T03:41:40.854685+00:00,77.61503796205393,72.87735929536123,4.737678666692702,-0.0923,0,923.295,
2026-09-08T03:41:41.033816+00:00,77.61503796205393,72.87735929536123,4.737678666692702,-0.0839,0,923.295,
2026-09-08T03:41:41.228571+00:00,77.61503796205393,72.87735929536123,4.737678666692702,-0.0753,0,923.295,
2026-09-08T03:41:41.418870+00:00,77.61503796205393,72.87735929536123,4.737678666692702,-0.0664,0,923.295,
2026-09-08T03:41:41.609908+00:00,77.61528076095817,72.8666777822248,4.7486029787333734,0.35,0,923.295,
2026-09-08T03:41:41.810144+00:00,77.61528076095817,72.8666777822248,4.7486029787333734,0.3608,0,923.295,
2026-09-08T03:41:41.989847+00:00,77.61528076095817,72.8666777822248,4.7486029787333734,0.372,0,923.295,
2026-09-08T03:41:42.181546+00:00,77.61528076095817,72.8666777822248,4.7486029787333734,0.3834,0,923.295,
2026-09-08T03:41:42.364286+00:00,77.61528076095817,72.8666777822248,4.7486029787333734,0.3952,0,923.295,
2026-09-08T03:41:42.545648+00:00,77.61177100178965,72.86755933695478,4.7442116648348645,0.2345,0,923.295,
2026-09-08T03:41:42.726104+00:00,77.61177100178965,72.86755933695478,4.7442116648348645,0.2455,0,923.295,
2026-09-08T03:41:42.906238+00:00,77.61177100178965,72.86755933695478,4.7442116648348645,0.2569,0,923.295,
2026-09-08T03:41:43.094775+00:00,77.61177100178965,72.86755933695478,4.7442116648348645,0.2702,0,923.295,
2026-09-08T03:41:43.281809+00:00,77.61177100178965,72.86755933695478,4.7442116648348645,0.284,0,923.295,
2026-09-08T03:41:43.456993+00:00,77.61512267799216,72.86083147933283,4.754291198659331,0.7243,0,923.295,
2026-09-08T03:41:43.634864+00:00,77.61512267799216,72.86083147933283,4.754291198659331,0.7445,0,923.295,
2026-09-08T03:41:43.813135+00:00,77.61512267799216,72.86083147933283,4.754291198659331,0.7656,0,923.295,
2026-09-08T03:41:43.991657+00:00,77.61512267799216,72.86083147933283,4.754291198659331,0.7878,0,923.295,
2026-09-08T03:41:44.153855+00:00,77.61512267799216,72.86083147933283,4.754291198659331,0.8111,0,923.295,
2026-09-08T03:41:44.317890+00:00,77.61512267799216,72.86083147933283,4.754291198659331,0.8297,0,923.295,
2026-09-08T03:41:44.502828+00:00,77.6173414421743,72.86381028093297,4.753531161241327,0.8136,0,923.295,
2026-09-08T03:41:44.681716+00:00,77.6173414421743,72.86381028093297,4.753531161241327,0.8333,0,923.295,
2026-09-08T03:41:44.861019+00:00,77.6173414421743,72.86381028093297,4.753531161241327,0.8539,0,923.295,
2026-09-08T03:41:45.030448+00:00,77.6173414421743,72.86381028093297,4.753531161241327,0.8754,0,923.295,
2026-09-08T03:41:45.197727+00:00,77.6173414421743,72.86381028093297,4.753531161241327,0.8979,0,923.295,
2026-09-08T03:41:45.368066+00:00,77.6173414421743,72.86381028093297,4.753531161241327,0.9155,0,923.295,
2026-09-08T03:41:45.543847+00:00,77.61857781859514,72.86283155296304,4.755746265632098,1.046,0,923.295,
2026-09-08T03:41:45.712065+00:00,77.61857781859514,72.86283155296304,4.755746265632098,1.0655,0,923.295,
2026-09-08T03:41:45.916752+00:00,77.61857781859514,72.86283155296304,4.755746265632098,1.0858,0,923.295,
2026-09-08T03:41:46.090722+00:00,77.61857781859514,72.86283155296304,4.755746265632098,1.1068,0,923.295,
2026-09-08T03:41:46.271005+00:00,77.61857781859514,72.86283155296304,4.755746265632098,1.1286,0,923.295,
2026-09-08T03:41:46.464536+00:00,77.61638285797497,72.85022576969895,4.766157088276017,1.6873,0,923.295,
2026-09-08T03:41:46.649338+00:00,77.61638285797497,72.85022576969895,4.766157088276017,1.6865,0,923.295,
2026-09-08T03:41:46.833661+00:00,77.61638285797497,72.85022576969895,4.766157088276017,1.6857,0,923.295,
2026-09-08T03:41:47.020934+00:00,77.61638285797497,72.85022576969895,4.766157088276017,1.6848,0,923.295,
2026-09-08T03:41:47.205903+00:00,77.61638285797497,72.85022576969895,4.766157088276017,1.684,0,923.295,
2026-09-08T03:41:47.389616+00:00,77.61638285797497,72.85022576969895,4.766157088276017,1.6832,0,923.295,
2026-09-08T03:41:47.580500+00:00,77.61670540727131,72.85037006703709,4.766335340234221,1.6918,0,923.295,
2026-09-08T03:41:47.757103+00:00,77.61670540727131,72.85037006703709,4.766335340234221,1.693,0,923.295,
2026-09-08T03:41:48.019869+00:00,77.61670540727131,72.85037006703709,4.766335340234221,1.6943,0,923.295,
2026-09-08T03:41:48.681835+00:00,77.61670602684455,72.86030736870534,4.756398658139219,1.1667,0,923.295,
2026-09-08T03:41:48.892481+00:00,77.61670602684455,72.86030736870534,4.756398658139219,1.1725,0,923.295,
2026-09-08T03:41:49.057254+00:00,77.61670602684455,72.86030736870534,4.756398658139219,1.1783,0,923.295,
2026-09-08T03:41:49.215377+00:00,77.61670602684455,72.86030736870534,4.756398658139219,1.1841,0,923.295,
2026-09-08T03:41:49.374087+00:00,77.61670602684455,72.86030736870534,4.756398658139219,1.1818,0,923.295,
2026-09-08T03:41:49.525858+00:00,77.61946203157923,72.85495083585712,4.764511195722108,1.6145,0,923.295,
2026-09-08T03:41:49.687847+00:00,77.61946203157923,72.85495083585712,4.764511195722108,1.6071,0,923.295,
2026-09-08T03:41:49.864235+00:00,77.61946203157923,72.85495083585712,4.764511195722108,1.5997,0,923.295,
2026-09-08T03:41:50.061274+00:00,77.61946203157923,72.85495083585712,4.764511195722108,1.5923,0,923.295,
2026-09-08T03:41:50.235698+00:00,77.61946203157923,72.85495083585712,4.764511195722108,1.585,0,923.295,
2026-09-08T03:41:50.403008+00:00,77.61946203157923,72.85495083585712,4.764511195722108,1.5778,0,923.295,
2026-09-08T03:41:50.578032+00:00,77.62015473378192,72.85905495294803,4.761099780833888,1.3931,0,923.295,
2026-09-08T03:41:50.754606+00:00,77.62015473378192,72.85905495294803,4.761099780833888,1.3902,0,923.295,
2026-09-08T03:41:50.944330+00:00,77.62015473378192,72.85905495294803,4.761099780833888,1.3872,0,923.295,
2026-09-08T03:41:51.111529+00:00,77.62015473378192,72.85905495294803,4.761099780833888,1.3843,0,923.295,
2026-09-08T03:41:51.280935+00:00,77.62015473378192,72.85905495294803,4.761099780833888,1.3814,0,923.295,
2026-09-08T03:41:51.446699+00:00,77.62015473378192,72.85905495294803,4.761099780833888,1.3785,0,923.295,
2026-09-08T03:41:51.607922+00:00,77.61819358744272,72.86020968679622,4.757983900646494,1.2169,0,923.295,
2026-09-08T03:41:51.792279+00:00,77.61819358744272,72.86020968679622,4.757983900646494,1.22,0,923.295,
2026-09-08T03:41:51.954019+00:00,77.61819358744272,72.86020968679622,4.757983900646494,1.2231,0,923.295,
2026-09-08T03:41:52.128057+00:00,77.61819358744272,72.86020968679622,4.757983900646494,1.2262,0,923.295,
2026-09-08T03:41:52.290858+00:00,77.61819358744272,72.86020968679622,4.757983900646494,1.2294,0,923.295,
2026-09-08T03:41:52.490435+00:00,77.61907912728164,72.86357301294261,4.755506114339028,1.1013,0,923.295,
2026-09-08T03:41:52.668129+00:00,77.61907912728164,72.86357301294261,4.755506114339028,1.1053,0,923.295,
2026-09-08T03:41:52.837877+00:00,77.61907912728164,72.86357301294261,4.755506114339028,1.1067,0,923.295,
2026-09-08T03:41:53.011411+00:00,77.61907912728164,72.86357301294261,4.755506114339028,1.108,0,923.295,
2026-09-08T03:41:53.195440+00:00,77.61907912728164,72.86357301294261,4.755506114339028,1.1094,0,923.295,
2026-09-08T03:41:53.372430+00:00,77.61907912728164,72.86357301294261,4.755506114339028,1.1108,0,923.295,
2026-09-08T03:41:53.538075+00:00,77.62036062631805,72.86074659273407,4.759614033583972,1.3309,0,923.295,
2026-09-08T03:41:53.705902+00:00,77.62036062631805,72.86074659273407,4.759614033583972,1.3305,0,923.295,
2026-09-08T03:41:53.877163+00:00,77.62036062631805,72.86074659273407,4.759614033583972,1.3267,0,923.295,
2026-09-08T03:41:54.049652+00:00,77.62036062631805,72.86074659273407,4.759614033583972,1.3229,0,923.295,
2026-09-08T03:41:54.213200+00:00,77.62036062631805,72.86074659273407,4.759614033583972,1.3192,0,923.295,
2026-09-08T03:41:54.375477+00:00,77.62036062631805,72.86074659273407,4.759614033583972,1.3155,0,923.295,
2026-09-08T03:41:54.701115+00:00,77.62188382397042,72.8477002647283,4.774183559242118,2.0753,-1,923.295,sell 5x BTC-MINI; buy 5x ETH-MINI
2026-09-08T03:41:54.868470+00:00,77.62188382397042,72.8477002647283,4.774183559242118,2.0589,-1,919.7739822037894,
2026-09-08T03:41:55.043018+00:00,77.62188382397042,72.8477002647283,4.774183559242118,2.0429,-1,919.7739822037894,
2026-09-08T03:41:55.201947+00:00,77.62188382397042,72.8477002647283,4.774183559242118,2.0265,-1,919.7739822037894,
2026-09-08T03:41:55.365753+00:00,77.62188382397042,72.8477002647283,4.774183559242118,2.0105,-1,919.7739822037894,
2026-09-08T03:41:55.522697+00:00,77.62391369050421,72.83422094566937,4.789692744834838,2.7724,-1,919.6964362758258,
2026-09-08T03:41:55.683229+00:00,77.62391369050421,72.83422094566937,4.789692744834838,2.7332,-1,919.6964362758258,
2026-09-08T03:41:55.835364+00:00,77.62391369050421,72.83422094566937,4.789692744834838,2.6955,-1,919.6964362758258,
2026-09-08T03:41:55.998556+00:00,77.62391369050421,72.83422094566937,4.789692744834838,2.659,-1,919.6964362758258,
2026-09-08T03:41:56.172226+00:00,77.62391369050421,72.83422094566937,4.789692744834838,2.6201,-1,919.6964362758258,
2026-09-08T03:41:56.346865+00:00,77.62391369050421,72.83422094566937,4.789692744834838,2.5826,-1,919.6964362758258,
2026-09-08T03:41:56.514909+00:00,77.62337765777038,72.82283855990522,4.800539097865155,3.048,-1,919.6422045106742,
2026-09-08T03:41:56.678037+00:00,77.62337765777038,72.82283855990522,4.800539097865155,2.9924,-1,919.6422045106742,
2026-09-08T03:41:56.841579+00:00,77.62337765777038,72.82283855990522,4.800539097865155,2.9394,-1,919.6422045106742,
2026-09-08T03:41:57.019118+00:00,77.62337765777038,72.82283855990522,4.800539097865155,2.8888,-1,919.6422045106742,
2026-09-08T03:41:57.201991+00:00,77.62337765777038,72.82283855990522,4.800539097865155,2.8404,-1,919.6422045106742,
2026-09-08T03:41:57.387137+00:00,77.62337765777038,72.82283855990522,4.800539097865155,2.7962,-1,919.6422045106742,
2026-09-08T03:41:57.644945+00:00,77.62248038152843,72.81971909425435,4.80276128727408,2.848,-1,919.6310935636295,
2026-09-08T03:41:57.862612+00:00,77.62248038152843,72.81971909425435,4.80276128727408,2.8033,-1,919.6310935636295,
2026-09-08T03:41:58.082830+00:00,77.62248038152843,72.81971909425435,4.80276128727408,2.7603,-1,919.6310935636295,
2026-09-08T03:41:58.287010+00:00,77.62248038152843,72.81971909425435,4.80276128727408,2.719,-1,919.6310935636295,
2026-09-08T03:41:58.490814+00:00,77.62248038152843,72.81971909425435,4.80276128727408,2.6792,-1,919.6310935636295,
2026-09-08T03:41:58.667411+00:00,77.6283734375695,72.81432100957016,4.814052427999329,3.0891,-1,919.5746378600033,
2026-09-08T03:41:58.846870+00:00,77.6283734375695,72.81432100957016,4.814052427999329,3.0324,-1,919.5746378600033,
2026-09-08T03:41:59.035787+00:00,77.6283734375695,72.81432100957016,4.814052427999329,2.9783,-1,919.5746378600033,
2026-09-08T03:41:59.232126+00:00,77.6283734375695,72.81432100957016,4.814052427999329,2.9266,-1,919.5746378600033,
2026-09-08T03:41:59.411172+00:00,77.6283734375695,72.81432100957016,4.814052427999329,2.8772,-1,919.5746378600033,
2026-09-08T03:41:59.604170+00:00,77.6259333229398,72.80366440059304,4.822268922346765,3.1319,-1,919.5335553882661,
2026-09-08T03:41:59.783346+00:00,77.6259333229398,72.80366440059304,4.822268922346765,3.0724,-1,919.5335553882661,
2026-09-08T03:41:59.960699+00:00,77.6259333229398,72.80366440059304,4.822268922346765,3.0158,-1,919.5335553882661,
2026-09-08T03:42:00.136256+00:00,77.6259333229398,72.80366440059304,4.822268922346765,2.9618,-1,919.5335553882661,
2026-09-08T03:42:00.336672+00:00,77.6259333229398,72.80366440059304,4.822268922346765,2.9103,-1,919.5335553882661,
2026-09-08T03:42:00.521779+00:00,77.62965129347216,72.79666071946251,4.832990574009656,3.225,-1,919.4799471299517,
2026-09-08T03:42:00.713923+00:00,77.62965129347216,72.79666071946251,4.832990574009656,3.1605,-1,919.4799471299517,
2026-09-08T03:42:00.909727+00:00,77.62965129347216,72.79666071946251,4.832990574009656,3.0993,-1,919.4799471299517,
2026-09-08T03:42:01.092516+00:00,77.62965129347216,72.79666071946251,4.832990574009656,3.0448,-1,919.4799471299517,
2026-09-08T03:42:01.295929+00:00,77.62965129347216,72.79666071946251,4.832990574009656,2.9928,-1,919.4799471299517,
2026-09-08T03:42:01.476764+00:00,77.62965129347216,72.79666071946251,4.832990574009656,2.9431,-1,919.4799471299517,
2026-09-08T03:42:01.675131+00:00,77.62612153474362,72.77938576328866,4.846735771454959,3.3193,-1,919.4112211427251,
2026-09-08T03:42:01.856824+00:00,77.62612153474362,72.77938576328866,4.846735771454959,3.2528,-1,919.4112211427251,
2026-09-08T03:42:02.048008+00:00,77.62612153474362,72.77938576328866,4.846735771454959,3.1897,-1,919.4112211427251,
2026-09-08T03:42:02.231315+00:00,77.62612153474362,72.77938576328866,4.846735771454959,3.1298,-1,919.4112211427251,
2026-09-08T03:42:02.417877+00:00,77.62612153474362,72.77938576328866,4.846735771454959,3.0728,-1,919.4112211427251,
2026-09-08T03:42:02.606693+00:00,77.62707559682455,72.77860043349652,4.8484751633280325,3.0678,-1,919.4025241833598,
2026-09-08T03:42:02.779505+00:00,77.62707559682455,72.77860043349652,4.8484751633280325,3.0136,-1,919.4025241833598,
2026-09-08T03:42:03.003323+00:00,77.62707559682455,72.77860043349652,4.8484751633280325,2.9617,-1,919.4025241833598,
2026-09-08T03:42:03.175736+00:00,77.62707559682455,72.77860043349652,4.8484751633280325,2.9122,-1,919.4025241833598,
2026-09-08T03:42:03.354852+00:00,77.62707559682455,72.77860043349652,4.8484751633280325,2.8623,-1,919.4025241833598,
2026-09-08T03:42:03.531362+00:00,77.62529396535095,72.78197728800339,4.843316677347559,2.6773,-1,919.4283166132622,
2026-09-08T03:42:03.702430+00:00,77.62529396535095,72.78197728800339,4.843316677347559,2.637,-1,919.4283166132622,
2026-09-08T03:42:03.883387+00:00,77.62529396535095,72.78197728800339,4.843316677347559,2.5981,-1,919.4283166132622,
2026-09-08T03:42:04.063132+00:00,77.62529396535095,72.78197728800339,4.843316677347559,2.5607,-1,919.4283166132622,
2026-09-08T03:42:04.237776+00:00,77.62529396535095,72.78197728800339,4.843316677347559,2.5246,-1,919.4283166132622,
2026-09-08T03:42:04.426206+00:00,77.62529396535095,72.78197728800339,4.843316677347559,2.4895,-1,919.4283166132622,
2026-09-08T03:42:04.630179+00:00,77.62817181476281,72.77967535918626,4.8484964555765515,2.5852,-1,919.4024177221172,
2026-09-08T03:42:04.819673+00:00,77.62817181476281,72.77967535918626,4.8484964555765515,2.548,-1,919.4024177221172,
2026-09-08T03:42:05.012650+00:00,77.62817181476281,72.77967535918626,4.8484964555765515,2.5121,-1,919.4024177221172,
2026-09-08T03:42:05.230337+00:00,77.62817181476281,72.77967535918626,4.8484964555765515,2.4773,-1,919.4024177221172,
2026-09-08T03:42:05.413924+00:00,77.62817181476281,72.77967535918626,4.8484964555765515,2.4437,-1,919.4024177221172,
2026-09-08T03:42:05.596523+00:00,77.63053983257218,72.78319340908209,4.8473464234900945,2.3838,-1,919.4081678825495,
2026-09-08T03:42:05.773787+00:00,77.63053983257218,72.78319340908209,4.8473464234900945,2.3531,-1,919.4081678825495,
2026-09-08T03:42:05.954495+00:00,77.63053983257218,72.78319340908209,4.8473464234900945,2.3233,-1,919.4081678825495,
2026-09-08T03:42:06.133636+00:00,77.63053983257218,72.78319340908209,4.8473464234900945,2.2944,-1,919.4081678825495,
2026-09-08T03:42:06.306404+00:00,77.63053983257218,72.78319340908209,4.8473464234900945,2.2663,-1,919.4081678825495,
2026-09-08T03:42:06.480986+00:00,77.63053983257218,72.78319340908209,4.8473464234900945,2.2391,-1,919.4081678825495,
2026-09-08T03:42:06.651525+00:00,77.63214946421725,72.78753055635957,4.844618907857679,2.1506,-1,919.4218054607115,
2026-09-08T03:42:06.790588+00:00,77.63214946421725,72.78753055635957,4.844618907857679,2.1264,-1,919.4218054607115,
2026-09-08T03:42:06.948790+00:00,77.63214946421725,72.78753055635957,4.844618907857679,2.1028,-1,919.4218054607115,
2026-09-08T03:42:07.100178+00:00,77.63214946421725,72.78753055635957,4.844618907857679,2.0798,-1,919.4218054607115,
2026-09-08T03:42:07.250474+00:00,77.63214946421725,72.78753055635957,4.844618907857679,2.0574,-1,919.4218054607115,
2026-09-08T03:42:07.403109+00:00,77.63214946421725,72.78753055635957,4.844618907857679,2.0354,-1,919.4218054607115,
2026-09-08T03:42:07.549990+00:00,77.63089220507159,72.81093659854122,4.819955606530371,1.4721,-1,919.5451219673481,
2026-09-08T03:42:07.700265+00:00,77.63089220507159,72.81093659854122,4.819955606530371,1.461,-1,919.5451219673481,
2026-09-08T03:42:07.878553+00:00,77.63089220507159,72.81093659854122,4.819955606530371,1.45,-1,919.5451219673481,
2026-09-08T03:42:08.022586+00:00,77.63089220507159,72.81093659854122,4.819955606530371,1.4391,-1,919.5451219673481,
2026-09-08T03:42:08.169666+00:00,77.63089220507159,72.81093659854122,4.819955606530371,1.4284,-1,919.5451219673481,
2026-09-08T03:42:08.318388+00:00,77.63089220507159,72.81093659854122,4.819955606530371,1.4178,-1,919.5451219673481,
2026-09-08T03:42:08.498904+00:00,77.62959563375249,72.80837002260385,4.821225611148634,1.4349,-1,919.5387719442568,
2026-09-08T03:42:08.649825+00:00,77.62959563375249,72.80837002260385,4.821225611148634,1.4243,-1,919.5387719442568,
2026-09-08T03:42:08.786222+00:00,77.62959563375249,72.80837002260385,4.821225611148634,1.4137,-1,919.5387719442568,
2026-09-08T03:42:08.943636+00:00,77.62959563375249,72.80837002260385,4.821225611148634,1.4033,-1,919.5387719442568,
2026-09-08T03:42:09.109793+00:00,77.62959563375249,72.80837002260385,4.821225611148634,1.3931,-1,919.5387719442568,
2026-09-08T03:42:09.244382+00:00,77.62959563375249,72.80837002260385,4.821225611148634,1.3833,-1,919.5387719442568,
2026-09-08T03:42:09.402267+00:00,77.62959563375249,72.80837002260385,4.821225611148634,1.3736,-1,919.5387719442568,
2026-09-08T03:42:09.561876+00:00,77.62969216682541,72.79460156077369,4.835090606051722,1.6578,-1,919.4694469697414,
2026-09-08T03:42:09.701443+00:00,77.62969216682541,72.79460156077369,4.835090606051722,1.6441,-1,919.4694469697414,
2026-09-08T03:42:09.889480+00:00,77.62969216682541,72.79460156077369,4.835090606051722,1.6306,-1,919.4694469697414,
2026-09-08T03:42:10.030963+00:00,77.62969216682541,72.79460156077369,4.835090606051722,1.6173,-1,919.4694469697414,
2026-09-08T03:42:10.181254+00:00,77.62969216682541,72.79460156077369,4.835090606051722,1.6041,-1,919.4694469697414,
2026-09-08T03:42:10.352825+00:00,77.62969216682541,72.79460156077369,4.835090606051722,1.5911,-1,919.4694469697414,
2026-09-08T03:42:10.503019+00:00,77.63032582687549,72.7885170400253,4.841808786850194,1.7167,-1,919.435856065749,
2026-09-08T03:42:10.647113+00:00,77.63032582687549,72.7885170400253,4.841808786850194,1.7018,-1,919.435856065749,
2026-09-08T03:42:10.798983+00:00,77.63032582687549,72.7885170400253,4.841808786850194,1.6872,-1,919.435856065749,
2026-09-08T03:42:10.946222+00:00,77.63032582687549,72.7885170400253,4.841808786850194,1.6729,-1,919.435856065749,
2026-09-08T03:42:11.127914+00:00,77.63032582687549,72.7885170400253,4.841808786850194,1.6589,-1,919.435856065749,
2026-09-08T03:42:11.264422+00:00,77.63032582687549,72.7885170400253,4.841808786850194,1.6451,-1,919.435856065749,
2026-09-08T03:42:11.420032+00:00,77.63032582687549,72.7885170400253,4.841808786850194,1.6315,-1,919.435856065749,
2026-09-08T03:42:11.574525+00:00,77.62928629466346,72.79303196037954,4.836254334283922,1.5064,-1,919.4636283285804,
2026-09-08T03:42:11.722766+00:00,77.62928629466346,72.79303196037954,4.836254334283922,1.4949,-1,919.4636283285804,
2026-09-08T03:42:11.880917+00:00,77.62928629466346,72.79303196037954,4.836254334283922,1.4839,-1,919.4636283285804,
2026-09-08T03:42:12.034185+00:00,77.62928629466346,72.79303196037954,4.836254334283922,1.4731,-1,919.4636283285804,
2026-09-08T03:42:12.192048+00:00,77.62928629466346,72.79303196037954,4.836254334283922,1.4624,-1,919.4636283285804,
2026-09-08T03:42:12.331263+00:00,77.62928629466346,72.79303196037954,4.836254334283922,1.4519,-1,919.4636283285804,
2026-09-08T03:42:12.480082+00:00,77.62928629466346,72.79303196037954,4.836254334283922,1.4415,-1,919.4636283285804,
2026-09-08T03:42:12.632267+00:00,77.62935876805565,72.78584859152356,4.843510176532092,1.5751,-1,919.4273491173395,
2026-09-08T03:42:12.789722+00:00,77.62935876805565,72.78584859152356,4.843510176532092,1.5625,-1,919.4273491173395,
2026-09-08T03:42:12.942522+00:00,77.62935876805565,72.78584859152356,4.843510176532092,1.5502,-1,919.4273491173395,
2026-09-08T03:42:13.095800+00:00,77.62935876805565,72.78584859152356,4.843510176532092,1.5379,-1,919.4273491173395,
2026-09-08T03:42:13.246295+00:00,77.62935876805565,72.78584859152356,4.843510176532092,1.5259,-1,919.4273491173395,
2026-09-08T03:42:13.398513+00:00,77.62935876805565,72.78584859152356,4.843510176532092,1.514,-1,919.4273491173395,
2026-09-08T03:42:13.547823+00:00,77.62966801221647,72.79758378375861,4.832084228457859,1.2783,-1,919.4844788577107,
2026-09-08T03:42:13.704603+00:00,77.62966801221647,72.79758378375861,4.832084228457859,1.2694,-1,919.4844788577107,
2026-09-08T03:42:13.870057+00:00,77.62966801221647,72.79758378375861,4.832084228457859,1.2607,-1,919.4844788577107,
2026-09-08T03:42:14.011666+00:00,77.62966801221647,72.79758378375861,4.832084228457859,1.2521,-1,919.4844788577107,
2026-09-08T03:42:14.160423+00:00,77.62966801221647,72.79758378375861,4.832084228457859,1.2435,-1,919.4844788577107,
2026-09-08T03:42:14.330144+00:00,77.62966801221647,72.79758378375861,4.832084228457859,1.2349,-1,919.4844788577107,
2026-09-08T03:42:14.476261+00:00,77.62966801221647,72.79758378375861,4.832084228457859,1.2264,-1,919.4844788577107,
2026-09-08T03:42:14.619300+00:00,77.6274321457846,72.80299209174795,4.824440054036643,1.0683,-1,919.5226997298167,
2026-09-08T03:42:14.781840+00:00,77.6274321457846,72.80299209174795,4.824440054036643,1.0612,-1,919.5226997298167,
2026-09-08T03:42:14.923726+00:00,77.6274321457846,72.80299209174795,4.824440054036643,1.0541,-1,919.5226997298167,
2026-09-08T03:42:15.087682+00:00,77.6274321457846,72.80299209174795,4.824440054036643,1.0471,-1,919.5226997298167,
2026-09-08T03:42:15.271823+00:00,77.6274321457846,72.80299209174795,4.824440054036643,1.0401,-1,919.5226997298167,
2026-09-08T03:42:15.441350+00:00,77.6274321457846,72.80299209174795,4.824440054036643,1.0332,-1,919.5226997298167,
2026-09-08T03:42:15.580302+00:00,77.62465539114514,72.77949729742875,4.8451580937163925,1.4312,-1,919.419109531418,
2026-09-08T03:42:15.737080+00:00,77.62465539114514,72.77949729742875,4.8451580937163925,1.4208,-1,919.419109531418,
2026-09-08T03:42:15.891813+00:00,77.62465539114514,72.77949729742875,4.8451580937163925,1.4105,-1,919.419109531418,
2026-09-08T03:42:16.060088+00:00,77.62465539114514,72.77949729742875,4.8451580937163925,1.4005,-1,919.419109531418,
2026-09-08T03:42:16.203498+00:00,77.62465539114514,72.77949729742875,4.8451580937163925,1.3907,-1,919.419109531418,
2026-09-08T03:42:16.348683+00:00,77.62465539114514,72.77949729742875,4.8451580937163925,1.3811,-1,919.419109531418,
2026-09-08T03:42:16.523521+00:00,77.62465539114514,72.77949729742875,4.8451580937163925,1.3715,-1,919.419109531418,
2026-09-08T03:42:16.774500+00:00,77.6247625869299,72.8071159315875,4.817646655342401,0.8273,-1,919.556666723288,
2026-09-08T03:42:16.964319+00:00,77.6247625869299,72.8071159315875,4.817646655342401,0.8216,-1,919.556666723288,
2026-09-08T03:42:17.133494+00:00,77.6247625869299,72.8071159315875,4.817646655342401,0.8159,-1,919.556666723288,
2026-09-08T03:42:17.283588+00:00,77.6247625869299,72.8071159315875,4.817646655342401,0.8102,-1,919.556666723288,
2026-09-08T03:42:17.425075+00:00,77.6247625869299,72.8071159315875,4.817646655342401,0.8046,-1,919.556666723288,
2026-09-08T03:42:17.579303+00:00,77.62976558356715,72.80851403128128,4.821251552285872,0.8697,-1,919.5386422385707,
2026-09-08T03:42:17.724113+00:00,77.62976558356715,72.80851403128128,4.821251552285872,0.8638,-1,919.5386422385707,
2026-09-08T03:42:17.879649+00:00,77.62976558356715,72.80851403128128,4.821251552285872,0.858,-1,919.5386422385707,
2026-09-08T03:42:18.032001+00:00,77.62976558356715,72.80851403128128,4.821251552285872,0.8523,-1,919.5386422385707,
2026-09-08T03:42:18.186611+00:00,77.62976558356715,72.80851403128128,4.821251552285872,0.8465,-1,919.5386422385707,
2026-09-08T03:42:18.338670+00:00,77.62976558356715,72.80851403128128,4.821251552285872,0.8408,-1,919.5386422385707,
2026-09-08T03:42:18.496850+00:00,77.62976558356715,72.80851403128128,4.821251552285872,0.8352,-1,919.5386422385707,
2026-09-08T03:42:18.648176+00:00,77.63245008706244,72.80917899445069,4.823271092611748,0.8696,-1,919.5285445369412,
2026-09-08T03:42:18.812449+00:00,77.63245008706244,72.80917899445069,4.823271092611748,0.8637,-1,919.5285445369412,
2026-09-08T03:42:18.950737+00:00,77.63245008706244,72.80917899445069,4.823271092611748,0.8578,-1,919.5285445369412,
2026-09-08T03:42:19.110441+00:00,77.63245008706244,72.80917899445069,4.823271092611748,0.8519,-1,919.5285445369412,
2026-09-08T03:42:19.259125+00:00,77.63245008706244,72.80917899445069,4.823271092611748,0.8461,-1,919.5285445369412,
2026-09-08T03:42:19.406734+00:00,77.63245008706244,72.80917899445069,4.823271092611748,0.8404,-1,919.5285445369412,
2026-09-08T03:42:19.558463+00:00,77.63245008706244,72.80917899445069,4.823271092611748,0.8346,-1,919.5285445369412,
2026-09-08T03:42:19.709479+00:00,77.63333781912931,72.80865419355021,4.824683625579098,0.8572,-1,919.5214818721045,
2026-09-08T03:42:19.854828+00:00,77.63333781912931,72.80865419355021,4.824683625579098,0.8513,-1,919.5214818721045,
2026-09-08T03:42:20.030750+00:00,77.63333781912931,72.80865419355021,4.824683625579098,0.8455,-1,919.5214818721045,
2026-09-08T03:42:20.169022+00:00,77.63333781912931,72.80865419355021,4.824683625579098,0.8398,-1,919.5214818721045,
2026-09-08T03:42:20.316561+00:00,77.63333781912931,72.80865419355021,4.824683625579098,0.8342,-1,919.5214818721045,
2026-09-08T03:42:20.476426+00:00,77.63333781912931,72.80865419355021,4.824683625579098,0.8286,-1,919.5214818721045,
2026-09-08T03:42:20.627264+00:00,77.63085992389902,72.81421561677871,4.816644307120313,0.6617,-1,919.5616784643984,
2026-09-08T03:42:20.816872+00:00,77.63085992389902,72.81421561677871,4.816644307120313,0.6569,-1,919.5616784643984,
2026-09-08T03:42:20.953965+00:00,77.63085992389902,72.81421561677871,4.816644307120313,0.6521,-1,919.5616784643984,
2026-09-08T03:42:21.105283+00:00,77.63085992389902,72.81421561677871,4.816644307120313,0.6474,-1,919.5616784643984,
2026-09-08T03:42:21.260296+00:00,77.63085992389902,72.81421561677871,4.816644307120313,0.6423,-1,919.5616784643984,
2026-09-08T03:42:21.411216+00:00,77.63085992389902,72.81421561677871,4.816644307120313,0.6373,-1,919.5616784643984,
2026-09-08T03:42:21.564543+00:00,77.63085992389902,72.81421561677871,4.816644307120313,0.6323,-1,919.6039540611993,
2026-09-08T03:42:21.729665+00:00,77.63402887558591,72.82583968782578,4.808189187760135,0.4559,-1,919.6039540611993,
2026-09-08T03:42:21.873613+00:00,77.63402887558591,72.82583968782578,4.808189187760135,0.4513,-1,919.6039540611993,
2026-09-08T03:42:22.016889+00:00,77.63402887558591,72.82583968782578,4.808189187760135,0.4463,-1,919.6039540611993,
2026-09-08T03:42:22.172468+00:00,77.63402887558591,72.82583968782578,4.808189187760135,0.4413,-1,919.6039540611993,
2026-09-08T03:42:22.349705+00:00,77.63402887558591,72.82583968782578,4.808189187760135,0.4362,-1,919.6039540611993,
2026-09-08T03:42:22.491151+00:00,77.63402887558591,72.82583968782578,4.808189187760135,0.4311,-1,919.6039540611993,
2026-09-08T03:42:22.648270+00:00,77.63420282316035,72.82087951002707,4.8133233131332815,0.5324,-1,919.5782834343336,
2026-09-08T03:42:22.800902+00:00,77.63420282316035,72.82087951002707,4.8133233131332815,0.5273,-1,919.5782834343336,
2026-09-08T03:42:22.946585+00:00,77.63420282316035,72.82087951002707,4.8133233131332815,0.5222,-1,919.5782834343336,
2026-09-08T03:42:23.104243+00:00,77.63420282316035,72.82087951002707,4.8133233131332815,0.517,-1,919.5782834343336,
2026-09-08T03:42:23.252139+00:00,77.63420282316035,72.82087951002707,4.8133233131332815,0.5119,-1,919.5782834343336,
2026-09-08T03:42:23.395420+00:00,77.63420282316035,72.82087951002707,4.8133233131332815,0.5067,-1,919.5782834343336,
2026-09-08T03:42:23.544955+00:00,77.63420282316035,72.82087951002707,4.8133233131332815,0.5015,-1,919.5782834343336,
2026-09-08T03:42:23.696482+00:00,77.63553160107949,72.82098265928795,4.814548941791543,0.5226,-1,919.5721552910422,
2026-09-08T03:42:23.855746+00:00,77.63553160107949,72.82098265928795,4.814548941791543,0.5174,-1,919.5721552910422,
2026-09-08T03:42:24.001595+00:00,77.63553160107949,72.82098265928795,4.814548941791543,0.5122,-1,919.5721552910422,
2026-09-08T03:42:24.148567+00:00,77.63553160107949,72.82098265928795,4.814548941791543,0.5071,-1,919.5721552910422,
2026-09-08T03:42:24.307366+00:00,77.63553160107949,72.82098265928795,4.814548941791543,0.5019,-1,919.5721552910422,
2026-09-08T03:42:24.450816+00:00,77.63553160107949,72.82098265928795,4.814548941791543,0.4967,-1,919.5721552910422,
2026-09-08T03:42:24.611418+00:00,77.63636716682478,72.82118538412007,4.8151817827047125,0.5055,-1,919.5689910864764,
2026-09-08T03:42:24.762242+00:00,77.63636716682478,72.82118538412007,4.8151817827047125,0.5003,-1,919.5689910864764,
2026-09-08T03:42:24.936304+00:00,77.63636716682478,72.82118538412007,4.8151817827047125,0.4951,-1,919.5689910864764,
2026-09-08T03:42:25.074782+00:00,77.63636716682478,72.82118538412007,4.8151817827047125,0.4899,-1,919.5689910864764,
2026-09-08T03:42:25.227161+00:00,77.63636716682478,72.82118538412007,4.8151817827047125,0.4847,-1,919.5689910864764,
2026-09-08T03:42:25.381624+00:00,77.63636716682478,72.82118538412007,4.8151817827047125,0.4796,-1,919.5689910864764,
2026-09-08T03:42:25.528589+00:00,77.63636716682478,72.82118538412007,4.8151817827047125,0.4744,-1,919.5689910864764,
2026-09-08T03:42:25.686642+00:00,77.63911587346006,72.81688035820873,4.822235515251322,0.6305,-1,919.5337224237434,
2026-09-08T03:42:25.833017+00:00,77.63911587346006,72.81688035820873,4.822235515251322,0.6253,-1,919.5337224237434,
2026-09-08T03:42:25.986729+00:00,77.63911587346006,72.81688035820873,4.822235515251322,0.6202,-1,919.5337224237434,
2026-09-08T03:42:26.138375+00:00,77.63911587346006,72.81688035820873,4.822235515251322,0.6152,-1,919.5337224237434,
2026-09-08T03:42:26.295227+00:00,77.63911587346006,72.81688035820873,4.822235515251322,0.6103,-1,919.5337224237434,
2026-09-08T03:42:26.447281+00:00,77.63911587346006,72.81688035820873,4.822235515251322,0.6053,-1,919.5337224237434,
2026-09-08T03:42:26.590055+00:00,77.63911587346006,72.81688035820873,4.822235515251322,0.6004,-1,919.5337224237434,
2026-09-08T03:42:26.744786+00:00,77.63870447273852,72.8267060522135,4.811998420525029,0.3514,-1,919.5849078973748,
2026-09-08T03:42:26.894355+00:00,77.63870447273852,72.8267060522135,4.811998420525029,0.3457,-1,919.5849078973748,
2026-09-08T03:42:27.045256+00:00,77.63870447273852,72.8267060522135,4.811998420525029,0.3399,-1,919.5849078973748,
2026-09-08T03:42:27.199916+00:00,77.63870447273852,72.8267060522135,4.811998420525029,0.3342,-1,919.5849078973748,
2026-09-08T03:42:27.353351+00:00,77.63870447273852,72.8267060522135,4.811998420525029,0.3283,-1,919.5849078973748,
2026-09-08T03:42:27.497848+00:00,77.63870447273852,72.8267060522135,4.811998420525029,0.3225,-1,919.5849078973748,
2026-09-08T03:42:27.649974+00:00,77.6377232842285,72.82808289587474,4.809640388353756,0.2576,-1,919.5966980582311,
2026-09-08T03:42:27.806189+00:00,77.6377232842285,72.82808289587474,4.809640388353756,0.2515,-1,919.5966980582311,
2026-09-08T03:42:28.082353+00:00,77.6377232842285,72.82808289587474,4.809640388353756,0.2454,0,919.5966980582311,buy 5x BTC-MINI; sell 5x ETH-MINI
2026-09-08T03:42:28.223692+00:00,77.6377232842285,72.82808289587474,4.809640388353756,0.2393,0,910.4961,
2026-09-08T03:42:28.369169+00:00,77.6377232842285,72.82808289587474,4.809640388353756,0.233,0,910.4961,
2026-09-08T03:42:28.527141+00:00,77.6377232842285,72.82808289587474,4.809640388353756,0.2267,0,910.4961,
2026-09-08T03:42:28.690692+00:00,77.63727073588105,72.83743325355822,4.799837482322829,-0.0367,0,910.4961,
2026-09-08T03:42:28.860683+00:00,77.63727073588105,72.83743325355822,4.799837482322829,-0.0452,0,910.4961,
2026-09-08T03:42:29.023082+00:00,77.63727073588105,72.83743325355822,4.799837482322829,-0.0539,0,910.4961,
2026-09-08T03:42:29.268999+00:00,77.63727073588105,72.83743325355822,4.799837482322829,-0.0621,0,910.4961,
2026-09-08T03:42:29.536311+00:00,77.63727073588105,72.83743325355822,4.799837482322829,-0.0705,0,910.4961,
2026-09-08T03:42:29.680644+00:00,77.63835903005351,72.84987034165293,4.788488688400577,-0.3915,0,910.4961,
2026-09-08T03:42:29.829073+00:00,77.63835903005351,72.84987034165293,4.788488688400577,-0.4023,0,910.4961,
2026-09-08T03:42:29.978529+00:00,77.63835903005351,72.84987034165293,4.788488688400577,-0.4133,0,910.4961,
2026-09-08T03:42:30.134032+00:00,77.63835903005351,72.84987034165293,4.788488688400577,-0.4245,0,910.4961,
2026-09-08T03:42:30.283881+00:00,77.63835903005351,72.84987034165293,4.788488688400577,-0.4361,0,910.4961,
2026-09-08T03:42:30.444427+00:00,77.63835903005351,72.84987034165293,4.788488688400577,-0.4481,0,910.4961,
2026-09-08T03:42:30.581198+00:00,77.63835903005351,72.84987034165293,4.788488688400577,-0.456,0,910.4961,
2026-09-08T03:42:30.738992+00:00,77.63805043430962,72.85366076421934,4.7843896700902775,-0.5843,0,910.4961,
2026-09-08T03:42:30.892307+00:00,77.63805043430962,72.85366076421934,4.7843896700902775,-0.5928,0,910.4961,
2026-09-08T03:42:31.092597+00:00,77.63805043430962,72.85366076421934,4.7843896700902775,-0.6014,0,910.4961,
2026-09-08T03:42:31.229458+00:00,77.63805043430962,72.85366076421934,4.7843896700902775,-0.6102,0,910.4961,
2026-09-08T03:42:31.382884+00:00,77.63805043430962,72.85366076421934,4.7843896700902775,-0.6191,0,910.4961,
2026-09-08T03:42:31.546154+00:00,77.63805043430962,72.85366076421934,4.7843896700902775,-0.6277,0,910.4961,
2026-09-08T03:42:31.689904+00:00,77.63604758303435,72.8490931663063,4.786954416728051,-0.5584,0,910.4961,
2026-09-08T03:42:31.846165+00:00,77.63604758303435,72.8490931663063,4.786954416728051,-0.5672,0,910.4961,
2026-09-08T03:42:32.012864+00:00,77.63604758303435,72.8490931663063,4.786954416728051,-0.5761,0,910.4961,
2026-09-08T03:42:32.163173+00:00,77.63604758303435,72.8490931663063,4.786954416728051,-0.5852,0,910.4961,
2026-09-08T03:42:32.302387+00:00,77.63604758303435,72.8490931663063,4.786954416728051,-0.5945,0,910.4961,
2026-09-08T03:42:32.456560+00:00,77.63604758303435,72.8490931663063,4.786954416728051,-0.6014,0,910.4961,
2026-09-08T03:42:32.602932+00:00,77.63604758303435,72.8490931663063,4.786954416728051,-0.6085,0,910.4961,
2026-09-08T03:42:32.759779+00:00,77.63800000805595,72.85002640778465,4.7879736002713,-0.5832,0,910.4961,
2026-09-08T03:42:32.908267+00:00,77.63800000805595,72.85002640778465,4.7879736002713,-0.5904,0,910.4961,
2026-09-08T03:42:33.063103+00:00,77.63800000805595,72.85002640778465,4.7879736002713,-0.5977,0,910.4961,
2026-09-08T03:42:33.208456+00:00,77.63800000805595,72.85002640778465,4.7879736002713,-0.6061,0,910.4961,
2026-09-08T03:42:33.364083+00:00,77.63800000805595,72.85002640778465,4.7879736002713,-0.6147,0,910.4961,
2026-09-08T03:42:33.524781+00:00,77.63800000805595,72.85002640778465,4.7879736002713,-0.6234,0,910.4961,
2026-09-08T03:42:33.681627+00:00,77.63899295861266,72.85278512475196,4.786207833860701,-0.6904,0,910.4961,
2026-09-08T03:42:33.829686+00:00,77.63899295861266,72.85278512475196,4.786207833860701,-0.6996,0,910.4961,
2026-09-08T03:42:33.979106+00:00,77.63899295861266,72.85278512475196,4.786207833860701,-0.7062,0,910.4961,
2026-09-08T03:42:34.134651+00:00,77.63899295861266,72.85278512475196,4.786207833860701,-0.7129,0,910.4961,
2026-09-08T03:42:34.285259+00:00,77.63899295861266,72.85278512475196,4.786207833860701,-0.7197,0,910.4961,
2026-09-08T03:42:34.443949+00:00,77.63899295861266,72.85278512475196,4.786207833860701,-0.7266,0,910.4961,
2026-09-08T03:42:34.599460+00:00,77.63899295861266,72.85278512475196,4.786207833860701,-0.7336,0,910.4961,
2026-09-08T03:42:34.737091+00:00,77.63810523366587,72.85643498906082,4.781670244605053,-0.8949,0,910.4961,
2026-09-08T03:42:34.896960+00:00,77.63810523366587,72.85643498906082,4.781670244605053,-0.9021,0,910.4961,
2026-09-08T03:42:35.049215+00:00,77.63810523366587,72.85643498906082,4.781670244605053,-0.9094,0,910.4961,
2026-09-08T03:42:35.189645+00:00,77.63810523366587,72.85643498906082,4.781670244605053,-0.9168,0,910.4961,
2026-09-08T03:42:35.346755+00:00,77.63810523366587,72.85643498906082,4.781670244605053,-0.9243,0,910.4961,
2026-09-08T03:42:35.566091+00:00,77.63810523366587,72.85643498906082,4.781670244605053,-0.9319,0,910.4961,
2026-09-08T03:42:35.732319+00:00,77.64172366947238,72.86768940930806,4.774034260164328,-1.2058,0,910.4961,
2026-09-08T03:42:35.871675+00:00,77.64172366947238,72.86768940930806,4.774034260164328,-1.2119,0,910.4961,
2026-09-08T03:42:36.028756+00:00,77.64172366947238,72.86768940930806,4.774034260164328,-1.2181,0,910.4961,
2026-09-08T03:42:36.184047+00:00,77.64172366947238,72.86768940930806,4.774034260164328,-1.2243,0,910.4961,
2026-09-08T03:42:36.330080+00:00,77.64172366947238,72.86768940930806,4.774034260164328,-1.2306,0,910.4961,
2026-09-08T03:42:36.490173+00:00,77.64172366947238,72.86768940930806,4.774034260164328,-1.2369,0,910.4961,
2026-09-08T03:42:36.631919+00:00,77.64172366947238,72.86768940930806,4.774034260164328,-1.2395,0,910.4961,
2026-09-08T03:42:36.779690+00:00,77.63931421992646,72.86738110200343,4.771933117923027,-1.3165,0,910.4961,
2026-09-08T03:42:36.931251+00:00,77.63931421992646,72.86738110200343,4.771933117923027,-1.3185,0,910.4961,
2026-09-08T03:42:37.084084+00:00,77.63931421992646,72.86738110200343,4.771933117923027,-1.3205,0,910.4961,
2026-09-08T03:42:37.234879+00:00,77.63931421992646,72.86738110200343,4.771933117923027,-1.3225,0,910.4961,
2026-09-08T03:42:37.406899+00:00,77.63931421992646,72.86738110200343,4.771933117923027,-1.3245,0,910.4961,
2026-09-08T03:42:37.577754+00:00,77.63931421992646,72.86738110200343,4.771933117923027,-1.3264,0,910.4961,
2026-09-08T03:42:37.714727+00:00,77.64178230367284,72.85344797570973,4.788334327963113,-0.7417,0,910.4961,
2026-09-08T03:42:37.904620+00:00,77.64178230367284,72.85344797570973,4.788334327963113,-0.7466,0,910.4961,
2026-09-08T03:42:38.048048+00:00,77.64178230367284,72.85344797570973,4.788334327963113,-0.7543,0,910.4961,
2026-09-08T03:42:38.204512+00:00,77.64178230367284,72.85344797570973,4.788334327963113,-0.7621,0,910.4961,
2026-09-08T03:42:38.356416+00:00,77.64178230367284,72.85344797570973,4.788334327963113,-0.7701,0,910.4961,
2026-09-08T03:42:38.507293+00:00,77.64178230367284,72.85344797570973,4.788334327963113,-0.7781,0,910.4961,
2026-09-08T03:42:38.650486+00:00,77.64178230367284,72.85344797570973,4.788334327963113,-0.7863,0,910.4961,
2026-09-08T03:42:38.810713+00:00,77.64055893476136,72.8307360713488,4.809822863412563,0.006,0,910.4961,
2026-09-08T03:42:38.960538+00:00,77.64055893476136,72.8307360713488,4.809822863412563,0.0004,0,910.4961,
2026-09-08T03:42:39.102419+00:00,77.64055893476136,72.8307360713488,4.809822863412563,-0.0053,0,910.4961,
2026-09-08T03:42:39.250813+00:00,77.64055893476136,72.8307360713488,4.809822863412563,-0.011,0,910.4961,
2026-09-08T03:42:39.402373+00:00,77.64055893476136,72.8307360713488,4.809822863412563,-0.0168,0,910.4961,
2026-09-08T03:42:39.566332+00:00,77.64055893476136,72.8307360713488,4.809822863412563,-0.0227,0,910.4961,
2026-09-08T03:42:39.704212+00:00,77.64333628560817,72.81947580307576,4.82386048253241,0.5089,0,910.4961,
2026-09-08T03:42:39.885094+00:00,77.64333628560817,72.81947580307576,4.82386048253241,0.5037,0,910.4961,
2026-09-08T03:42:40.044351+00:00,77.64333628560817,72.81947580307576,4.82386048253241,0.4985,0,910.4961,
2026-09-08T03:42:40.189096+00:00,77.64333628560817,72.81947580307576,4.82386048253241,0.4933,0,910.4961,
2026-09-08T03:42:40.408158+00:00,77.64333628560817,72.81947580307576,4.82386048253241,0.488,0,910.4961,
2026-09-08T03:42:40.556039+00:00,77.64333628560817,72.81947580307576,4.82386048253241,0.4828,0,910.4961,
2026-09-08T03:42:40.706840+00:00,77.64443248021479,72.81093052300078,4.833501957214011,0.8602,0,910.4961,
2026-09-08T03:42:40.863003+00:00,77.64443248021479,72.81093052300078,4.833501957214011,0.8558,0,910.4961,
2026-09-08T03:42:41.003962+00:00,77.64443248021479,72.81093052300078,4.833501957214011,0.8514,0,910.4961,
2026-09-08T03:42:41.148267+00:00,77.64443248021479,72.81093052300078,4.833501957214011,0.8471,0,910.4961,
2026-09-08T03:42:41.315150+00:00,77.64443248021479,72.81093052300078,4.833501957214011,0.8429,0,910.4961,
2026-09-08T03:42:41.453368+00:00,77.64443248021479,72.81093052300078,4.833501957214011,0.8391,0,910.4961,
2026-09-08T03:42:41.612277+00:00,77.64443248021479,72.81093052300078,4.833501957214011,0.8353,0,910.4961,
2026-09-08T03:42:41.779529+00:00,77.64511014697176,72.80334477485601,4.841765372115745,1.1764,0,910.4961,
2026-09-08T03:42:41.919191+00:00,77.64511014697176,72.80334477485601,4.841765372115745,1.1734,0,910.4961,
2026-09-08T03:42:42.074894+00:00,77.64511014697176,72.80334477485601,4.841765372115745,1.1706,0,910.4961,
2026-09-08T03:42:42.222822+00:00,77.64511014697176,72.80334477485601,4.841765372115745,1.1681,0,910.4961,
2026-09-08T03:42:42.375767+00:00,77.64511014697176,72.80334477485601,4.841765372115745,1.1646,0,910.4961,
2026-09-08T03:42:42.525955+00:00,77.64511014697176,72.80334477485601,4.841765372115745,1.1613,0,910.4961,
2026-09-08T03:42:42.690524+00:00,77.64788289595819,72.80846137223126,4.8394215237269265,1.0559,0,910.4961,
2026-09-08T03:42:42.866525+00:00,77.64788289595819,72.80846137223126,4.8394215237269265,1.0529,0,910.4961,
2026-09-08T03:42:43.007396+00:00,77.64788289595819,72.80846137223126,4.8394215237269265,1.0501,0,910.4961,
2026-09-08T03:42:43.191050+00:00,77.64788289595819,72.80846137223126,4.8394215237269265,1.0475,0,910.4961,
2026-09-08T03:42:43.328903+00:00,77.64788289595819,72.80846137223126,4.8394215237269265,1.0421,0,910.4961,
2026-09-08T03:42:43.480691+00:00,77.64788289595819,72.80846137223126,4.8394215237269265,1.0368,0,910.4961,
2026-09-08T03:42:43.635579+00:00,77.64788289595819,72.80846137223126,4.8394215237269265,1.0315,0,910.4961,
2026-09-08T03:42:43.784498+00:00,77.65055560412941,72.81363247748168,4.836923126647733,0.9123,0,910.4961,
2026-09-08T03:42:43.934788+00:00,77.65055560412941,72.81363247748168,4.836923126647733,0.9073,0,910.4961,
2026-09-08T03:42:44.087696+00:00,77.65055560412941,72.81363247748168,4.836923126647733,0.9013,0,910.4961,
2026-09-08T03:42:44.234790+00:00,77.65055560412941,72.81363247748168,4.836923126647733,0.8953,0,910.4961,
2026-09-08T03:42:44.395498+00:00,77.65055560412941,72.81363247748168,4.836923126647733,0.8893,0,910.4961,
2026-09-08T03:42:44.553393+00:00,77.65055560412941,72.81363247748168,4.836923126647733,0.8833,0,910.4961,
2026-09-08T03:42:44.695134+00:00,77.64944557485256,72.81533514829562,4.834110426556947,0.7472,0,910.4961,
2026-09-08T03:42:44.912849+00:00,77.64944557485256,72.81533514829562,4.834110426556947,0.7418,0,910.4961,
2026-09-08T03:42:45.051440+00:00,77.64944557485256,72.81533514829562,4.834110426556947,0.7368,0,910.4961,
2026-09-08T03:42:45.203371+00:00,77.64944557485256,72.81533514829562,4.834110426556947,0.7317,0,910.4961,
2026-09-08T03:42:45.352070+00:00,77.64944557485256,72.81533514829562,4.834110426556947,0.7267,0,910.4961,
2026-09-08T03:42:45.511904+00:00,77.64944557485256,72.81533514829562,4.834110426556947,0.7217,0,910.4961,
2026-09-08T03:42:45.657761+00:00,77.64944557485256,72.81533514829562,4.834110426556947,0.7167,0,910.4961,
2026-09-08T03:42:45.807120+00:00,77.65294549556471,72.82083549009053,4.832110005474178,0.6187,0,910.4961,
2026-09-08T03:42:45.964467+00:00,77.65294549556471,72.82083549009053,4.832110005474178,0.6143,0,910.4961,
2026-09-08T03:42:46.111201+00:00,77.65294549556471,72.82083549009053,4.832110005474178,0.61,0,910.4961,
2026-09-08T03:42:46.273057+00:00,77.65294549556471,72.82083549009053,4.832110005474178,0.6056,0,910.4961,
2026-09-08T03:42:46.415881+00:00,77.65294549556471,72.82083549009053,4.832110005474178,0.6013,0,910.4961,
2026-09-08T03:42:46.566812+00:00,77.65294549556471,72.82083549009053,4.832110005474178,0.5969,0,910.4961,
2026-09-08T03:42:46.718706+00:00,77.65720688382622,72.83508784627625,4.822119037549967,0.1278,0,910.4961,
2026-09-08T03:42:46.877912+00:00,77.65720688382622,72.83508784627625,4.822119037549967,0.1266,0,910.4961,
2026-09-08T03:42:47.026321+00:00,77.65720688382622,72.83508784627625,4.822119037549967,0.1253,0,910.4961,
2026-09-08T03:42:47.205225+00:00,77.65720688382622,72.83508784627625,4.822119037549967,0.1241,0,910.4961,
2026-09-08T03:42:47.356654+00:00,77.65720688382622,72.83508784627625,4.822119037549967,0.1228,0,910.4961,
2026-09-08T03:42:47.501796+00:00,77.65720688382622,72.83508784627625,4.822119037549967,0.1229,0,910.4961,
2026-09-08T03:42:47.653136+00:00,77.65720688382622,72.83508784627625,4.822119037549967,0.1229,0,910.4961,
2026-09-08T03:42:47.796166+00:00,77.65845479072092,72.85759059799014,4.800864192730785,-0.8684,0,910.4961,
2026-09-08T03:42:47.947661+00:00,77.65845479072092,72.85759059799014,4.800864192730785,-0.864,0,910.4961,
2026-09-08T03:42:48.105467+00:00,77.65845479072092,72.85759059799014,4.800864192730785,-0.8596,0,910.4961,
2026-09-08T03:42:48.252395+00:00,77.65845479072092,72.85759059799014,4.800864192730785,-0.8542,0,910.4961,
2026-09-08T03:42:48.402857+00:00,77.65845479072092,72.85759059799014,4.800864192730785,-0.8487,0,910.4961,
2026-09-08T03:42:48.564853+00:00,77.65845479072092,72.85759059799014,4.800864192730785,-0.8433,0,910.4961,
2026-09-08T03:42:48.703311+00:00,77.6592938311986,72.87579214169894,4.7835016894996585,-1.6385,0,910.4961,
2026-09-08T03:42:48.878721+00:00,77.6592938311986,72.87579214169894,4.7835016894996585,-1.6248,0,910.4961,
2026-09-08T03:42:49.036806+00:00,77.6592938311986,72.87579214169894,4.7835016894996585,-1.6114,0,910.4961,
2026-09-08T03:42:49.215036+00:00,77.6592938311986,72.87579214169894,4.7835016894996585,-1.5993,0,910.4961,
2026-09-08T03:42:49.363390+00:00,77.6592938311986,72.87579214169894,4.7835016894996585,-1.5875,0,910.4961,
2026-09-08T03:42:49.509782+00:00,77.6592938311986,72.87579214169894,4.7835016894996585,-1.5758,0,910.4961,
2026-09-08T03:42:49.655511+00:00,77.6592938311986,72.87579214169894,4.7835016894996585,-1.5643,0,910.4961,
2026-09-08T03:42:49.807030+00:00,77.65890309309269,72.88232170510119,4.776581387991499,-1.8655,0,910.4961,
2026-09-08T03:42:49.959183+00:00,77.65890309309269,72.88232170510119,4.776581387991499,-1.8502,0,910.4961,
2026-09-08T03:42:50.111127+00:00,77.65890309309269,72.88232170510119,4.776581387991499,-1.8352,0,910.4961,
2026-09-08T03:42:50.260758+00:00,77.65890309309269,72.88232170510119,4.776581387991499,-1.8204,0,910.4961,
2026-09-08T03:42:50.434371+00:00,77.65890309309269,72.88232170510119,4.776581387991499,-1.8059,0,910.4961,
2026-09-08T03:42:50.577873+00:00,77.65890309309269,72.88232170510119,4.776581387991499,-1.7917,0,910.4961,
2026-09-08T03:42:50.758402+00:00,77.66246622561023,72.87006627614493,4.792399949465306,-1.0691,0,910.4961,
2026-09-08T03:42:50.896844+00:00,77.66246622561023,72.87006627614493,4.792399949465306,-1.0622,0,910.4961,
2026-09-08T03:42:51.075688+00:00,77.66246622561023,72.87006627614493,4.792399949465306,-1.0553,0,910.4961,
2026-09-08T03:42:51.211229+00:00,77.66246622561023,72.87006627614493,4.792399949465306,-1.0484,0,910.4961,
2026-09-08T03:42:51.366071+00:00,77.66246622561023,72.87006627614493,4.792399949465306,-1.0416,0,910.4961,
2026-09-08T03:42:51.523047+00:00,77.66246622561023,72.87006627614493,4.792399949465306,-1.0348,0,910.4961,
2026-09-08T03:42:51.712547+00:00,77.66246622561023,72.87006627614493,4.792399949465306,-1.0285,0,910.4961,
2026-09-08T03:42:51.864557+00:00,77.65912470423582,72.84870210627955,4.810422597956276,-0.2028,0,910.4961,
2026-09-08T03:42:52.022128+00:00,77.65912470423582,72.84870210627955,4.810422597956276,-0.1977,0,910.4961,
2026-09-08T03:42:52.162527+00:00,77.65912470423582,72.84870210627955,4.810422597956276,-0.1927,0,910.4961,
2026-09-08T03:42:52.314863+00:00,77.65912470423582,72.84870210627955,4.810422597956276,-0.1876,0,910.4961,
2026-09-08T03:42:52.480278+00:00,77.65912470423582,72.84870210627955,4.810422597956276,-0.1826,0,910.4961,
2026-09-08T03:42:52.622640+00:00,77.65912470423582,72.84870210627955,4.810422597956276,-0.1775,0,910.4961,
2026-09-08T03:42:52.772563+00:00,77.6621783629024,72.85028573103828,4.8118926318641115,-0.1039,0,910.4961,
2026-09-08T03:42:52.927331+00:00,77.6621783629024,72.85028573103828,4.8118926318641115,-0.0988,0,910.4961,
2026-09-08T03:42:53.077396+00:00,77.6621783629024,72.85028573103828,4.8118926318641115,-0.0936,0,910.4961,
2026-09-08T03:42:53.230133+00:00,77.6621783629024,72.85028573103828,4.8118926318641115,-0.0884,0,910.4961,
2026-09-08T03:42:53.382352+00:00,77.6621783629024,72.85028573103828,4.8118926318641115,-0.0835,0,910.4961,
2026-09-08T03:42:53.561571+00:00,77.6621783629024,72.85028573103828,4.8118926318641115,-0.0786,0,910.4961,
2026-09-08T03:42:53.697388+00:00,77.6621783629024,72.85028573103828,4.8118926318641115,-0.0737,0,910.4961,
2026-09-08T03:42:53.849820+00:00,77.66610605786613,72.83270715784826,4.833398900017869,0.9604,0,910.4961,
2026-09-08T03:42:54.001947+00:00,77.66610605786613,72.83270715784826,4.833398900017869,0.9644,0,910.4961,
2026-09-08T03:42:54.156990+00:00,77.66610605786613,72.83270715784826,4.833398900017869,0.9683,0,910.4961,
2026-09-08T03:42:54.314661+00:00,77.66610605786613,72.83270715784826,4.833398900017869,0.9648,0,910.4961,
2026-09-08T03:42:54.470150+00:00,77.66610605786613,72.83270715784826,4.833398900017869,0.9613,0,910.4961,
2026-09-08T03:42:54.611112+00:00,77.66610605786613,72.83270715784826,4.833398900017869,0.9579,0,910.4961,
2026-09-08T03:42:54.754886+00:00,77.66610605786613,72.83270715784826,4.833398900017869,0.9544,0,910.4961,
2026-09-08T03:42:54.946234+00:00,77.66581468436264,72.82170837645039,4.844106307912256,1.4591,0,910.4961,
2026-09-08T03:42:55.083589+00:00,77.66581468436264,72.82170837645039,4.844106307912256,1.4503,0,910.4961,
2026-09-08T03:42:55.236545+00:00,77.66581468436264,72.82170837645039,4.844106307912256,1.442,0,910.4961,
2026-09-08T03:42:55.386245+00:00,77.66581468436264,72.82170837645039,4.844106307912256,1.4337,0,910.4961,
2026-09-08T03:42:55.543273+00:00,77.66581468436264,72.82170837645039,4.844106307912256,1.4255,0,910.4961,
2026-09-08T03:42:55.688468+00:00,77.66581468436264,72.82170837645039,4.844106307912256,1.4174,0,910.4961,
2026-09-08T03:42:55.843463+00:00,77.66605884124651,72.82593456239435,4.840124278852159,1.2244,0,910.4961,
2026-09-08T03:42:55.995000+00:00,77.66605884124651,72.82593456239435,4.840124278852159,1.2186,0,910.4961,
2026-09-08T03:42:56.143955+00:00,77.66605884124651,72.82593456239435,4.840124278852159,1.2129,0,910.4961,
2026-09-08T03:42:56.324294+00:00,77.66605884124651,72.82593456239435,4.840124278852159,1.2111,0,910.4961,
2026-09-08T03:42:56.464060+00:00,77.66605884124651,72.82593456239435,4.840124278852159,1.2092,0,910.4961,
2026-09-08T03:42:56.616085+00:00,77.66605884124651,72.82593456239435,4.840124278852159,1.2074,0,910.4961,
2026-09-08T03:42:56.768465+00:00,77.66605884124651,72.82593456239435,4.840124278852159,1.2056,0,910.4961,
2026-09-08T03:42:56.919101+00:00,77.66320224273,72.82884342871499,4.834358814015005,0.9375,0,910.4961,
2026-09-08T03:42:57.071693+00:00,77.66320224273,72.82884342871499,4.834358814015005,0.9377,0,910.4961,
2026-09-08T03:42:57.227619+00:00,77.66320224273,72.82884342871499,4.834358814015005,0.9401,0,910.4961,
2026-09-08T03:42:57.383132+00:00,77.66320224273,72.82884342871499,4.834358814015005,0.9424,0,910.4961,
2026-09-08T03:42:57.561875+00:00,77.66320224273,72.82884342871499,4.834358814015005,0.9448,0,910.4961,
2026-09-08T03:42:57.704739+00:00,77.66320224273,72.82884342871499,4.834358814015005,0.9472,0,910.4961,
2026-09-08T03:42:57.864404+00:00,77.66122835899935,72.82297429384404,4.838254065155311,1.1308,0,910.4961,
2026-09-08T03:42:58.036047+00:00,77.66122835899935,72.82297429384404,4.838254065155311,1.1321,0,910.4961,
2026-09-08T03:42:58.190051+00:00,77.66122835899935,72.82297429384404,4.838254065155311,1.1334,0,910.4961,
2026-09-08T03:42:58.325618+00:00,77.66122835899935,72.82297429384404,4.838254065155311,1.1328,0,910.4961,
2026-09-08T03:42:58.482060+00:00,77.66122835899935,72.82297429384404,4.838254065155311,1.1321,0,910.4961,
2026-09-08T03:42:58.633502+00:00,77.66122835899935,72.82297429384404,4.838254065155311,1.1314,0,910.4961,
2026-09-08T03:42:58.787115+00:00,77.6610362985476,72.81983959609039,4.841196702457211,1.2673,0,910.4961,
2026-09-08T03:42:58.941378+00:00,77.6610362985476,72.81983959609039,4.841196702457211,1.2654,0,910.4961,
2026-09-08T03:42:59.086134+00:00,77.6610362985476,72.81983959609039,4.841196702457211,1.2635,0,910.4961,
2026-09-08T03:42:59.243861+00:00,77.6610362985476,72.81983959609039,4.841196702457211,1.2616,0,910.4961,
2026-09-08T03:42:59.432336+00:00,77.6610362985476,72.81983959609039,4.841196702457211,1.2626,0,910.4961,
2026-09-08T03:42:59.578719+00:00,77.6610362985476,72.81983959609039,4.841196702457211,1.2635,0,910.4961,
2026-09-08T03:42:59.732897+00:00,77.6610362985476,72.81983959609039,4.841196702457211,1.2645,0,910.4961,
2026-09-08T03:42:59.871564+00:00,77.66056365334276,72.81062151405102,4.849942139291741,1.6697,0,910.4961,
2026-09-08T03:43:00.067906+00:00,77.66056365334276,72.81062151405102,4.849942139291741,1.6662,0,910.4961,
2026-09-08T03:43:00.210868+00:00,77.66056365334276,72.81062151405102,4.849942139291741,1.6627,0,910.4961,
2026-09-08T03:43:00.357166+00:00,77.66056365334276,72.81062151405102,4.849942139291741,1.6542,0,910.4961,
2026-09-08T03:43:00.510537+00:00,77.66056365334276,72.81062151405102,4.849942139291741,1.6458,0,910.4961,
2026-09-08T03:43:00.658472+00:00,77.66056365334276,72.81062151405102,4.849942139291741,1.6376,0,910.4961,
2026-09-08T03:43:00.813022+00:00,77.65908017257851,72.81568401639963,4.843396156178883,1.3319,0,910.4961,
2026-09-08T03:43:00.978803+00:00,77.65908017257851,72.81568401639963,4.843396156178883,1.3277,0,910.4961,
2026-09-08T03:43:01.165777+00:00,77.65908017257851,72.81568401639963,4.843396156178883,1.3235,0,910.4961,
2026-09-08T03:43:01.342463+00:00,77.65908017257851,72.81568401639963,4.843396156178883,1.3193,0,910.4961,
2026-09-08T03:43:01.517033+00:00,77.65908017257851,72.81568401639963,4.843396156178883,1.3131,0,910.4961,
2026-09-08T03:43:01.663960+00:00,77.65908017257851,72.81568401639963,4.843396156178883,1.3069,0,910.4961,
2026-09-08T03:43:01.911282+00:00,77.65669004212715,72.81682176559428,4.839868276532869,1.142,0,910.4961,
2026-09-08T03:43:02.067564+00:00,77.65669004212715,72.81682176559428,4.839868276532869,1.1375,0,910.4961,
2026-09-08T03:43:02.211368+00:00,77.65669004212715,72.81682176559428,4.839868276532869,1.1331,0,910.4961,
2026-09-08T03:43:02.411890+00:00,77.65669004212715,72.81682176559428,4.839868276532869,1.1288,0,910.4961,
2026-09-08T03:43:02.549218+00:00,77.65669004212715,72.81682176559428,4.839868276532869,1.1307,0,910.4961,
2026-09-08T03:43:02.703991+00:00,77.65669004212715,72.81682176559428,4.839868276532869,1.1326,0,910.4961,
2026-09-08T03:43:02.929952+00:00,77.6541622928318,72.83919081399853,4.814971478833272,0.0108,0,910.4961,
2026-09-08T03:43:03.070275+00:00,77.6541622928318,72.83919081399853,4.814971478833272,0.0154,0,910.4961,
2026-09-08T03:43:03.275826+00:00,77.6541622928318,72.83919081399853,4.814971478833272,0.0201,0,910.4961,
2026-09-08T03:43:03.416024+00:00,77.6541622928318,72.83919081399853,4.814971478833272,0.0247,0,910.4961,
2026-09-08T03:43:03.569654+00:00,77.6541622928318,72.83919081399853,4.814971478833272,0.0295,0,910.4961,
2026-09-08T03:43:03.734143+00:00,77.6541622928318,72.83919081399853,4.814971478833272,0.0299,0,910.4961,
2026-09-08T03:43:03.875203+00:00,77.6538121142788,72.83802578862341,4.815786325655381,0.0676,0,910.4961,
2026-09-08T03:43:04.023736+00:00,77.6538121142788,72.83802578862341,4.815786325655381,0.0679,0,910.4961,
2026-09-08T03:43:04.202607+00:00,77.6538121142788,72.83802578862341,4.815786325655381,0.0682,0,910.4961,
2026-09-08T03:43:04.347092+00:00,77.6538121142788,72.83802578862341,4.815786325655381,0.0685,0,910.4961,
2026-09-08T03:43:04.504138+00:00,77.6538121142788,72.83802578862341,4.815786325655381,0.0693,0,910.4961,
2026-09-08T03:43:04.651943+00:00,77.6538121142788,72.83802578862341,4.815786325655381,0.0702,0,910.4961,
2026-09-08T03:43:09.815517+00:00,77.649911957287,72.89192211242872,4.757989844858287,,0,910.4961,
2026-09-08T03:43:09.957303+00:00,77.65203190844025,72.88641599044847,4.765615917991781,,0,910.4961,
2026-09-08T03:43:10.104485+00:00,77.65203190844025,72.88641599044847,4.765615917991781,,0,910.4961,
2026-09-08T03:43:10.256165+00:00,77.65203190844025,72.88641599044847,4.765615917991781,,0,910.4961,
2026-09-08T03:43:10.451082+00:00,77.65203190844025,72.88641599044847,4.765615917991781,,0,910.4961,
2026-09-08T03:43:10.630759+00:00,77.65203190844025,72.88641599044847,4.765615917991781,,0,910.4961,
2026-09-08T03:43:10.865589+00:00,77.65268778967744,72.89556466750521,4.757123122172231,,0,910.4961,
2026-09-08T03:43:11.022109+00:00,77.65268778967744,72.89556466750521,4.757123122172231,,0,910.4961,
2026-09-08T03:43:11.173650+00:00,77.65268778967744,72.89556466750521,4.757123122172231,,0,910.4961,
2026-09-08T03:43:11.320795+00:00,77.65268778967744,72.89556466750521,4.757123122172231,,0,910.4961,
2026-09-08T03:43:11.551555+00:00,77.65268778967744,72.89556466750521,4.757123122172231,,0,910.4961,
2026-09-08T03:43:11.689797+00:00,77.65268778967744,72.89556466750521,4.757123122172231,,0,910.4961,
2026-09-08T03:43:11.859738+00:00,77.65448502781442,72.87664992768195,4.777835100132464,,0,910.4961,
2026-09-08T03:43:12.046589+00:00,77.65448502781442,72.87664992768195,4.777835100132464,,0,910.4961,
2026-09-08T03:43:12.187056+00:00,77.65448502781442,72.87664992768195,4.777835100132464,,0,910.4961,
2026-09-08T03:43:12.341783+00:00,77.65448502781442,72.87664992768195,4.777835100132464,,0,910.4961,
2026-09-08T03:43:12.498391+00:00,77.65448502781442,72.87664992768195,4.777835100132464,,0,910.4961,
2026-09-08T03:43:12.644000+00:00,77.65448502781442,72.87664992768195,4.777835100132464,,0,910.4961,
2026-09-08T03:43:12.791181+00:00,77.65448502781442,72.87664992768195,4.777835100132464,,0,910.4961,
2026-09-08T03:43:12.961926+00:00,77.65326485522915,72.86607664048441,4.787188214744745,,0,910.4961,
2026-09-08T03:43:13.109393+00:00,77.65326485522915,72.86607664048441,4.787188214744745,,0,910.4961,
2026-09-08T03:43:13.256283+00:00,77.65326485522915,72.86607664048441,4.787188214744745,,0,910.4961,
2026-09-08T03:43:13.400717+00:00,77.65326485522915,72.86607664048441,4.787188214744745,,0,910.4961,
2026-09-08T03:43:13.552227+00:00,77.65326485522915,72.86607664048441,4.787188214744745,,0,910.4961,
2026-09-08T03:43:13.711658+00:00,77.65326485522915,72.86607664048441,4.787188214744745,,0,910.4961,
2026-09-08T03:43:13.861942+00:00,77.65494108444926,72.87173448418869,4.78320660026057,,0,910.4961,
2026-09-08T03:43:14.013280+00:00,77.65494108444926,72.87173448418869,4.78320660026057,,0,910.4961,
2026-09-08T03:43:14.161256+00:00,77.65494108444926,72.87173448418869,4.78320660026057,,0,910.4961,
2026-09-08T03:43:14.313739+00:00,77.65494108444926,72.87173448418869,4.78320660026057,,0,910.4961,
2026-09-08T03:43:14.467078+00:00,77.65494108444926,72.87173448418869,4.78320660026057,,0,910.4961,
2026-09-08T03:43:14.623020+00:00,77.65494108444926,72.87173448418869,4.78320660026057,,0,910.4961,
2026-09-08T03:43:14.781017+00:00,77.65494108444926,72.87173448418869,4.78320660026057,,0,910.4961,
2026-09-08T03:43:14.927359+00:00,77.65658590360054,72.88191172793546,4.7746741756650835,,0,910.4961,
2026-09-08T03:43:15.109782+00:00,77.65658590360054,72.88191172793546,4.7746741756650835,,0,910.4961,
2026-09-08T03:43:15.247572+00:00,77.65658590360054,72.88191172793546,4.7746741756650835,,0,910.4961,
2026-09-08T03:43:15.409130+00:00,77.65658590360054,72.88191172793546,4.7746741756650835,,0,910.4961,
2026-09-08T03:43:15.556270+00:00,77.65658590360054,72.88191172793546,4.7746741756650835,,0,910.4961,
2026-09-08T03:43:15.699472+00:00,77.65658590360054,72.88191172793546,4.7746741756650835,,0,910.4961,
2026-09-08T03:43:15.860603+00:00,77.65658590360054,72.88191172793546,4.7746741756650835,,0,910.4961,
2026-09-08T03:43:16.002765+00:00,77.65566546037617,72.87304781993508,4.782617640441089,,0,910.4961,
2026-09-08T03:43:16.161615+00:00,77.65566546037617,72.87304781993508,4.782617640441089,,0,910.4961,
2026-09-08T03:43:16.304934+00:00,77.65566546037617,72.87304781993508,4.782617640441089,,0,910.4961,
2026-09-08T03:43:16.479324+00:00,77.65566546037617,72.87304781993508,4.782617640441089,,0,910.4961,
2026-09-08T03:43:16.633156+00:00,77.65566546037617,72.87304781993508,4.782617640441089,,0,910.4961,
2026-09-08T03:43:16.788566+00:00,77.65566546037617,72.87304781993508,4.782617640441089,,0,910.4961,
2026-09-08T03:43:16.933102+00:00,77.65325437911822,72.86253391730861,4.790720461809613,,0,910.4961,
2026-09-08T03:43:17.093995+00:00,77.65325437911822,72.86253391730861,4.790720461809613,,0,910.4961,
2026-09-08T03:43:17.248245+00:00,77.65325437911822,72.86253391730861,4.790720461809613,,0,910.4961,
2026-09-08T03:43:17.395665+00:00,77.65325437911822,72.86253391730861,4.790720461809613,,0,910.4961,
2026-09-08T03:43:17.542736+00:00,77.65325437911822,72.86253391730861,4.790720461809613,,0,910.4961,
2026-09-08T03:43:17.691944+00:00,77.65325437911822,72.86253391730861,4.790720461809613,,0,910.4961,
2026-09-08T03:43:17.836790+00:00,77.65325437911822,72.86253391730861,4.790720461809613,,0,910.4961,
2026-09-08T03:43:17.990791+00:00,77.65521828455229,72.86323122610422,4.791987058448072,,0,910.4961,
2026-09-08T03:43:18.142228+00:00,77.65521828455229,72.86323122610422,4.791987058448072,,0,910.4961,
2026-09-08T03:43:18.295698+00:00,77.65521828455229,72.86323122610422,4.791987058448072,,0,910.4961,
2026-09-08T03:43:18.450893+00:00,77.65521828455229,72.86323122610422,4.791987058448072,,0,910.4961,
2026-09-08T03:43:18.607676+00:00,77.65521828455229,72.86323122610422,4.791987058448072,,0,910.4961,
2026-09-08T03:43:18.757137+00:00,77.65521828455229,72.86323122610422,4.791987058448072,,0,910.4961,
2026-09-08T03:43:18.931343+00:00,77.65744463610967,72.84776186832862,4.809682767781055,,0,910.4961,
2026-09-08T03:43:19.083813+00:00,77.65744463610967,72.84776186832862,4.809682767781055,,0,910.4961,
2026-09-08T03:43:19.225619+00:00,77.65744463610967,72.84776186832862,4.809682767781055,,0,910.4961,
2026-09-08T03:43:19.422842+00:00,77.65744463610967,72.84776186832862,4.809682767781055,,0,910.4961,
2026-09-08T03:43:19.563571+00:00,77.65744463610967,72.84776186832862,4.809682767781055,,0,910.4961,
2026-09-08T03:43:19.713651+00:00,77.65744463610967,72.84776186832862,4.809682767781055,,0,910.4961,
2026-09-08T03:43:19.861832+00:00,77.65538447409601,72.84427465990704,4.811109814188967,,0,910.4961,
2026-09-08T03:43:20.016945+00:00,77.65538447409601,72.84427465990704,4.811109814188967,,0,910.4961,
2026-09-08T03:43:20.176426+00:00,77.65538447409601,72.84427465990704,4.811109814188967,,0,910.4961,
2026-09-08T03:43:20.315011+00:00,77.65538447409601,72.84427465990704,4.811109814188967,,0,910.4961,
2026-09-08T03:43:20.468014+00:00,77.65538447409601,72.84427465990704,4.811109814188967,,0,910.4961,
2026-09-08T03:43:20.633192+00:00,77.65538447409601,72.84427465990704,4.811109814188967,,0,910.4961,
2026-09-08T03:43:20.775249+00:00,77.65538447409601,72.84427465990704,4.811109814188967,,0,910.4961,
2026-09-08T03:43:20.955784+00:00,77.65502170001213,72.85495583057374,4.800065869438384,,0,910.4961,
2026-09-08T03:43:21.102056+00:00,77.65502170001213,72.85495583057374,4.800065869438384,,0,910.4961,
2026-09-08T03:43:21.248391+00:00,77.65502170001213,72.85495583057374,4.800065869438384,,0,910.4961,
2026-09-08T03:43:21.405188+00:00,77.65502170001213,72.85495583057374,4.800065869438384,,0,910.4961,
2026-09-08T03:43:21.551518+00:00,77.65502170001213,72.85495583057374,4.800065869438384,,0,910.4961,
2026-09-08T03:43:21.697538+00:00,77.65502170001213,72.85495583057374,4.800065869438384,,0,910.4961,
2026-09-08T03:43:21.849029+00:00,77.65502170001213,72.85495583057374,4.800065869438384,,0,910.4961,
2026-09-08T03:43:22.048464+00:00,77.65325199351493,72.86092858850725,4.792323405007679,,0,910.4961,
2026-09-08T03:43:22.188896+00:00,77.65325199351493,72.86092858850725,4.792323405007679,,0,910.4961,
2026-09-08T03:43:22.345681+00:00,77.65325199351493,72.86092858850725,4.792323405007679,,0,910.4961,
2026-09-08T03:43:22.496952+00:00,77.65325199351493,72.86092858850725,4.792323405007679,,0,910.4961,
2026-09-08T03:43:22.641225+00:00,77.65325199351493,72.86092858850725,4.792323405007679,,0,910.4961,
2026-09-08T03:43:22.790050+00:00,77.65325199351493,72.86092858850725,4.792323405007679,,0,910.4961,
2026-09-08T03:43:22.947734+00:00,77.65340300299823,72.84582678078766,4.807576222210571,,0,910.4961,
2026-09-08T03:43:23.095178+00:00,77.65340300299823,72.84582678078766,4.807576222210571,,0,910.4961,
2026-09-08T03:43:23.276777+00:00,77.65340300299823,72.84582678078766,4.807576222210571,,0,910.4961,
2026-09-08T03:43:23.414472+00:00,77.65340300299823,72.84582678078766,4.807576222210571,,0,910.4961,
2026-09-08T03:43:23.571028+00:00,77.65340300299823,72.84582678078766,4.807576222210571,,0,910.4961,
2026-09-08T03:43:23.771174+00:00,77.65340300299823,72.84582678078766,4.807576222210571,,0,910.4961,
2026-09-08T03:43:23.918413+00:00,77.65120647263933,72.83451683947108,4.816689633168252,,0,910.4961,
2026-09-08T03:43:24.061254+00:00,77.65120647263933,72.83451683947108,4.816689633168252,,0,910.4961,
2026-09-08T03:43:24.223182+00:00,77.65120647263933,72.83451683947108,4.816689633168252,,0,910.4961,
2026-09-08T03:43:24.369130+00:00,77.65120647263933,72.83451683947108,4.816689633168252,,0,910.4961,
2026-09-08T03:43:24.512581+00:00,77.65120647263933,72.83451683947108,4.816689633168252,,0,910.4961,
2026-09-08T03:43:24.666923+00:00,77.65120647263933,72.83451683947108,4.816689633168252,,0,910.4961,
2026-09-08T03:43:24.823768+00:00,77.65120647263933,72.83451683947108,4.816689633168252,,0,910.4961,
2026-09-08T03:43:25.092397+00:00,77.6541674096564,72.83505062288383,4.819116786772568,,0,910.4961,
2026-09-08T03:43:25.248221+00:00,77.6541674096564,72.83505062288383,4.819116786772568,,0,910.4961,
2026-09-08T03:43:25.389612+00:00,77.6541674096564,72.83505062288383,4.819116786772568,,0,910.4961,
2026-09-08T03:43:25.564548+00:00,77.6541674096564,72.83505062288383,4.819116786772568,,0,910.4961,
2026-09-08T03:43:25.727439+00:00,77.6541674096564,72.83505062288383,4.819116786772568,,0,910.4961,
2026-09-08T03:43:25.905861+00:00,77.64968543002648,72.84567166787593,4.8040137621505465,,0,910.4961,
2026-09-08T03:43:26.044587+00:00,77.64968543002648,72.84567166787593,4.8040137621505465,,0,910.4961,
2026-09-08T03:43:26.197181+00:00,77.64968543002648,72.84567166787593,4.8040137621505465,,0,910.4961,
2026-09-08T03:43:26.346815+00:00,77.64968543002648,72.84567166787593,4.8040137621505465,,0,910.4961,
2026-09-08T03:43:26.501745+00:00,77.64968543002648,72.84567166787593,4.8040137621505465,,0,910.4961,
2026-09-08T03:43:26.649992+00:00,77.64968543002648,72.84567166787593,4.8040137621505465,,0,910.4961,
2026-09-08T03:43:26.801906+00:00,77.64968543002648,72.84567166787593,4.8040137621505465,,0,910.4961,
2026-09-08T03:43:27.002835+00:00,77.64824513832123,72.84580606506465,4.802439073256579,,0,910.4961,
2026-09-08T03:43:27.145181+00:00,77.64824513832123,72.84580606506465,4.802439073256579,,0,910.4961,
2026-09-08T03:43:27.292954+00:00,77.64824513832123,72.84580606506465,4.802439073256579,,0,910.4961,
2026-09-08T03:43:27.444477+00:00,77.64824513832123,72.84580606506465,4.802439073256579,,0,910.4961,
2026-09-08T03:43:27.600183+00:00,77.64824513832123,72.84580606506465,4.802439073256579,,0,910.4961,
2026-09-08T03:43:27.768145+00:00,77.64824513832123,72.84580606506465,4.802439073256579,,0,910.4961,
2026-09-08T03:43:27.919986+00:00,77.64652485061502,72.84778456793605,4.798740282678978,,0,910.4961,
2026-09-08T03:43:28.058223+00:00,77.64652485061502,72.84778456793605,4.798740282678978,,0,910.4961,
2026-09-08T03:43:28.214204+00:00,77.64652485061502,72.84778456793605,4.798740282678978,,0,910.4961,
2026-09-08T03:43:28.394323+00:00,77.64652485061502,72.84778456793605,4.798740282678978,,0,910.4961,
2026-09-08T03:43:28.534288+00:00,77.64652485061502,72.84778456793605,4.798740282678978,,0,910.4961,
2026-09-08T03:43:28.709848+00:00,77.64652485061502,72.84778456793605,4.798740282678978,,0,910.4961,
2026-09-08T03:43:28.848727+00:00,77.64652485061502,72.84778456793605,4.798740282678978,,0,910.4961,
2026-09-08T03:43:29.016838+00:00,77.6467611630768,72.83561843972774,4.8111427233490645,,0,910.4961,
2026-09-08T03:43:29.154681+00:00,77.6467611630768,72.83561843972774,4.8111427233490645,,0,910.4961,
2026-09-08T03:43:29.309883+00:00,77.6467611630768,72.83561843972774,4.8111427233490645,,0,910.4961,
2026-09-08T03:43:29.461506+00:00,77.6467611630768,72.83561843972774,4.8111427233490645,,0,910.4961,
2026-09-08T03:43:29.616280+00:00,77.6467611630768,72.83561843972774,4.8111427233490645,,0,910.4961,
2026-09-08T03:43:29.781683+00:00,77.6467611630768,72.83561843972774,4.8111427233490645,,0,910.4961,
2026-09-08T03:43:29.917830+00:00,77.6467611630768,72.83561843972774,4.8111427233490645,,0,910.4961,
2026-09-08T03:43:30.075743+00:00,77.64975465478601,72.83754838221142,4.812206272574585,,0,910.4961,
2026-09-08T03:43:30.225275+00:00,77.64975465478601,72.83754838221142,4.812206272574585,,0,910.4961,
2026-09-08T03:43:30.381122+00:00,77.64975465478601,72.83754838221142,4.812206272574585,,0,910.4961,
2026-09-08T03:43:30.529212+00:00,77.64975465478601,72.83754838221142,4.812206272574585,,0,910.4961,
2026-09-08T03:43:30.702341+00:00,77.64975465478601,72.83754838221142,4.812206272574585,,0,910.4961,
2026-09-08T03:43:30.844773+00:00,77.64975465478601,72.83754838221142,4.812206272574585,,0,910.4961,
2026-09-08T03:43:31.003227+00:00,77.64653753791181,72.8431450717047,4.803392466207114,,0,910.4961,
2026-09-08T03:43:31.171155+00:00,77.64653753791181,72.8431450717047,4.803392466207114,,0,910.4961,
2026-09-08T03:43:31.306331+00:00,77.64653753791181,72.8431450717047,4.803392466207114,,0,910.4961,
2026-09-08T03:43:31.461248+00:00,77.64653753791181,72.8431450717047,4.803392466207114,,0,910.4961,
2026-09-08T03:43:31.616907+00:00,77.64653753791181,72.8431450717047,4.803392466207114,,0,910.4961,
2026-09-08T03:43:31.764118+00:00,77.64653753791181,72.8431450717047,4.803392466207114,,0,910.4961,
2026-09-08T03:43:31.919411+00:00,77.64653753791181,72.8431450717047,4.803392466207114,,0,910.4961,
2026-09-08T03:43:32.076401+00:00,77.64590332040997,72.84471780717776,4.8011855132322125,,0,910.4961,
2026-09-08T03:43:32.217265+00:00,77.64590332040997,72.84471780717776,4.8011855132322125,,0,910.4961,
2026-09-08T03:43:32.392269+00:00,77.64590332040997,72.84471780717776,4.8011855132322125,,0,910.4961,
2026-09-08T03:43:32.533488+00:00,77.64590332040997,72.84471780717776,4.8011855132322125,,0,910.4961,
2026-09-08T03:43:32.703373+00:00,77.64590332040997,72.84471780717776,4.8011855132322125,,0,910.4961,
2026-09-08T03:43:32.880342+00:00,77.64590332040997,72.84471780717776,4.8011855132322125,,0,910.4961,
2026-09-08T03:43:33.125011+00:00,77.64967284937153,72.83919161797928,4.810481231392245,,0,910.4961,
2026-09-08T03:43:33.280265+00:00,77.64967284937153,72.83919161797928,4.810481231392245,,0,910.4961,
2026-09-08T03:43:33.430789+00:00,77.64967284937153,72.83919161797928,4.810481231392245,,0,910.4961,
2026-09-08T03:43:33.575445+00:00,77.64967284937153,72.83919161797928,4.810481231392245,,0,910.4961,
2026-09-08T03:43:33.742519+00:00,77.64967284937153,72.83919161797928,4.810481231392245,,0,910.4961,
2026-09-08T03:43:33.907756+00:00,77.64967284937153,72.83919161797928,4.810481231392245,,0,910.4961,
2026-09-08T03:43:34.060402+00:00,77.65146872287119,72.84062863881717,4.810840084054021,,0,910.4961,
2026-09-08T03:43:34.199608+00:00,77.65146872287119,72.84062863881717,4.810840084054021,,0,910.4961,
2026-09-08T03:43:34.350352+00:00,77.65146872287119,72.84062863881717,4.810840084054021,,0,910.4961,
2026-09-08T03:43:34.523199+00:00,77.65146872287119,72.84062863881717,4.810840084054021,,0,910.4961,
2026-09-08T03:43:34.662149+00:00,77.65146872287119,72.84062863881717,4.810840084054021,,0,910.4961,
2026-09-08T03:43:34.812047+00:00,77.65146872287119,72.84062863881717,4.810840084054021,,0,910.4961,
2026-09-08T03:43:34.973754+00:00,77.65173080479927,72.84961281036912,4.802117994430148,,0,910.4961,
2026-09-08T03:43:35.114895+00:00,77.65173080479927,72.84961281036912,4.802117994430148,,0,910.4961,
2026-09-08T03:43:35.320433+00:00,77.65173080479927,72.84961281036912,4.802117994430148,,0,910.4961,
2026-09-08T03:43:35.462259+00:00,77.65173080479927,72.84961281036912,4.802117994430148,,0,910.4961,
2026-09-08T03:43:35.607815+00:00,77.65173080479927,72.84961281036912,4.802117994430148,,0,910.4961,
2026-09-08T03:43:35.765518+00:00,77.65173080479927,72.84961281036912,4.802117994430148,,0,910.4961,
2026-09-08T03:43:35.917222+00:00,77.65173080479927,72.84961281036912,4.802117994430148,,0,910.4961,
2026-09-08T03:43:36.074865+00:00,77.65008324271804,72.83644295659319,4.813640286124851,,0,910.4961,
2026-09-08T03:43:36.219079+00:00,77.65008324271804,72.83644295659319,4.813640286124851,,0,910.4961,
2026-09-08T03:43:36.383162+00:00,77.65008324271804,72.83644295659319,4.813640286124851,,0,910.4961,
2026-09-08T03:43:36.543401+00:00,77.65008324271804,72.83644295659319,4.813640286124851,,0,910.4961,
2026-09-08T03:43:36.696836+00:00,77.65008324271804,72.83644295659319,4.813640286124851,,0,910.4961,
2026-09-08T03:43:36.831769+00:00,77.65008324271804,72.83644295659319,4.813640286124851,,0,910.4961,
2026-09-08T03:43:37.033441+00:00,77.64975921369431,72.83103826605308,4.818720947641225,,0,910.4961,
2026-09-08T03:43:37.186670+00:00,77.64975921369431,72.83103826605308,4.818720947641225,,0,910.4961,
2026-09-08T03:43:37.326596+00:00,77.64975921369431,72.83103826605308,4.818720947641225,,0,910.4961,
2026-09-08T03:43:37.484982+00:00,77.64975921369431,72.83103826605308,4.818720947641225,,0,910.4961,
2026-09-08T03:43:37.625382+00:00,77.64975921369431,72.83103826605308,4.818720947641225,,0,910.4961,
2026-09-08T03:43:37.782362+00:00,77.64975921369431,72.83103826605308,4.818720947641225,,0,910.4961,
2026-09-08T03:43:37.927211+00:00,77.64975921369431,72.83103826605308,4.818720947641225,,0,910.4961,
2026-09-08T03:43:38.102581+00:00,77.64899296116462,72.83103785852735,4.817955102637271,,0,910.4961,
2026-09-08T03:43:38.250482+00:00,77.64899296116462,72.83103785852735,4.817955102637271,,0,910.4961,
2026-09-08T03:43:38.396265+00:00,77.64899296116462,72.83103785852735,4.817955102637271,,0,910.4961,
2026-09-08T03:43:38.544593+00:00,77.64899296116462,72.83103785852735,4.817955102637271,,0,910.4961,
2026-09-08T03:43:38.697412+00:00,77.64899296116462,72.83103785852735,4.817955102637271,,0,910.4961,
2026-09-08T03:43:38.849631+00:00,77.64899296116462,72.83103785852735,4.817955102637271,,0,910.4961,
2026-09-08T03:43:39.011171+00:00,77.64790762345804,72.82608092578812,4.82182669766992,,0,910.4961,
2026-09-08T03:43:39.174327+00:00,77.64790762345804,72.82608092578812,4.82182669766992,,0,910.4961,
2026-09-08T03:43:39.327485+00:00,77.64790762345804,72.82608092578812,4.82182669766992,,0,910.4961,
2026-09-08T03:43:39.464881+00:00,77.64790762345804,72.82608092578812,4.82182669766992,,0,910.4961,
2026-09-08T03:43:39.624714+00:00,77.64790762345804,72.82608092578812,4.82182669766992,,0,910.4961,
2026-09-08T03:43:39.781992+00:00,77.64790762345804,72.82608092578812,4.82182669766992,,0,910.4961,
2026-09-08T03:43:39.946623+00:00,77.64790762345804,72.82608092578812,4.82182669766992,,0,910.4961,
2026-09-08T03:43:40.088208+00:00,77.64904010229033,72.84113982814078,4.807900274149546,,0,910.4961,
2026-09-08T03:43:40.258773+00:00,77.64904010229033,72.84113982814078,4.807900274149546,,0,910.4961,
2026-09-08T03:43:40.400212+00:00,77.64904010229033,72.84113982814078,4.807900274149546,,0,910.4961,
2026-09-08T03:43:40.553065+00:00,77.64904010229033,72.84113982814078,4.807900274149546,,0,910.4961,
2026-09-08T03:43:40.702322+00:00,77.64904010229033,72.84113982814078,4.807900274149546,,0,910.4961,
2026-09-08T03:43:40.883345+00:00,77.64904010229033,72.84113982814078,4.807900274149546,,0,910.4961,
2026-09-08T03:43:41.034387+00:00,77.65169551604092,72.83999019748656,4.81170531855436,,0,910.4961,
2026-09-08T03:43:41.171973+00:00,77.65169551604092,72.83999019748656,4.81170531855436,,0,910.4961,
2026-09-08T03:43:41.322497+00:00,77.65169551604092,72.83999019748656,4.81170531855436,,0,910.4961,
2026-09-08T03:43:41.483936+00:00,77.65169551604092,72.83999019748656,4.81170531855436,,0,910.4961,
2026-09-08T03:43:41.629026+00:00,77.65169551604092,72.83999019748656,4.81170531855436,,0,910.4961,
2026-09-08T03:43:41.783137+00:00,77.65169551604092,72.83999019748656,4.81170531855436,,0,910.4961,
2026-09-08T03:43:41.962323+00:00,77.65169551604092,72.83999019748656,4.81170531855436,,0,910.4961,
2026-09-08T03:43:42.099192+00:00,77.6495522753594,72.82721728793904,4.822334987420362,,0,910.4961,
2026-09-08T03:43:42.252074+00:00,77.6495522753594,72.82721728793904,4.822334987420362,,0,910.4961,
2026-09-08T03:43:42.403301+00:00,77.6495522753594,72.82721728793904,4.822334987420362,,0,910.4961,
2026-09-08T03:43:42.562759+00:00,77.6495522753594,72.82721728793904,4.822334987420362,,0,910.4961,
2026-09-08T03:43:42.722282+00:00,77.6495522753594,72.82721728793904,4.822334987420362,,0,910.4961,
2026-09-08T03:43:42.861564+00:00,77.6495522753594,72.82721728793904,4.822334987420362,,0,910.4961,
2026-09-08T03:43:43.015164+00:00,77.64943687568967,72.83566436593377,4.813772509755907,,0,910.4961,
2026-09-08T03:43:43.168653+00:00,77.64943687568967,72.83566436593377,4.813772509755907,,0,910.4961,
2026-09-08T03:43:43.327362+00:00,77.64943687568967,72.83566436593377,4.813772509755907,,0,910.4961,
2026-09-08T03:43:43.485108+00:00,77.64943687568967,72.83566436593377,4.813772509755907,,0,910.4961,
2026-09-08T03:43:43.626540+00:00,77.64943687568967,72.83566436593377,4.813772509755907,,0,910.4961,
2026-09-08T03:43:43.785096+00:00,77.64943687568967,72.83566436593377,4.813772509755907,,0,910.4961,
2026-09-08T03:43:43.926949+00:00,77.64943687568967,72.83566436593377,4.813772509755907,,0,910.4961,
2026-09-08T03:43:44.076511+00:00,77.65023217044848,72.84927369720907,4.800958473239405,,0,910.4961,
2026-09-08T03:43:44.230043+00:00,77.65023217044848,72.84927369720907,4.800958473239405,,0,910.4961,
2026-09-08T03:43:44.429255+00:00,77.65023217044848,72.84927369720907,4.800958473239405,,0,910.4961,
2026-09-08T03:43:44.570151+00:00,77.65023217044848,72.84927369720907,4.800958473239405,,0,910.4961,
2026-09-08T03:43:44.728864+00:00,77.65023217044848,72.84927369720907,4.800958473239405,,0,910.4961,
2026-09-08T03:43:44.873057+00:00,77.65023217044848,72.84927369720907,4.800958473239405,,0,910.4961,
2026-09-08T03:43:45.024667+00:00,77.64897264752362,72.84468561424444,4.804287033279181,,0,910.4961,
2026-09-08T03:43:45.182916+00:00,77.64897264752362,72.84468561424444,4.804287033279181,,0,910.4961,
2026-09-08T03:43:45.327383+00:00,77.64897264752362,72.84468561424444,4.804287033279181,,0,910.4961,
2026-09-08T03:43:45.475501+00:00,77.64897264752362,72.84468561424444,4.804287033279181,,0,910.4961,
2026-09-08T03:43:45.628831+00:00,77.64897264752362,72.84468561424444,4.804287033279181,,0,910.4961,
2026-09-08T03:43:45.780877+00:00,77.64897264752362,72.84468561424444,4.804287033279181,,0,910.4961,
2026-09-08T03:43:45.941443+00:00,77.64897264752362,72.84468561424444,4.804287033279181,,0,910.4961,
2026-09-08T03:43:46.093587+00:00,77.64778192551731,72.87353874602904,4.774243179488266,,0,910.4961,
2026-09-08T03:43:46.250552+00:00,77.64778192551731,72.87353874602904,4.774243179488266,,0,910.4961,
2026-09-08T03:43:46.482509+00:00,77.64778192551731,72.87353874602904,4.774243179488266,,0,910.4961,
2026-09-08T03:43:46.631976+00:00,77.64778192551731,72.87353874602904,4.774243179488266,,0,910.4961,
2026-09-08T03:43:46.777036+00:00,77.64778192551731,72.87353874602904,4.774243179488266,,0,910.4961,
2026-09-08T03:43:47.035007+00:00,77.64952693705415,72.88414801278509,4.765378924269058,,0,910.4961,
2026-09-08T03:43:47.195034+00:00,77.64952693705415,72.88414801278509,4.765378924269058,,0,910.4961,
2026-09-08T03:43:47.400018+00:00,77.64952693705415,72.88414801278509,4.765378924269058,,0,910.4961,
2026-09-08T03:43:47.551854+00:00,77.64952693705415,72.88414801278509,4.765378924269058,,0,910.4961,
2026-09-08T03:43:47.711439+00:00,77.64952693705415,72.88414801278509,4.765378924269058,,0,910.4961,
2026-09-08T03:43:47.862276+00:00,77.64952693705415,72.88414801278509,4.765378924269058,,0,910.4961,
2026-09-08T03:43:48.006562+00:00,77.64941368683736,72.87810556742846,4.7713081194089,,0,910.4961,
2026-09-08T03:43:48.150648+00:00,77.64941368683736,72.87810556742846,4.7713081194089,,0,910.4961,
2026-09-08T03:43:48.302468+00:00,77.64941368683736,72.87810556742846,4.7713081194089,,0,910.4961,
2026-09-08T03:43:48.462530+00:00,77.64941368683736,72.87810556742846,4.7713081194089,,0,910.4961,
2026-09-08T03:43:48.603924+00:00,77.64941368683736,72.87810556742846,4.7713081194089,,0,910.4961,
2026-09-08T03:43:48.756444+00:00,77.64941368683736,72.87810556742846,4.7713081194089,,0,910.4961,
2026-09-08T03:43:48.907879+00:00,77.64941368683736,72.87810556742846,4.7713081194089,,0,910.4961,
2026-09-08T03:43:49.062320+00:00,77.64748998271918,72.8935420830262,4.7539478996929745,,0,910.4961,
2026-09-08T03:43:49.211525+00:00,77.64748998271918,72.8935420830262,4.7539478996929745,,0,910.4961,
2026-09-08T03:43:49.383201+00:00,77.64748998271918,72.8935420830262,4.7539478996929745,,0,910.4961,
2026-09-08T03:43:49.527706+00:00,77.64748998271918,72.8935420830262,4.7539478996929745,,0,910.4961,
2026-09-08T03:43:49.673887+00:00,77.64748998271918,72.8935420830262,4.7539478996929745,,0,910.4961,
2026-09-08T03:43:49.826602+00:00,77.64748998271918,72.8935420830262,4.7539478996929745,,0,910.4961,
2026-09-08T03:43:49.978043+00:00,77.64748998271918,72.8935420830262,4.7539478996929745,,0,910.4961,
2026-09-08T03:43:50.193807+00:00,77.64545733586614,72.90930300832699,4.736154327539154,,0,910.4961,
2026-09-08T03:43:50.332597+00:00,77.64545733586614,72.90930300832699,4.736154327539154,,0,910.4961,
2026-09-08T03:43:50.481700+00:00,77.64545733586614,72.90930300832699,4.736154327539154,,0,910.4961,
2026-09-08T03:43:50.639043+00:00,77.64545733586614,72.90930300832699,4.736154327539154,,0,910.4961,
2026-09-08T03:43:50.786557+00:00,77.64545733586614,72.90930300832699,4.736154327539154,,0,910.4961,
2026-09-08T03:43:50.943481+00:00,77.64545733586614,72.90930300832699,4.736154327539154,,0,910.4961,
2026-09-08T03:43:51.094247+00:00,77.64529573450595,72.89594497709399,4.7493507574119604,,0,910.4961,
2026-09-08T03:43:51.243735+00:00,77.64529573450595,72.89594497709399,4.7493507574119604,,0,910.4961,
2026-09-08T03:43:51.396190+00:00,77.64529573450595,72.89594497709399,4.7493507574119604,,0,910.4961,
2026-09-08T03:43:51.591188+00:00,77.64529573450595,72.89594497709399,4.7493507574119604,,0,910.4961,
2026-09-08T03:43:51.733719+00:00,77.64529573450595,72.89594497709399,4.7493507574119604,,0,910.4961,
2026-09-08T03:43:51.882160+00:00,77.64529573450595,72.89594497709399,4.7493507574119604,,0,910.4961,
2026-09-08T03:43:52.062300+00:00,77.64399123540605,72.89190190415472,4.752089331251327,,0,910.4961,
2026-09-08T03:43:52.216024+00:00,77.64399123540605,72.89190190415472,4.752089331251327,,0,910.4961,
2026-09-08T03:43:52.368029+00:00,77.64399123540605,72.89190190415472,4.752089331251327,,0,910.4961,
2026-09-08T03:43:52.512046+00:00,77.64399123540605,72.89190190415472,4.752089331251327,,0,910.4961,
2026-09-08T03:43:52.677167+00:00,77.64399123540605,72.89190190415472,4.752089331251327,,0,910.4961,
2026-09-08T03:43:52.929722+00:00,77.64399123540605,72.89190190415472,4.752089331251327,,0,910.4961,
2026-09-08T03:43:53.075083+00:00,77.64234449375722,72.88908957628722,4.753254917470002,,0,910.4961,
2026-09-08T03:43:53.215135+00:00,77.64234449375722,72.88908957628722,4.753254917470002,,0,910.4961,
2026-09-08T03:43:53.372904+00:00,77.64234449375722,72.88908957628722,4.753254917470002,,0,910.4961,
2026-09-08T03:43:53.521925+00:00,77.64234449375722,72.88908957628722,4.753254917470002,,0,910.4961,
2026-09-08T03:43:53.687495+00:00,77.64234449375722,72.88908957628722,4.753254917470002,,0,910.4961,
2026-09-08T03:43:53.824543+00:00,77.64234449375722,72.88908957628722,4.753254917470002,,0,910.4961,
2026-09-08T03:43:53.975508+00:00,77.64234449375722,72.88908957628722,4.753254917470002,,0,910.4961,
2026-09-08T03:43:54.124753+00:00,77.64147913082617,72.8962881104742,4.745191020351967,,0,910.4961,
2026-09-08T03:43:54.277425+00:00,77.64147913082617,72.8962881104742,4.745191020351967,,0,910.4961,
2026-09-08T03:43:54.434604+00:00,77.64147913082617,72.8962881104742,4.745191020351967,,0,910.4961,
2026-09-08T03:43:54.589513+00:00,77.64147913082617,72.8962881104742,4.745191020351967,,0,910.4961,
2026-09-08T03:43:54.746845+00:00,77.64147913082617,72.8962881104742,4.745191020351967,,0,910.4961,
2026-09-08T03:43:54.914109+00:00,77.64147913082617,72.8962881104742,4.745191020351967,,0,910.4961,
2026-09-08T03:43:55.051362+00:00,77.64226757244468,72.90279089921258,4.7394766732321045,,0,910.4961,
2026-09-08T03:43:55.210395+00:00,77.64226757244468,72.90279089921258,4.7394766732321045,,0,910.4961,
2026-09-08T03:43:55.362230+00:00,77.64226757244468,72.90279089921258,4.7394766732321045,,0,910.4961,
2026-09-08T03:43:55.521975+00:00,77.64226757244468,72.90279089921258,4.7394766732321045,,0,910.4961,
2026-09-08T03:43:55.661007+00:00,77.64226757244468,72.90279089921258,4.7394766732321045,,0,910.4961,
2026-09-08T03:43:55.808111+00:00,77.64226757244468,72.90279089921258,4.7394766732321045,,0,910.4961,
2026-09-08T03:43:55.961708+00:00,77.64226757244468,72.90279089921258,4.7394766732321045,,0,910.4961,
2026-09-08T03:43:56.135406+00:00,77.64174168419521,72.89965734930495,4.742084334890265,,0,910.4961,
2026-09-08T03:43:56.281664+00:00,77.64174168419521,72.89965734930495,4.742084334890265,,0,910.4961,
2026-09-08T03:43:56.451500+00:00,77.64174168419521,72.89965734930495,4.742084334890265,,0,910.4961,
2026-09-08T03:43:56.589511+00:00,77.64174168419521,72.89965734930495,4.742084334890265,,0,910.4961,
2026-09-08T03:43:56.745624+00:00,77.64174168419521,72.89965734930495,4.742084334890265,-1.9255,0,910.4961,
2026-09-08T03:43:56.911445+00:00,77.64174168419521,72.89965734930495,4.742084334890265,-1.9169,0,910.4961,
2026-09-08T03:43:57.074867+00:00,77.6438415722751,72.89840268186362,4.745438890411478,-1.7748,0,910.4961,
2026-09-08T03:43:57.216696+00:00,77.6438415722751,72.89840268186362,4.745438890411478,-1.7657,0,910.4961,
2026-09-08T03:43:57.366071+00:00,77.6438415722751,72.89840268186362,4.745438890411478,-1.7567,0,910.4961,
2026-09-08T03:43:57.569521+00:00,77.6438415722751,72.89840268186362,4.745438890411478,-1.7478,0,910.4961,
2026-09-08T03:43:57.706527+00:00,77.6438415722751,72.89840268186362,4.745438890411478,-1.739,0,910.4961,
2026-09-08T03:43:57.865019+00:00,77.6438415722751,72.89840268186362,4.745438890411478,-1.7336,0,910.4961,
2026-09-08T03:43:58.012127+00:00,77.64734721218464,72.89586557609374,4.751481636090901,-1.4967,0,910.4961,
2026-09-08T03:43:58.166391+00:00,77.64734721218464,72.89586557609374,4.751481636090901,-1.4945,0,910.4961,
2026-09-08T03:43:58.329958+00:00,77.64734721218464,72.89586557609374,4.751481636090901,-1.4923,0,910.4961,
2026-09-08T03:43:58.464874+00:00,77.64734721218464,72.89586557609374,4.751481636090901,-1.49,0,910.4961,
2026-09-08T03:43:58.619189+00:00,77.64734721218464,72.89586557609374,4.751481636090901,-1.4878,0,910.4961,
2026-09-08T03:43:58.778207+00:00,77.64734721218464,72.89586557609374,4.751481636090901,-1.4795,0,910.4961,
2026-09-08T03:43:58.928255+00:00,77.64734721218464,72.89586557609374,4.751481636090901,-1.4713,0,910.4961,
2026-09-08T03:43:59.077805+00:00,77.64619294914348,72.89179740819867,4.754395540944813,-1.3528,0,910.4961,
2026-09-08T03:43:59.231250+00:00,77.64619294914348,72.89179740819867,4.754395540944813,-1.3462,0,910.4961,
2026-09-08T03:43:59.381105+00:00,77.64619294914348,72.89179740819867,4.754395540944813,-1.3396,0,910.4961,
2026-09-08T03:43:59.529993+00:00,77.64619294914348,72.89179740819867,4.754395540944813,-1.3331,0,910.4961,
2026-09-08T03:43:59.701034+00:00,77.64619294914348,72.89179740819867,4.754395540944813,-1.3267,0,910.4961,
2026-09-08T03:43:59.846303+00:00,77.64619294914348,72.89179740819867,4.754395540944813,-1.3187,0,910.4961,
2026-09-08T03:43:59.997166+00:00,77.64619294914348,72.89179740819867,4.754395540944813,-1.3108,0,910.4961,
2026-09-08T03:44:00.145613+00:00,77.64797450881859,72.88243656813025,4.765537940688347,-0.8875,0,910.4961,
2026-09-08T03:44:00.321954+00:00,77.64797450881859,72.88243656813025,4.765537940688347,-0.8836,0,910.4961,
2026-09-08T03:44:00.469435+00:00,77.64797450881859,72.88243656813025,4.765537940688347,-0.8798,0,910.4961,
2026-09-08T03:44:00.626971+00:00,77.64797450881859,72.88243656813025,4.765537940688347,-0.876,0,910.4961,
2026-09-08T03:44:00.768235+00:00,77.64797450881859,72.88243656813025,4.765537940688347,-0.8727,0,910.4961,
2026-09-08T03:44:00.918922+00:00,77.64797450881859,72.88243656813025,4.765537940688347,-0.8695,0,910.4961,
2026-09-08T03:44:01.082585+00:00,77.64700225724228,72.87397591499222,4.773026342250063,-0.5881,0,910.4961,
2026-09-08T03:44:01.218230+00:00,77.64700225724228,72.87397591499222,4.773026342250063,-0.5866,0,910.4961,
2026-09-08T03:44:01.433458+00:00,77.64700225724228,72.87397591499222,4.773026342250063,-0.585,0,910.4961,
2026-09-08T03:44:01.581190+00:00,77.64700225724228,72.87397591499222,4.773026342250063,-0.5834,0,910.4961,
2026-09-08T03:44:01.721868+00:00,77.64700225724228,72.87397591499222,4.773026342250063,-0.5819,0,910.4961,
2026-09-08T03:44:01.894839+00:00,77.64700225724228,72.87397591499222,4.773026342250063,-0.5816,0,910.4961,
2026-09-08T03:44:02.051889+00:00,77.64703079196472,72.88232013179103,4.764710660173691,-0.8895,0,910.4961,
2026-09-08T03:44:02.200825+00:00,77.64703079196472,72.88232013179103,4.764710660173691,-0.8875,0,910.4961,
2026-09-08T03:44:02.344707+00:00,77.64703079196472,72.88232013179103,4.764710660173691,-0.8855,0,910.4961,
2026-09-08T03:44:02.496781+00:00,77.64703079196472,72.88232013179103,4.764710660173691,-0.8835,0,910.4961,
2026-09-08T03:44:02.647525+00:00,77.64703079196472,72.88232013179103,4.764710660173691,-0.8815,0,910.4961,
2026-09-08T03:44:02.806260+00:00,77.64703079196472,72.88232013179103,4.764710660173691,-0.8795,0,910.4961,
2026-09-08T03:44:02.951547+00:00,77.64703079196472,72.88232013179103,4.764710660173691,-0.8762,0,910.4961,
2026-09-08T03:44:03.144257+00:00,77.64715458602282,72.89380325184098,4.753351334181843,-1.2897,0,910.4961,
2026-09-08T03:44:03.287786+00:00,77.64715458602282,72.89380325184098,4.753351334181843,-1.2826,0,910.4961,
2026-09-08T03:44:03.456284+00:00,77.64715458602282,72.89380325184098,4.753351334181843,-1.2757,0,910.4961,
2026-09-08T03:44:03.596888+00:00,77.64715458602282,72.89380325184098,4.753351334181843,-1.2687,0,910.4961,
2026-09-08T03:44:03.745548+00:00,77.64715458602282,72.89380325184098,4.753351334181843,-1.2619,0,910.4961,
2026-09-08T03:44:03.903454+00:00,77.64715458602282,72.89380325184098,4.753351334181843,-1.254,0,910.4961,
2026-09-08T03:44:04.053198+00:00,77.64774429325338,72.87770237308803,4.7700419201653546,-0.6428,0,910.4961,
2026-09-08T03:44:04.243515+00:00,77.64774429325338,72.87770237308803,4.7700419201653546,-0.6399,0,910.4961,
2026-09-08T03:44:04.391229+00:00,77.64774429325338,72.87770237308803,4.7700419201653546,-0.637,0,910.4961,
2026-09-08T03:44:04.532384+00:00,77.64774429325338,72.87770237308803,4.7700419201653546,-0.6341,0,910.4961,
2026-09-08T03:44:04.686152+00:00,77.64774429325338,72.87770237308803,4.7700419201653546,-0.6312,0,910.4961,
2026-09-08T03:44:04.843142+00:00,77.64774429325338,72.87770237308803,4.7700419201653546,-0.6282,0,910.4961,
2026-09-08T03:44:04.991570+00:00,77.64774429325338,72.87770237308803,4.7700419201653546,-0.6252,0,910.4961,
2026-09-08T03:44:05.149695+00:00,77.64766240556418,72.87676844025187,4.770893965312311,-0.5914,0,910.4961,
2026-09-08T03:44:05.296868+00:00,77.64766240556418,72.87676844025187,4.770893965312311,-0.5886,0,910.4961,
2026-09-08T03:44:05.444579+00:00,77.64766240556418,72.87676844025187,4.770893965312311,-0.5857,0,910.4961,
2026-09-08T03:44:05.595496+00:00,77.64766240556418,72.87676844025187,4.770893965312311,-0.5829,0,910.4961,
2026-09-08T03:44:05.752085+00:00,77.64766240556418,72.87676844025187,4.770893965312311,-0.58,0,910.4961,
2026-09-08T03:44:05.901374+00:00,77.64766240556418,72.87676844025187,4.770893965312311,-0.5757,0,910.4961,
2026-09-08T03:44:06.064732+00:00,77.6501402673103,72.878205291777,4.771934975533313,-0.5338,0,910.4961,
2026-09-08T03:44:06.236361+00:00,77.6501402673103,72.878205291777,4.771934975533313,-0.5296,0,910.4961,
2026-09-08T03:44:06.391204+00:00,77.6501402673103,72.878205291777,4.771934975533313,-0.5254,0,910.4961,
2026-09-08T03:44:06.543648+00:00,77.6501402673103,72.878205291777,4.771934975533313,-0.5212,0,910.4961,
2026-09-08T03:44:06.715225+00:00,77.6501402673103,72.878205291777,4.771934975533313,-0.5171,0,910.4961,
2026-09-08T03:44:06.863215+00:00,77.6501402673103,72.878205291777,4.771934975533313,-0.5128,0,910.4961,
2026-09-08T03:44:07.010633+00:00,77.65522779304354,72.87218217092773,4.783045622115807,-0.1055,0,910.4961,
2026-09-08T03:44:07.155855+00:00,77.65522779304354,72.87218217092773,4.783045622115807,-0.1022,0,910.4961,
2026-09-08T03:44:07.311284+00:00,77.65522779304354,72.87218217092773,4.783045622115807,-0.099,0,910.4961,
2026-09-08T03:44:07.462994+00:00,77.65522779304354,72.87218217092773,4.783045622115807,-0.0957,0,910.4961,
2026-09-08T03:44:07.614303+00:00,77.65522779304354,72.87218217092773,4.783045622115807,-0.0924,0,910.4961,
2026-09-08T03:44:07.771105+00:00,77.65522779304354,72.87218217092773,4.783045622115807,-0.0891,0,910.4961,
2026-09-08T03:44:07.919587+00:00,77.65522779304354,72.87218217092773,4.783045622115807,-0.087,0,910.4961,
2026-09-08T03:44:08.095193+00:00,77.65660163469575,72.87018472563273,4.786416909063021,0.0383,0,910.4961,
2026-09-08T03:44:08.236144+00:00,77.65660163469575,72.87018472563273,4.786416909063021,0.04,0,910.4961,
2026-09-08T03:44:08.390469+00:00,77.65660163469575,72.87018472563273,4.786416909063021,0.0417,0,910.4961,
2026-09-08T03:44:08.536345+00:00,77.65660163469575,72.87018472563273,4.786416909063021,0.0434,0,910.4961,
2026-09-08T03:44:08.691882+00:00,77.65660163469575,72.87018472563273,4.786416909063021,0.0451,0,910.4961,
2026-09-08T03:44:08.838337+00:00,77.65660163469575,72.87018472563273,4.786416909063021,0.0468,0,910.4961,
2026-09-08T03:44:08.992187+00:00,77.65660163469575,72.87018472563273,4.786416909063021,0.0475,0,910.4961,
2026-09-08T03:44:09.144027+00:00,77.65579149856272,72.8591889515373,4.796602547025415,0.4218,0,910.4961,
2026-09-08T03:44:09.299508+00:00,77.65579149856272,72.8591889515373,4.796602547025415,0.4212,0,910.4961,
2026-09-08T03:44:09.483500+00:00,77.65579149856272,72.8591889515373,4.796602547025415,0.4206,0,910.4961,
2026-09-08T03:44:09.623735+00:00,77.65579149856272,72.8591889515373,4.796602547025415,0.42,0,910.4961,
2026-09-08T03:44:09.775676+00:00,77.65579149856272,72.8591889515373,4.796602547025415,0.4194,0,910.4961,
2026-09-08T03:44:09.924692+00:00,77.65579149856272,72.8591889515373,4.796602547025415,0.4211,0,910.4961,
2026-09-08T03:44:10.082867+00:00,77.65648205973278,72.86345101435576,4.79303104537702,0.2918,0,910.4961,
2026-09-08T03:44:10.232894+00:00,77.65648205973278,72.86345101435576,4.79303104537702,0.2938,0,910.4961,
2026-09-08T03:44:10.388093+00:00,77.65648205973278,72.86345101435576,4.79303104537702,0.2959,0,910.4961,
2026-09-08T03:44:10.580064+00:00,77.65648205973278,72.86345101435576,4.79303104537702,0.298,0,910.4961,
2026-09-08T03:44:10.716688+00:00,77.65648205973278,72.86345101435576,4.79303104537702,0.3001,0,910.4961,
2026-09-08T03:44:10.870530+00:00,77.65648205973278,72.86345101435576,4.79303104537702,0.3037,0,910.4961,
2026-09-08T03:44:11.018209+00:00,77.65648205973278,72.86345101435576,4.79303104537702,0.3073,0,910.4961,
2026-09-08T03:44:11.182063+00:00,77.65767890164683,72.85613035443748,4.80154854720935,0.6267,0,910.4961,
2026-09-08T03:44:11.325054+00:00,77.65767890164683,72.85613035443748,4.80154854720935,0.6296,0,910.4961,
2026-09-08T03:44:11.480675+00:00,77.65767890164683,72.85613035443748,4.80154854720935,0.6326,0,910.4961,
2026-09-08T03:44:11.629868+00:00,77.65767890164683,72.85613035443748,4.80154854720935,0.6356,0,910.4961,
2026-09-08T03:44:11.776967+00:00,77.65767890164683,72.85613035443748,4.80154854720935,0.6386,0,910.4961,
2026-09-08T03:44:11.970093+00:00,77.65767890164683,72.85613035443748,4.80154854720935,0.6421,0,910.4961,
2026-09-08T03:44:12.122305+00:00,77.65431688319892,72.85942104044449,4.794895842754428,0.3964,0,910.4961,
2026-09-08T03:44:12.264728+00:00,77.65431688319892,72.85942104044449,4.794895842754428,0.4004,0,910.4961,
2026-09-08T03:44:12.412601+00:00,77.65431688319892,72.85942104044449,4.794895842754428,0.4045,0,910.4961,
2026-09-08T03:44:12.607002+00:00,77.65431688319892,72.85942104044449,4.794895842754428,0.4087,0,910.4961,
2026-09-08T03:44:12.757234+00:00,77.65431688319892,72.85942104044449,4.794895842754428,0.4101,0,910.4961,
2026-09-08T03:44:12.923054+00:00,77.65431688319892,72.85942104044449,4.794895842754428,0.4115,0,910.4961,
2026-09-08T03:44:13.066786+00:00,77.65360584469619,72.85653140383316,4.797074440863028,0.4955,0,910.4961,
2026-09-08T03:44:13.213528+00:00,77.65360584469619,72.85653140383316,4.797074440863028,0.4966,0,910.4961,
2026-09-08T03:44:13.374807+00:00,77.65360584469619,72.85653140383316,4.797074440863028,0.4978,0,910.4961,
2026-09-08T03:44:13.518936+00:00,77.65360584469619,72.85653140383316,4.797074440863028,0.4989,0,910.4961,
2026-09-08T03:44:13.673602+00:00,77.65360584469619,72.85653140383316,4.797074440863028,0.5001,0,910.4961,
2026-09-08T03:44:13.815842+00:00,77.65360584469619,72.85653140383316,4.797074440863028,0.501,0,910.4961,
2026-09-08T03:44:14.134168+00:00,77.65360584469619,72.85653140383316,4.797074440863028,0.5019,0,910.4961,
2026-09-08T03:44:14.312506+00:00,77.64867437409102,72.86047394366861,4.788200430422407,0.1654,0,910.4961,
2026-09-08T03:44:14.468351+00:00,77.64867437409102,72.86047394366861,4.788200430422407,0.1674,0,910.4961,
2026-09-08T03:44:14.613848+00:00,77.64867437409102,72.86047394366861,4.788200430422407,0.1693,0,910.4961,
2026-09-08T03:44:14.765210+00:00,77.64867437409102,72.86047394366861,4.788200430422407,0.1713,0,910.4961,
2026-09-08T03:44:14.917655+00:00,77.64867437409102,72.86047394366861,4.788200430422407,0.1727,0,910.4961,
2026-09-08T03:44:15.064115+00:00,77.64921403243402,72.85263184115803,4.796582191275988,0.4938,0,910.4961,
2026-09-08T03:44:15.218383+00:00,77.64921403243402,72.85263184115803,4.796582191275988,0.4942,0,910.4961,
2026-09-08T03:44:15.397179+00:00,77.64921403243402,72.85263184115803,4.796582191275988,0.4945,0,910.4961,
2026-09-08T03:44:15.536492+00:00,77.64921403243402,72.85263184115803,4.796582191275988,0.4949,0,910.4961,
2026-09-08T03:44:15.717332+00:00,77.64921403243402,72.85263184115803,4.796582191275988,0.4952,0,910.4961,
2026-09-08T03:44:15.868542+00:00,77.64921403243402,72.85263184115803,4.796582191275988,0.4956,0,910.4961,
2026-09-08T03:44:16.008413+00:00,77.64921403243402,72.85263184115803,4.796582191275988,0.4982,0,910.4961,
2026-09-08T03:44:16.163002+00:00,77.64947060473978,72.8551141922958,4.794356412443975,0.4156,0,910.4961,
2026-09-08T03:44:16.450793+00:00,77.69479278453409,72.80979201250149,4.885000772032598,3.8011,-1,910.4961,sell 5x BTC-MINI; buy 5x ETH-MINI
2026-09-08T03:44:16.588520+00:00,78.04199758895456,72.46258720808102,5.57941038087354,14.9607,-1,893.9339294678933,
2026-09-08T03:44:16.771939+00:00,78.2701972497326,72.23438754730297,6.035809702429631,13.928,-1,891.6591062791116,
2026-09-08T03:44:16.912165+00:00,78.44111476071893,72.06347003631664,6.377644724402288,12.3669,-1,889.8984744794137,
2026-09-08T03:44:17.062301+00:00,78.63321963676034,71.87136516027523,6.761854476485112,11.4668,-1,888.0205347783334,
2026-09-08T03:44:17.218434+00:00,78.82823173709262,71.68061037720072,7.1476213598919,10.7278,-1,886.0897155266284,
2026-09-08T03:44:17.372236+00:00,79.01981298632968,71.48902912796366,7.530783858366021,10.1007,-1,884.1792108278751,
2026-09-08T03:44:17.532168+00:00,79.21521161504138,71.29363049925196,7.921581115789422,9.5859,-1,882.224449680376,
2026-09-08T03:44:17.677833+00:00,79.39799015231479,71.11085196197855,8.287138190336236,9.0886,-1,880.3733380299091,
2026-09-08T03:44:17.845369+00:00,79.59837292142261,70.91046919287074,8.687903728551873,8.7287,-1,878.4006448250293,
2026-09-08T03:44:17.982131+00:00,79.78322212405551,70.72561999023783,9.057602133817682,8.3519,-1,876.5355916481494,
2026-09-08T03:44:18.169692+00:00,80.01323914464574,70.48007402113689,9.533165123508851,8.1692,-1,874.1696618658618,
2026-09-08T03:44:18.313087+00:00,80.14442747768025,70.34888568810237,9.795541789577882,7.7011,-1,872.8656910521106,
2026-09-08T03:44:18.477191+00:00,80.14442747768025,70.34888568810237,9.795541789577882,7.0152,-1,872.8656910521106,
2026-09-08T03:44:18.615626+00:00,80.14442747768025,70.34888568810237,9.795541789577882,6.4818,-1,872.8656910521106,
2026-09-08T03:44:18.767952+00:00,80.14442747768025,70.34888568810237,9.795541789577882,6.0514,-1,872.8656910521106,
2026-09-08T03:44:18.919100+00:00,80.14442747768025,70.34888568810237,9.795541789577882,5.6946,-1,872.8656910521106,
2026-09-08T03:44:19.069695+00:00,80.14531363230041,70.33485803122598,9.810455601074437,5.4073,-1,872.7911219946278,
2026-09-08T03:44:19.223654+00:00,80.14531363230041,70.33485803122598,9.810455601074437,5.1449,-1,872.7911219946278,
2026-09-08T03:44:19.396176+00:00,80.14531363230041,70.33485803122598,9.810455601074437,4.9159,-1,872.7911219946278,
2026-09-08T03:44:19.536379+00:00,80.14531363230041,70.33485803122598,9.810455601074437,4.7136,-1,872.7911219946278,
2026-09-08T03:44:19.696381+00:00,80.14531363230041,70.33485803122598,9.810455601074437,4.5332,-1,872.7911219946278,
2026-09-08T03:44:19.847038+00:00,80.14531363230041,70.33485803122598,9.810455601074437,4.371,-1,872.7911219946278,
2026-09-08T03:44:19.986634+00:00,80.14531363230041,70.33485803122598,9.810455601074437,4.2241,-1,872.7911219946278,
2026-09-08T03:44:20.143913+00:00,80.14644281239686,70.32388305936581,9.822559753031044,4.1001,-1,872.7306012348447,
2026-09-08T03:44:20.330519+00:00,80.14644281239686,70.32388305936581,9.822559753031044,3.9765,-1,872.7306012348447,
2026-09-08T03:44:20.487055+00:00,80.14644281239686,70.32388305936581,9.822559753031044,3.8627,-1,872.7306012348447,
2026-09-08T03:44:20.761831+00:00,80.14644281239686,70.32388305936581,9.822559753031044,3.7574,-1,872.7306012348447,
2026-09-08T03:44:20.907362+00:00,80.14644281239686,70.32388305936581,9.822559753031044,3.6596,-1,872.7306012348447,
2026-09-08T03:44:21.070220+00:00,80.14644281239686,70.32388305936581,9.822559753031044,3.5684,-1,872.7306012348447,
2026-09-08T03:44:21.244204+00:00,80.15020222985122,70.32312186785619,9.82708036199503,3.4864,-1,872.7079981900248,
2026-09-08T03:44:21.391573+00:00,80.15020222985122,70.32312186785619,9.82708036199503,3.4063,-1,872.7079981900248,
2026-09-08T03:44:21.533213+00:00,80.15020222985122,70.32312186785619,9.82708036199503,3.3309,-1,872.7079981900248,
2026-09-08T03:44:21.685496+00:00,80.15020222985122,70.32312186785619,9.82708036199503,3.2597,-1,872.7079981900248,
2026-09-08T03:44:21.845165+00:00,80.15020222985122,70.32312186785619,9.82708036199503,3.1925,-1,872.7079981900248,
2026-09-08T03:44:21.987240+00:00,80.15020222985122,70.32312186785619,9.82708036199503,3.1288,-1,872.7079981900248,
2026-09-08T03:44:22.144983+00:00,80.15233443637545,70.31118281360824,9.841151622767214,3.0776,-1,872.6376418861639,
2026-09-08T03:44:22.295262+00:00,80.15233443637545,70.31118281360824,9.841151622767214,3.0197,-1,872.6376418861639,
2026-09-08T03:44:22.457048+00:00,80.15233443637545,70.31118281360824,9.841151622767214,2.9645,-1,872.6376418861639,
2026-09-08T03:44:22.604716+00:00,80.15233443637545,70.31118281360824,9.841151622767214,2.9119,-1,872.6376418861639,
2026-09-08T03:44:22.765103+00:00,80.15233443637545,70.31118281360824,9.841151622767214,2.8616,-1,872.6376418861639,
2026-09-08T03:44:22.903202+00:00,80.15233443637545,70.31118281360824,9.841151622767214,2.8135,-1,872.6376418861639,
2026-09-08T03:44:23.056948+00:00,80.15233443637545,70.31118281360824,9.841151622767214,2.7674,-1,872.6376418861639,
2026-09-08T03:44:23.231968+00:00,80.1541896178663,70.32156976898422,9.832619848882075,2.718,-1,872.6803007555895,
2026-09-08T03:44:23.371040+00:00,80.1541896178663,70.32156976898422,9.832619848882075,2.6757,-1,872.6803007555895,
2026-09-08T03:44:23.526130+00:00,80.1541896178663,70.32156976898422,9.832619848882075,2.635,-1,872.6803007555895,
2026-09-08T03:44:23.678919+00:00,80.1541896178663,70.32156976898422,9.832619848882075,2.5959,-1,872.6803007555895,
2026-09-08T03:44:23.827619+00:00,80.1541896178663,70.32156976898422,9.832619848882075,2.5581,-1,872.6803007555895,
2026-09-08T03:44:23.982465+00:00,80.1541896178663,70.32156976898422,9.832619848882075,2.5217,-1,872.6803007555895,
2026-09-08T03:44:24.129721+00:00,80.15711832638871,70.32197272667995,9.835145599708767,2.4879,-1,872.6676720014561,
2026-09-08T03:44:24.290651+00:00,80.15711832638871,70.32197272667995,9.835145599708767,2.4539,-1,872.6676720014561,
2026-09-08T03:44:24.433503+00:00,80.15711832638871,70.32197272667995,9.835145599708767,2.4209,-1,872.6676720014561,
2026-09-08T03:44:24.585251+00:00,80.15711832638871,70.32197272667995,9.835145599708767,2.389,-1,872.6676720014561,
2026-09-08T03:44:24.730210+00:00,80.15711832638871,70.32197272667995,9.835145599708767,2.3581,-1,872.6676720014561,
2026-09-08T03:44:24.884205+00:00,80.15711832638871,70.32197272667995,9.835145599708767,2.3282,-1,872.6676720014561,
2026-09-08T03:44:25.045608+00:00,80.15711832638871,70.32197272667995,9.835145599708767,2.2991,-1,872.6676720014561,
2026-09-08T03:44:25.207727+00:00,80.15612731760466,70.29988780697865,9.856239510626011,2.2821,-1,872.56220244687,
2026-09-08T03:44:25.347941+00:00,80.15612731760466,70.29988780697865,9.856239510626011,2.2543,-1,872.56220244687,
2026-09-08T03:44:25.501027+00:00,80.15612731760466,70.29988780697865,9.856239510626011,2.2273,-1,872.56220244687,
2026-09-08T03:44:25.649321+00:00,80.15612731760466,70.29988780697865,9.856239510626011,2.2011,-1,872.56220244687,
2026-09-08T03:44:25.803571+00:00,80.15612731760466,70.29988780697865,9.856239510626011,2.1756,-1,872.56220244687,
2026-09-08T03:44:25.963229+00:00,80.15612731760466,70.29988780697865,9.856239510626011,2.1507,-1,872.56220244687,
2026-09-08T03:44:26.116667+00:00,80.15612731760466,70.29988780697865,9.856239510626011,2.1265,-1,872.56220244687,
2026-09-08T03:44:26.288508+00:00,80.15575950632835,70.3051507000285,9.850608806299846,2.1001,-1,872.6140122005171,
2026-09-08T03:44:26.426530+00:00,80.10464613924766,70.3562640671092,9.748382072138469,2.026,-1,873.1037282194663,
2026-09-08T03:44:26.584029+00:00,80.04830476362423,70.41260544273263,9.635699320891604,1.9487,-1,873.6646096297926,
2026-09-08T03:44:26.748262+00:00,79.99252333106372,70.46838687529313,9.524136455770588,1.874,-1,874.2268977097357,
2026-09-08T03:44:26.903881+00:00,79.93961637507225,70.52129383128461,9.418322543787639,1.8038,-1,874.7536188466461,
2026-09-08T03:44:27.428537+00:00,79.74923939337506,70.72465284492033,9.024586548454735,1.5934,-1,875.2986522334216,
2026-09-08T03:44:27.567088+00:00,79.69680339922681,70.77708883906858,8.919714560158226,1.5289,-1,877.2472207514439,
2026-09-08T03:44:27.715598+00:00,79.64384603473576,70.83004620355963,8.813799831176127,1.465,-1,877.7783543350579,
2026-09-08T03:44:27.870047+00:00,79.58914276504974,70.88474947324565,8.704393291804095,1.4003,-1,878.3249723538894,
2026-09-08T03:44:28.047576+00:00,79.52578992476239,70.948102313533,8.577687611229393,1.3282,-1,878.956537209465,
2026-09-08T03:44:28.209515+00:00,79.46751199523865,71.01595252955454,8.451559465684113,1.2573,-1,879.594141462691,
2026-09-08T03:44:28.347781+00:00,79.416991438925,71.0664730858682,8.350518353056799,1.1994,-1,880.0945173466109,
2026-09-08T03:44:28.501260+00:00,79.36258295678213,71.12088156801106,8.241701388771077,1.1385,-1,880.6385740687068,
2026-09-08T03:44:28.651352+00:00,79.30865803860739,71.1748064861858,8.13385155242159,1.0786,-1,881.1817844048471,
2026-09-08T03:44:28.797505+00:00,79.25527943957677,71.22818508521642,8.027094354360344,1.0198,-1,881.7106555664443,
2026-09-08T03:44:28.957046+00:00,79.19871957035548,71.28474495443771,7.913974615917766,0.9585,-1,882.2623391285867,
2026-09-08T03:44:29.122552+00:00,79.13921855251252,71.34424597228067,7.794972580231843,0.8948,-1,882.8736034936467,
2026-09-08T03:44:29.262922+00:00,79.08907544433089,71.39907953022579,7.689995914105097,0.8383,-1,883.3972325722555,
2026-09-08T03:44:29.420443+00:00,79.03266194708728,71.4554930274694,7.5771689196178755,0.7784,-1,883.9489144314081,
2026-09-08T03:44:29.562508+00:00,78.98057940848254,71.50757556607414,7.473003842408403,0.7231,-1,884.4802217199865,
2026-09-08T03:44:29.729963+00:00,78.92694331738647,71.5612116571702,7.3657316602162695,0.6666,-1,885.0341906945089,
2026-09-08T03:44:29.882718+00:00,78.86632931052657,71.62182566403011,7.2445036464964545,0.6035,-1,885.622213505581,
2026-09-08T03:44:30.025127+00:00,78.8178772908351,71.67027768372158,7.14759960711352,0.5526,-1,886.1122369141983,
2026-09-08T03:44:30.192554+00:00,78.7581590234766,71.72361717200621,7.0345418514703795,0.494,-1,886.666183780008,
2026-09-08T03:44:30.345908+00:00,78.69964693183994,71.78212926364287,6.917517668197064,0.4337,-1,887.2588804467256,
2026-09-08T03:44:30.491292+00:00,78.64940370742347,71.83237248805933,6.817031219364139,0.3816,-1,887.7643448643195,
2026-09-08T03:44:30.636676+00:00,78.59528779893697,71.88648839654584,6.708799402391122,0.3259,-1,888.303547213846,
2026-09-08T03:44:30.788147+00:00,78.54197399867016,71.93980219681265,6.602171801857509,0.2711,-1,888.8363488760186,
2026-09-08T03:44:31.081594+00:00,78.48753937563309,71.99423681984972,6.493302555783373,0.2154,0,889.3804898961122,buy 5x BTC-MINI; sell 5x ETH-MINI
2026-09-08T03:44:31.223305+00:00,78.38369514949558,72.09482273125126,6.288872418244324,0.1132,0,836.7026,
2026-09-08T03:44:31.380587+00:00,78.3302167552597,72.14830112548714,6.181915629772561,0.0588,0,836.7026,
2026-09-08T03:44:31.527961+00:00,78.27591539117844,72.20260248956839,6.073312901610052,0.0037,0,836.7026,
2026-09-08T03:44:31.685651+00:00,78.21862911163635,72.25988876911049,5.958740342525857,-0.0543,0,836.7026,
2026-09-08T03:44:31.827066+00:00,78.16938349867443,72.3091343820724,5.860249116602034,-0.1043,0,836.7026,
2026-09-08T03:44:31.977396+00:00,78.11364132002998,72.36487656071685,5.748764759313133,-0.1605,0,836.7026,
2026-09-08T03:44:32.125585+00:00,78.06140857772041,72.41710930302642,5.644299274693992,-0.2132,0,836.7026,
2026-09-08T03:44:32.287627+00:00,78.00637614694114,72.47580749734097,5.53056864960017,-0.2703,0,836.7026,
2026-09-08T03:44:32.446362+00:00,77.95115355050014,72.53103009378196,5.420123456718173,-0.3257,0,836.7026,
2026-09-08T03:44:32.603968+00:00,77.89204166583805,72.59014197844405,5.301899687393998,-0.3847,0,836.7026,
2026-09-08T03:44:32.746456+00:00,77.84295672996856,72.63922691431354,5.203729815655024,-0.4337,0,836.7026,
2026-09-08T03:44:32.900995+00:00,77.7870835062551,72.695100138027,5.0919833682280995,-0.4892,0,836.7026,
2026-09-08T03:44:33.047636+00:00,77.73479430983197,72.74738933445013,4.9874049753818355,-0.5409,0,836.7026,
2026-09-08T03:44:33.198446+00:00,77.68040669684619,72.81214958828477,4.868257108561423,-0.5996,0,836.7026,
2026-09-08T03:44:33.351884+00:00,77.65277253598694,72.83978374914402,4.812988786842922,-0.6268,0,836.7026,
2026-09-08T03:44:33.513232+00:00,77.65277253598694,72.83978374914402,4.812988786842922,-0.6268,0,836.7026,
2026-09-08T03:44:33.651696+00:00,77.65277253598694,72.83978374914402,4.812988786842922,-0.6269,0,836.7026,
2026-09-08T03:44:33.809327+00:00,77.65277253598694,72.83978374914402,4.812988786842922,-0.627,0,836.7026,
2026-09-08T03:44:33.964007+00:00,77.65277253598694,72.83978374914402,4.812988786842922,-0.6271,0,836.7026,
2026-09-08T03:44:34.110094+00:00,77.65277253598694,72.83978374914402,4.812988786842922,-0.6272,0,836.7026,
2026-09-08T03:44:34.265845+00:00,77.65365012185043,72.82067739366046,4.832972728189972,-0.6175,0,836.7026,
2026-09-08T03:44:34.415047+00:00,77.65365012185043,72.82067739366046,4.832972728189972,-0.6176,0,836.7026,
2026-09-08T03:44:34.563627+00:00,77.65365012185043,72.82067739366046,4.832972728189972,-0.6178,0,836.7026,
2026-09-08T03:44:34.729976+00:00,77.65365012185043,72.82067739366046,4.832972728189972,-0.618,0,836.7026,
2026-09-08T03:44:34.877880+00:00,77.65365012185043,72.82067739366046,4.832972728189972,-0.6181,0,836.7026,
2026-09-08T03:44:35.049659+00:00,77.65365012185043,72.82067739366046,4.832972728189972,-0.6183,0,836.7026,
2026-09-08T03:44:35.204048+00:00,77.65467320143969,72.82077401920442,4.833899182235271,-0.618,0,836.7026,
2026-09-08T03:44:35.344924+00:00,77.65467320143969,72.82077401920442,4.833899182235271,-0.6181,0,836.7026,
2026-09-08T03:44:35.503154+00:00,77.65467320143969,72.82077401920442,4.833899182235271,-0.6182,0,836.7026,
2026-09-08T03:44:35.662602+00:00,77.65467320143969,72.82077401920442,4.833899182235271,-0.6184,0,836.7026,
2026-09-08T03:44:35.830094+00:00,77.65467320143969,72.82077401920442,4.833899182235271,-0.6185,0,836.7026,
2026-09-08T03:44:35.980393+00:00,77.65467320143969,72.82077401920442,4.833899182235271,-0.6187,0,836.7026,
2026-09-08T03:44:36.140748+00:00,77.65467320143969,72.82077401920442,4.833899182235271,-0.6188,0,836.7026,
2026-09-08T03:44:36.290605+00:00,77.65428990342862,72.81022871851309,4.844061184915532,-0.614,0,836.7026,
2026-09-08T03:44:36.454537+00:00,77.65428990342862,72.81022871851309,4.844061184915532,-0.6142,0,836.7026,
2026-09-08T03:44:36.596142+00:00,77.65428990342862,72.81022871851309,4.844061184915532,-0.6144,0,836.7026,
2026-09-08T03:44:36.742038+00:00,77.65428990342862,72.81022871851309,4.844061184915532,-0.6146,0,836.7026,
2026-09-08T03:44:36.909756+00:00,77.65428990342862,72.81022871851309,4.844061184915532,-0.6148,0,836.7026,
2026-09-08T03:44:37.053693+00:00,77.65428990342862,72.81022871851309,4.844061184915532,-0.615,0,836.7026,
2026-09-08T03:44:37.198982+00:00,77.65469445710617,72.79771583417163,4.856978622934548,-0.6089,0,836.7026,
2026-09-08T03:44:37.351081+00:00,77.65469445710617,72.79771583417163,4.856978622934548,-0.6091,0,836.7026,
2026-09-08T03:44:37.533317+00:00,77.65469445710617,72.79771583417163,4.856978622934548,-0.6094,0,836.7026,
2026-09-08T03:44:37.677803+00:00,77.65469445710617,72.79771583417163,4.856978622934548,-0.6097,0,836.7026,
2026-09-08T03:44:37.852005+00:00,77.65469445710617,72.79771583417163,4.856978622934548,-0.6099,0,836.7026,
2026-09-08T03:44:37.989915+00:00,77.65469445710617,72.79771583417163,4.856978622934548,-0.6102,0,836.7026,
2026-09-08T03:44:38.171517+00:00,77.65193202775357,72.81612025447824,4.8358117732753385,-0.6209,0,836.7026,
2026-09-08T03:44:38.323739+00:00,77.65193202775357,72.81612025447824,4.8358117732753385,-0.6211,0,836.7026,
2026-09-08T03:44:38.477950+00:00,77.65193202775357,72.81612025447824,4.8358117732753385,-0.6213,0,836.7026,
2026-09-08T03:44:38.625475+00:00,77.65193202775357,72.81612025447824,4.8358117732753385,-0.6215,0,836.7026,
2026-09-08T03:44:38.778047+00:00,77.65193202775357,72.81612025447824,4.8358117732753385,-0.6217,0,836.7026,
2026-09-08T03:44:38.932440+00:00,77.65193202775357,72.81612025447824,4.8358117732753385,-0.6219,0,836.7026,
2026-09-08T03:44:39.091233+00:00,77.65193202775357,72.81612025447824,4.8358117732753385,-0.6221,0,836.7026,
2026-09-08T03:44:39.230422+00:00,77.65192676146964,72.81237376102895,4.839553000440688,-0.6205,0,836.7026,
2026-09-08T03:44:39.382726+00:00,77.65192676146964,72.81237376102895,4.839553000440688,-0.6207,0,836.7026,
2026-09-08T03:44:39.534709+00:00,77.65192676146964,72.81237376102895,4.839553000440688,-0.6209,0,836.7026,
2026-09-08T03:44:39.692034+00:00,77.65192676146964,72.81237376102895,4.839553000440688,-0.6211,0,836.7026,
2026-09-08T03:44:39.841891+00:00,77.65192676146964,72.81237376102895,4.839553000440688,-0.6213,0,836.7026,
2026-09-08T03:44:40.004434+00:00,77.65192676146964,72.81237376102895,4.839553000440688,-0.6215,0,836.7026,
2026-09-08T03:44:40.144182+00:00,77.65192676146964,72.81237376102895,4.839553000440688,-0.6217,0,836.7026,
2026-09-08T03:44:40.293499+00:00,77.65174515599688,72.80873581632065,4.843009339676229,-0.6202,0,836.7026,
2026-09-08T03:44:40.447022+00:00,77.65174515599688,72.80873581632065,4.843009339676229,-0.6204,0,836.7026,
2026-09-08T03:44:40.598710+00:00,77.65174515599688,72.80873581632065,4.843009339676229,-0.6206,0,836.7026,
2026-09-08T03:44:40.749521+00:00,77.65174515599688,72.80873581632065,4.843009339676229,-0.6208,0,836.7026,
2026-09-08T03:44:40.902734+00:00,77.65174515599688,72.80873581632065,4.843009339676229,-0.621,0,836.7026,
2026-09-08T03:44:41.062109+00:00,77.65174515599688,72.80873581632065,4.843009339676229,-0.6212,0,836.7026,
2026-09-08T03:44:41.237114+00:00,77.65232752906539,72.80510271463035,4.847224814435037,-0.6193,0,836.7026,
2026-09-08T03:44:41.378553+00:00,77.65232752906539,72.80510271463035,4.847224814435037,-0.6196,0,836.7026,
2026-09-08T03:44:41.527576+00:00,77.65232752906539,72.80510271463035,4.847224814435037,-0.6198,0,836.7026,
2026-09-08T03:44:41.682441+00:00,77.65232752906539,72.80510271463035,4.847224814435037,-0.62,0,836.7026,
2026-09-08T03:44:41.831770+00:00,77.65232752906539,72.80510271463035,4.847224814435037,-0.6203,0,836.7026,
2026-09-08T03:44:42.002277+00:00,77.65232752906539,72.80510271463035,4.847224814435037,-0.6205,0,836.7026,
2026-09-08T03:44:42.141423+00:00,77.65232752906539,72.80510271463035,4.847224814435037,-0.6208,0,836.7026,
2026-09-08T03:44:42.310045+00:00,77.65137548803811,72.80936233455851,4.8420131534795985,-0.6236,0,836.7026,
2026-09-08T03:44:42.447152+00:00,77.65137548803811,72.80936233455851,4.8420131534795985,-0.6238,0,836.7026,
2026-09-08T03:44:42.600595+00:00,77.65137548803811,72.80936233455851,4.8420131534795985,-0.624,0,836.7026,
2026-09-08T03:44:42.784744+00:00,77.65137548803811,72.80936233455851,4.8420131534795985,-0.6243,0,836.7026,
2026-09-08T03:44:42.928084+00:00,77.65137548803811,72.80936233455851,4.8420131534795985,-0.6245,0,836.7026,
2026-09-08T03:44:43.120465+00:00,77.65137548803811,72.80936233455851,4.8420131534795985,-0.6248,0,836.7026,
2026-09-08T03:44:43.275107+00:00,77.65099991223164,72.80051371570237,4.850486196529275,-0.6208,0,836.7026,
2026-09-08T03:44:43.417930+00:00,77.65099991223164,72.80051371570237,4.850486196529275,-0.6211,0,836.7026,
2026-09-08T03:44:43.579819+00:00,77.65099991223164,72.80051371570237,4.850486196529275,-0.6213,0,836.7026,
2026-09-08T03:44:43.719220+00:00,77.65099991223164,72.80051371570237,4.850486196529275,-0.6216,0,836.7026,
2026-09-08T03:44:43.872952+00:00,77.65099991223164,72.80051371570237,4.850486196529275,-0.6218,0,836.7026,
2026-09-08T03:44:44.029504+00:00,77.65099991223164,72.80051371570237,4.850486196529275,-0.6221,0,836.7026,
2026-09-08T03:44:44.174706+00:00,77.65099991223164,72.80051371570237,4.850486196529275,-0.6223,0,836.7026,
2026-09-08T03:44:44.324289+00:00,77.64922063570258,72.80392643895473,4.845294196747844,-0.6251,0,836.7026,
2026-09-08T03:44:44.512217+00:00,77.64922063570258,72.80392643895473,4.845294196747844,-0.6254,0,836.7026,
2026-09-08T03:44:44.660928+00:00,77.64922063570258,72.80392643895473,4.845294196747844,-0.6256,0,836.7026,
2026-09-08T03:44:44.797441+00:00,77.64922063570258,72.80392643895473,4.845294196747844,-0.6258,0,836.7026,
2026-09-08T03:44:44.961805+00:00,77.64922063570258,72.80392643895473,4.845294196747844,-0.626,0,836.7026,
2026-09-08T03:44:45.103982+00:00,77.64922063570258,72.80392643895473,4.845294196747844,-0.6263,0,836.7026,
2026-09-08T03:44:45.282577+00:00,77.64864131434962,72.80156961805982,4.847071696289802,-0.6256,0,836.7026,
2026-09-08T03:44:45.431174+00:00,77.64864131434962,72.80156961805982,4.847071696289802,-0.6258,0,836.7026,
2026-09-08T03:44:45.596834+00:00,77.64864131434962,72.80156961805982,4.847071696289802,-0.6261,0,836.7026,
2026-09-08T03:44:45.753440+00:00,77.64864131434962,72.80156961805982,4.847071696289802,-0.6263,0,836.7026,
2026-09-08T03:44:45.899798+00:00,77.64864131434962,72.80156961805982,4.847071696289802,-0.6265,0,836.7026,
2026-09-08T03:44:46.047821+00:00,77.64864131434962,72.80156961805982,4.847071696289802,-0.6267,0,836.7026,
2026-09-08T03:44:46.205724+00:00,77.64916403287476,72.80238319393962,4.846780838935146,-0.6271,0,836.7026,
2026-09-08T03:44:46.347551+00:00,77.64916403287476,72.80238319393962,4.846780838935146,-0.6273,0,836.7026,
2026-09-08T03:44:46.507425+00:00,77.64916403287476,72.80238319393962,4.846780838935146,-0.6275,0,836.7026,
2026-09-08T03:44:46.663138+00:00,77.64916403287476,72.80238319393962,4.846780838935146,-0.6277,0,836.7026,
2026-09-08T03:44:46.804688+00:00,77.64916403287476,72.80238319393962,4.846780838935146,-0.628,0,836.7026,
2026-09-08T03:44:46.962964+00:00,77.64916403287476,72.80238319393962,4.846780838935146,-0.6282,0,836.7026,
2026-09-08T03:44:47.105488+00:00,77.64916403287476,72.80238319393962,4.846780838935146,-0.6284,0,836.7026,
2026-09-08T03:44:47.262629+00:00,77.65043663517784,72.79580266933847,4.854633965839369,-0.6247,0,836.7026,
2026-09-08T03:44:47.447962+00:00,77.65043663517784,72.79580266933847,4.854633965839369,-0.6249,0,836.7026,
2026-09-08T03:44:47.601667+00:00,77.65043663517784,72.79580266933847,4.854633965839369,-0.6251,0,836.7026,
2026-09-08T03:44:47.763923+00:00,77.65043663517784,72.79580266933847,4.854633965839369,-0.6253,0,836.7026,
2026-09-08T03:44:47.914468+00:00,77.65043663517784,72.79580266933847,4.854633965839369,-0.6256,0,836.7026,
2026-09-08T03:44:48.065117+00:00,77.65043663517784,72.79580266933847,4.854633965839369,-0.6258,0,836.7026,
2026-09-08T03:44:48.200996+00:00,77.6514918440633,72.7959325940044,4.855559250058903,-0.6255,0,836.7026,
2026-09-08T03:44:48.364727+00:00,77.6514918440633,72.7959325940044,4.855559250058903,-0.6257,0,836.7026,
2026-09-08T03:44:48.521287+00:00,77.6514918440633,72.7959325940044,4.855559250058903,-0.6259,0,836.7026,
2026-09-08T03:44:48.664096+00:00,77.6514918440633,72.7959325940044,4.855559250058903,-0.6261,0,836.7026,
2026-09-08T03:44:48.810053+00:00,77.6514918440633,72.7959325940044,4.855559250058903,-0.6263,0,836.7026,
2026-09-08T03:44:48.965274+00:00,77.6514918440633,72.7959325940044,4.855559250058903,-0.6265,0,836.7026,
2026-09-08T03:44:49.149372+00:00,77.6514918440633,72.7959325940044,4.855559250058903,-0.6267,0,836.7026,
2026-09-08T03:44:49.285680+00:00,77.65466515249214,72.79159860170076,4.8630665507913875,-0.6232,0,836.7026,
2026-09-08T03:44:49.461603+00:00,77.65466515249214,72.79159860170076,4.8630665507913875,-0.6234,0,836.7026,
2026-09-08T03:44:49.602140+00:00,77.65466515249214,72.79159860170076,4.8630665507913875,-0.6236,0,836.7026,
2026-09-08T03:44:49.763042+00:00,77.65466515249214,72.79159860170076,4.8630665507913875,-0.6239,0,836.7026,
2026-09-08T03:44:49.910733+00:00,77.65466515249214,72.79159860170076,4.8630665507913875,-0.6241,0,836.7026,
2026-09-08T03:44:50.053609+00:00,77.65466515249214,72.79159860170076,4.8630665507913875,-0.6243,0,836.7026,
2026-09-08T03:44:50.201347+00:00,77.65466515249214,72.79159860170076,4.8630665507913875,-0.6245,0,836.7026,
2026-09-08T03:44:50.362052+00:00,77.65536223690883,72.79117790734229,4.864184329566541,-0.6242,0,836.7026,
2026-09-08T03:44:50.533606+00:00,77.65536223690883,72.79117790734229,4.864184329566541,-0.6245,0,836.7026,
2026-09-08T03:44:50.689314+00:00,77.65536223690883,72.79117790734229,4.864184329566541,-0.6248,0,836.7026,
2026-09-08T03:44:50.897160+00:00,77.65536223690883,72.79117790734229,4.864184329566541,-0.625,0,836.7026,
2026-09-08T03:44:51.137502+00:00,77.65536223690883,72.79117790734229,4.864184329566541,-0.6253,0,836.7026,
2026-09-08T03:44:51.302228+00:00,77.65233800747158,72.78931960060382,4.863018406867766,-0.6261,0,836.7026,
2026-09-08T03:44:51.470074+00:00,77.65233800747158,72.78931960060382,4.863018406867766,-0.6263,0,836.7026,
2026-09-08T03:44:51.610616+00:00,77.65233800747158,72.78931960060382,4.863018406867766,-0.6265,0,836.7026,
2026-09-08T03:44:51.784128+00:00,77.65233800747158,72.78931960060382,4.863018406867766,-0.6268,0,836.7026,
2026-09-08T03:44:59.680281+00:00,77.65354965443997,72.77824642091593,4.875303233524036,,0,836.7026,
2026-09-08T03:44:59.855530+00:00,77.65354965443997,72.77824642091593,4.875303233524036,,0,836.7026,
2026-09-08T03:45:00.012950+00:00,77.65354965443997,72.77824642091593,4.875303233524036,,0,836.7026,
2026-09-08T03:45:00.162631+00:00,77.65354965443997,72.77824642091593,4.875303233524036,,0,836.7026,
2026-09-08T03:45:00.299917+00:00,77.65186187100078,72.77577503791859,4.876086833082184,,0,836.7026,
2026-09-08T03:45:00.493088+00:00,77.65186187100078,72.77577503791859,4.876086833082184,,0,836.7026,
2026-09-08T03:45:00.642776+00:00,77.65186187100078,72.77577503791859,4.876086833082184,,0,836.7026,
2026-09-08T03:45:00.831710+00:00,77.65186187100078,72.77577503791859,4.876086833082184,,0,836.7026,
2026-09-08T03:45:00.969957+00:00,77.65186187100078,72.77577503791859,4.876086833082184,,0,836.7026,
2026-09-08T03:45:01.206433+00:00,77.65186187100078,72.77577503791859,4.876086833082184,,0,836.7026,
2026-09-08T03:45:01.345894+00:00,77.65228583795519,72.75586731748716,4.896418520468032,,0,836.7026,
2026-09-08T03:45:01.503132+00:00,77.65228583795519,72.75586731748716,4.896418520468032,,0,836.7026,
2026-09-08T03:45:01.650219+00:00,77.65228583795519,72.75586731748716,4.896418520468032,,0,836.7026,
2026-09-08T03:45:01.802155+00:00,77.65228583795519,72.75586731748716,4.896418520468032,,0,836.7026,
2026-09-08T03:45:01.951401+00:00,77.65228583795519,72.75586731748716,4.896418520468032,,0,836.7026,
2026-09-08T03:45:02.098803+00:00,77.65228583795519,72.75586731748716,4.896418520468032,,0,836.7026,
2026-09-08T03:45:02.251483+00:00,77.65668676147203,72.75930977390549,4.897376987566545,,0,836.7026,
2026-09-08T03:45:02.405408+00:00,77.65668676147203,72.75930977390549,4.897376987566545,,0,836.7026,
2026-09-08T03:45:02.575748+00:00,77.65668676147203,72.75930977390549,4.897376987566545,,0,836.7026,
2026-09-08T03:45:02.716006+00:00,77.65668676147203,72.75930977390549,4.897376987566545,,0,836.7026,
2026-09-08T03:45:02.884327+00:00,77.65668676147203,72.75930977390549,4.897376987566545,,0,836.7026,
2026-09-08T03:45:03.063376+00:00,77.65668676147203,72.75930977390549,4.897376987566545,,0,836.7026,
2026-09-08T03:45:03.213178+00:00,77.65668676147203,72.75930977390549,4.897376987566545,,0,836.7026,
2026-09-08T03:45:03.359456+00:00,77.6555707167929,72.7639592670768,4.891611449716095,,0,836.7026,
2026-09-08T03:45:03.500989+00:00,77.6555707167929,72.7639592670768,4.891611449716095,,0,836.7026,
2026-09-08T03:45:03.659430+00:00,77.6555707167929,72.7639592670768,4.891611449716095,,0,836.7026,
2026-09-08T03:45:03.808979+00:00,77.6555707167929,72.7639592670768,4.891611449716095,,0,836.7026,
2026-09-08T03:45:03.958799+00:00,77.6555707167929,72.7639592670768,4.891611449716095,,0,836.7026,
2026-09-08T03:45:04.111347+00:00,77.6555707167929,72.7639592670768,4.891611449716095,,0,836.7026,
2026-09-08T03:45:04.285752+00:00,77.65763140412369,72.76988451822058,4.887746885903113,,0,836.7026,
2026-09-08T03:45:04.470866+00:00,77.65763140412369,72.76988451822058,4.887746885903113,,0,836.7026,
2026-09-08T03:45:04.623173+00:00,77.65763140412369,72.76988451822058,4.887746885903113,,0,836.7026,
2026-09-08T03:45:04.765626+00:00,77.65763140412369,72.76988451822058,4.887746885903113,,0,836.7026,
2026-09-08T03:45:04.910741+00:00,77.65763140412369,72.76988451822058,4.887746885903113,,0,836.7026,
2026-09-08T03:45:05.083702+00:00,77.65763140412369,72.76988451822058,4.887746885903113,,0,836.7026,
2026-09-08T03:45:05.240947+00:00,77.65763140412369,72.76988451822058,4.887746885903113,,0,836.7026,
2026-09-08T03:45:05.397950+00:00,77.6556203688946,72.75862916159328,4.896991207301326,,0,836.7026,
2026-09-08T03:45:05.565345+00:00,77.6556203688946,72.75862916159328,4.896991207301326,,0,836.7026,
2026-09-08T03:45:05.733765+00:00,77.6556203688946,72.75862916159328,4.896991207301326,,0,836.7026,
2026-09-08T03:45:05.901518+00:00,77.6556203688946,72.75862916159328,4.896991207301326,,0,836.7026,
2026-09-08T03:45:06.081352+00:00,77.6556203688946,72.75862916159328,4.896991207301326,,0,836.7026,
2026-09-08T03:45:06.243093+00:00,77.6556203688946,72.75862916159328,4.896991207301326,,0,836.7026,
2026-09-08T03:45:06.393878+00:00,77.65656561188408,72.76982334238642,4.88674226949766,,0,836.7026,
2026-09-08T03:45:06.535808+00:00,77.65656561188408,72.76982334238642,4.88674226949766,,0,836.7026,
2026-09-08T03:45:06.683763+00:00,77.65656561188408,72.76982334238642,4.88674226949766,,0,836.7026,
2026-09-08T03:45:06.842720+00:00,77.65656561188408,72.76982334238642,4.88674226949766,,0,836.7026,
2026-09-08T03:45:06.983854+00:00,77.65656561188408,72.76982334238642,4.88674226949766,,0,836.7026,
2026-09-08T03:45:07.143354+00:00,77.65656561188408,72.76982334238642,4.88674226949766,,0,836.7026,
2026-09-08T03:45:07.291750+00:00,77.65633346023316,72.77852119574686,4.877812264486295,,0,836.7026,
2026-09-08T03:45:07.445780+00:00,77.65633346023316,72.77852119574686,4.877812264486295,,0,836.7026,
2026-09-08T03:45:07.607628+00:00,77.65633346023316,72.77852119574686,4.877812264486295,,0,836.7026,
2026-09-08T03:45:07.750381+00:00,77.65633346023316,72.77852119574686,4.877812264486295,,0,836.7026,
2026-09-08T03:45:07.902076+00:00,77.65633346023316,72.77852119574686,4.877812264486295,,0,836.7026,
2026-09-08T03:45:08.056577+00:00,77.65633346023316,72.77852119574686,4.877812264486295,,0,836.7026,
2026-09-08T03:45:08.203387+00:00,77.65633346023316,72.77852119574686,4.877812264486295,,0,836.7026,
2026-09-08T03:45:08.349011+00:00,77.65608282267688,72.77517519834556,4.880907624331314,,0,836.7026,
2026-09-08T03:45:08.506993+00:00,77.65608282267688,72.77517519834556,4.880907624331314,,0,836.7026,
2026-09-08T03:45:08.663555+00:00,77.65608282267688,72.77517519834556,4.880907624331314,,0,836.7026,
2026-09-08T03:45:08.832048+00:00,77.65608282267688,72.77517519834556,4.880907624331314,,0,836.7026,
2026-09-08T03:45:08.969598+00:00,77.65608282267688,72.77517519834556,4.880907624331314,,0,836.7026,
2026-09-08T03:45:09.125807+00:00,77.65608282267688,72.77517519834556,4.880907624331314,,0,836.7026,
2026-09-08T03:45:09.283206+00:00,77.65342372923503,72.77266415050505,4.880759578729979,,0,836.7026,
2026-09-08T03:45:09.428305+00:00,77.65342372923503,72.77266415050505,4.880759578729979,,0,836.7026,
2026-09-08T03:45:09.582851+00:00,77.65342372923503,72.77266415050505,4.880759578729979,,0,836.7026,
2026-09-08T03:45:09.765605+00:00,77.65342372923503,72.77266415050505,4.880759578729979,,0,836.7026,
2026-09-08T03:45:09.930099+00:00,77.65342372923503,72.77266415050505,4.880759578729979,,0,836.7026,
2026-09-08T03:45:10.073087+00:00,77.65342372923503,72.77266415050505,4.880759578729979,,0,836.7026,
2026-09-08T03:45:10.248773+00:00,77.65303266580355,72.76985042718046,4.8831822386230925,,0,836.7026,
2026-09-08T03:45:10.401369+00:00,77.65303266580355,72.76985042718046,4.8831822386230925,,0,836.7026,
2026-09-08T03:45:10.544433+00:00,77.65303266580355,72.76985042718046,4.8831822386230925,,0,836.7026,
2026-09-08T03:45:10.704156+00:00,77.65303266580355,72.76985042718046,4.8831822386230925,,0,836.7026,
2026-09-08T03:45:10.857342+00:00,77.65303266580355,72.76985042718046,4.8831822386230925,,0,836.7026,
2026-09-08T03:45:11.001072+00:00,77.65303266580355,72.76985042718046,4.8831822386230925,,0,836.7026,
2026-09-08T03:45:11.149045+00:00,77.65303266580355,72.76985042718046,4.8831822386230925,,0,836.7026,
2026-09-08T03:45:11.299444+00:00,77.65367337976926,72.79099563067028,4.862677749098978,,0,836.7026,
2026-09-08T03:45:11.458000+00:00,77.65367337976926,72.79099563067028,4.862677749098978,,0,836.7026,
2026-09-08T03:45:11.632407+00:00,77.65367337976926,72.79099563067028,4.862677749098978,,0,836.7026,
2026-09-08T03:45:11.809135+00:00,77.65367337976926,72.79099563067028,4.862677749098978,,0,836.7026,
2026-09-08T03:45:11.989630+00:00,77.65367337976926,72.79099563067028,4.862677749098978,,0,836.7026,
2026-09-08T03:45:12.157499+00:00,77.65367337976926,72.79099563067028,4.862677749098978,,0,836.7026,
2026-09-08T03:45:12.367352+00:00,77.65385845039067,72.80142470356729,4.85243374682338,,0,836.7026,
2026-09-08T03:45:12.551509+00:00,77.65385845039067,72.80142470356729,4.85243374682338,,0,836.7026,
2026-09-08T03:45:12.728689+00:00,77.65385845039067,72.80142470356729,4.85243374682338,,0,836.7026,
2026-09-08T03:45:12.872864+00:00,77.65385845039067,72.80142470356729,4.85243374682338,,0,836.7026,
2026-09-08T03:45:13.019078+00:00,77.65385845039067,72.80142470356729,4.85243374682338,,0,836.7026,
2026-09-08T03:45:13.171342+00:00,77.65385845039067,72.80142470356729,4.85243374682338,,0,836.7026,
2026-09-08T03:45:13.351713+00:00,77.65076264919325,72.80903176461975,4.841730884573508,,0,836.7026,
2026-09-08T03:45:13.487827+00:00,77.65076264919325,72.80903176461975,4.841730884573508,,0,836.7026,
2026-09-08T03:45:13.661346+00:00,77.65076264919325,72.80903176461975,4.841730884573508,,0,836.7026,
2026-09-08T03:45:13.825872+00:00,77.65076264919325,72.80903176461975,4.841730884573508,,0,836.7026,
2026-09-08T03:45:13.964692+00:00,77.65076264919325,72.80903176461975,4.841730884573508,,0,836.7026,
2026-09-08T03:45:14.121851+00:00,77.65076264919325,72.80903176461975,4.841730884573508,,0,836.7026,
2026-09-08T03:45:14.309549+00:00,77.6521510969866,72.81305416153589,4.839096935450712,,0,836.7026,
2026-09-08T03:45:14.448202+00:00,77.6521510969866,72.81305416153589,4.839096935450712,,0,836.7026,
2026-09-08T03:45:14.610898+00:00,77.6521510969866,72.81305416153589,4.839096935450712,,0,836.7026,
2026-09-08T03:45:14.750489+00:00,77.6521510969866,72.81305416153589,4.839096935450712,,0,836.7026,
2026-09-08T03:45:14.902181+00:00,77.6521510969866,72.81305416153589,4.839096935450712,,0,836.7026,
2026-09-08T03:45:15.063660+00:00,77.6521510969866,72.81305416153589,4.839096935450712,,0,836.7026,
2026-09-08T03:45:15.228098+00:00,77.6521510969866,72.81305416153589,4.839096935450712,,0,836.7026,
2026-09-08T03:45:15.370425+00:00,77.65162842042353,72.80348417814706,4.848144242276476,,0,836.7026,
2026-09-08T03:45:15.545399+00:00,77.65162842042353,72.80348417814706,4.848144242276476,,0,836.7026,
2026-09-08T03:45:15.682703+00:00,77.65162842042353,72.80348417814706,4.848144242276476,,0,836.7026,
2026-09-08T03:45:15.835713+00:00,77.65162842042353,72.80348417814706,4.848144242276476,,0,836.7026,
2026-09-08T03:45:15.989956+00:00,77.65162842042353,72.80348417814706,4.848144242276476,,0,836.7026,
2026-09-08T03:45:16.181713+00:00,77.65162842042353,72.80348417814706,4.848144242276476,,0,836.7026,
2026-09-08T03:45:16.325073+00:00,77.65162842042353,72.80348417814706,4.848144242276476,,0,836.7026,
2026-09-08T03:45:16.476777+00:00,77.64830695349616,72.80245536387676,4.8458515896194,,0,836.7026,
2026-09-08T03:45:16.621136+00:00,77.64830695349616,72.80245536387676,4.8458515896194,,0,836.7026,
2026-09-08T03:45:16.789189+00:00,77.64830695349616,72.80245536387676,4.8458515896194,,0,836.7026,
2026-09-08T03:45:16.927787+00:00,77.64830695349616,72.80245536387676,4.8458515896194,,0,836.7026,
2026-09-08T03:45:17.080958+00:00,77.64830695349616,72.80245536387676,4.8458515896194,,0,836.7026,
2026-09-08T03:45:17.256405+00:00,77.64830695349616,72.80245536387676,4.8458515896194,,0,836.7026,
2026-09-08T03:45:17.396431+00:00,77.64633970374199,72.796875591647,4.849464112094992,,0,836.7026,
2026-09-08T03:45:17.594816+00:00,77.64633970374199,72.796875591647,4.849464112094992,,0,836.7026,
2026-09-08T03:45:17.735174+00:00,77.64633970374199,72.796875591647,4.849464112094992,,0,836.7026,
2026-09-08T03:45:17.986747+00:00,77.64633970374199,72.796875591647,4.849464112094992,,0,836.7026,
2026-09-08T03:45:18.135685+00:00,77.64633970374199,72.796875591647,4.849464112094992,,0,836.7026,
2026-09-08T03:45:18.279473+00:00,77.64633970374199,72.796875591647,4.849464112094992,,0,836.7026,
2026-09-08T03:45:18.433659+00:00,77.64542400675083,72.7904787016157,4.854945305135132,,0,836.7026,
2026-09-08T03:45:18.579996+00:00,77.64542400675083,72.7904787016157,4.854945305135132,,0,836.7026,
2026-09-08T03:45:18.730045+00:00,77.64542400675083,72.7904787016157,4.854945305135132,,0,836.7026,
2026-09-08T03:45:18.904589+00:00,77.64542400675083,72.7904787016157,4.854945305135132,,0,836.7026,
2026-09-08T03:45:19.046062+00:00,77.64542400675083,72.7904787016157,4.854945305135132,,0,836.7026,
2026-09-08T03:45:19.230795+00:00,77.64542400675083,72.7904787016157,4.854945305135132,,0,836.7026,
2026-09-08T03:45:19.384379+00:00,77.64561026629978,72.78277529526378,4.862834971036008,,0,836.7026,
2026-09-08T03:45:19.523987+00:00,77.64561026629978,72.78277529526378,4.862834971036008,,0,836.7026,
2026-09-08T03:45:19.680699+00:00,77.64561026629978,72.78277529526378,4.862834971036008,,0,836.7026,
2026-09-08T03:45:19.850822+00:00,77.64561026629978,72.78277529526378,4.862834971036008,,0,836.7026,
2026-09-08T03:45:19.997202+00:00,77.64561026629978,72.78277529526378,4.862834971036008,,0,836.7026,
2026-09-08T03:45:20.192593+00:00,77.64561026629978,72.78277529526378,4.862834971036008,,0,836.7026,
2026-09-08T03:45:20.334612+00:00,77.64561026629978,72.78277529526378,4.862834971036008,,0,836.7026,
2026-09-08T03:45:20.483417+00:00,77.64803415245049,72.77163986566488,4.876394286785612,,0,836.7026,
2026-09-08T03:45:20.660229+00:00,77.64803415245049,72.77163986566488,4.876394286785612,,0,836.7026,
2026-09-08T03:45:20.802839+00:00,77.64803415245049,72.77163986566488,4.876394286785612,,0,836.7026,
2026-09-08T03:45:20.959174+00:00,77.64803415245049,72.77163986566488,4.876394286785612,,0,836.7026,
2026-09-08T03:45:21.102908+00:00,77.64803415245049,72.77163986566488,4.876394286785612,,0,836.7026,
2026-09-08T03:45:21.252119+00:00,77.64803415245049,72.77163986566488,4.876394286785612,,0,836.7026,
2026-09-08T03:45:21.405534+00:00,77.6464822736735,72.75420991526424,4.892272358409258,,0,836.7026,
2026-09-08T03:45:21.565104+00:00,77.6464822736735,72.75420991526424,4.892272358409258,,0,836.7026,
2026-09-08T03:45:21.746772+00:00,77.6464822736735,72.75420991526424,4.892272358409258,,0,836.7026,
2026-09-08T03:45:21.884677+00:00,77.6464822736735,72.75420991526424,4.892272358409258,,0,836.7026,
2026-09-08T03:45:22.089330+00:00,77.6464822736735,72.75420991526424,4.892272358409258,,0,836.7026,
2026-09-08T03:45:22.230239+00:00,77.6464822736735,72.75420991526424,4.892272358409258,,0,836.7026,
2026-09-08T03:45:22.379863+00:00,77.65221838591899,72.74689587096262,4.905322514956367,,0,836.7026,
2026-09-08T03:45:22.533432+00:00,77.65221838591899,72.74689587096262,4.905322514956367,,0,836.7026,
2026-09-08T03:45:22.680425+00:00,77.65221838591899,72.74689587096262,4.905322514956367,,0,836.7026,
2026-09-08T03:45:22.830028+00:00,77.65221838591899,72.74689587096262,4.905322514956367,,0,836.7026,
2026-09-08T03:45:22.991871+00:00,77.65221838591899,72.74689587096262,4.905322514956367,,0,836.7026,
2026-09-08T03:45:23.147091+00:00,77.65221838591899,72.74689587096262,4.905322514956367,,0,836.7026,
2026-09-08T03:45:23.285436+00:00,77.65221838591899,72.74689587096262,4.905322514956367,,0,836.7026,
2026-09-08T03:45:23.446081+00:00,77.65237537704442,72.74622851783155,4.906146859212868,,0,836.7026,
2026-09-08T03:45:23.588317+00:00,77.65237537704442,72.74622851783155,4.906146859212868,,0,836.7026,
2026-09-08T03:45:23.746245+00:00,77.65237537704442,72.74622851783155,4.906146859212868,,0,836.7026,
2026-09-08T03:45:23.895180+00:00,77.65237537704442,72.74622851783155,4.906146859212868,,0,836.7026,
2026-09-08T03:45:24.048532+00:00,77.65237537704442,72.74622851783155,4.906146859212868,,0,836.7026,
2026-09-08T03:45:24.226118+00:00,77.65237537704442,72.74622851783155,4.906146859212868,,0,836.7026,
2026-09-08T03:45:24.368455+00:00,77.65110129694999,72.73626695536154,4.9148343415884455,,0,836.7026,
2026-09-08T03:45:24.535675+00:00,77.65110129694999,72.73626695536154,4.9148343415884455,,0,836.7026,
2026-09-08T03:45:24.693056+00:00,77.65110129694999,72.73626695536154,4.9148343415884455,,0,836.7026,
2026-09-08T03:45:24.828298+00:00,77.65110129694999,72.73626695536154,4.9148343415884455,,0,836.7026,
2026-09-08T03:45:24.995474+00:00,77.65110129694999,72.73626695536154,4.9148343415884455,,0,836.7026,
2026-09-08T03:45:25.131346+00:00,77.65110129694999,72.73626695536154,4.9148343415884455,,0,836.7026,
2026-09-08T03:45:25.289797+00:00,77.65110129694999,72.73626695536154,4.9148343415884455,,0,836.7026,
2026-09-08T03:45:25.447543+00:00,77.65198783532335,72.74683991342299,4.905147921900365,,0,836.7026,
2026-09-08T03:45:25.588763+00:00,77.65198783532335,72.74683991342299,4.905147921900365,,0,836.7026,
2026-09-08T03:45:25.747696+00:00,77.65198783532335,72.74683991342299,4.905147921900365,,0,836.7026,
2026-09-08T03:45:25.890053+00:00,77.65198783532335,72.74683991342299,4.905147921900365,,0,836.7026,
2026-09-08T03:45:26.052579+00:00,77.65198783532335,72.74683991342299,4.905147921900365,,0,836.7026,
2026-09-08T03:45:26.196947+00:00,77.65198783532335,72.74683991342299,4.905147921900365,,0,836.7026,
2026-09-08T03:45:26.347958+00:00,77.65198783532335,72.74683991342299,4.905147921900365,,0,836.7026,
2026-09-08T03:45:26.522174+00:00,77.65321023305334,72.73487530525108,4.918334927802263,,0,836.7026,
2026-09-08T03:45:26.706794+00:00,77.65321023305334,72.73487530525108,4.918334927802263,,0,836.7026,
2026-09-08T03:45:26.863260+00:00,77.65321023305334,72.73487530525108,4.918334927802263,,0,836.7026,
2026-09-08T03:45:27.033480+00:00,77.65321023305334,72.73487530525108,4.918334927802263,,0,836.7026,
2026-09-08T03:45:27.177724+00:00,77.65321023305334,72.73487530525108,4.918334927802263,,0,836.7026,
2026-09-08T03:45:27.321898+00:00,77.65321023305334,72.73487530525108,4.918334927802263,,0,836.7026,
2026-09-08T03:45:27.481133+00:00,77.65156265333084,72.73975195972889,4.91181069360195,,0,836.7026,
2026-09-08T03:45:27.649098+00:00,77.65156265333084,72.73975195972889,4.91181069360195,,0,836.7026,
2026-09-08T03:45:27.786838+00:00,77.65156265333084,72.73975195972889,4.91181069360195,,0,836.7026,
2026-09-08T03:45:27.937400+00:00,77.65156265333084,72.73975195972889,4.91181069360195,,0,836.7026,
2026-09-08T03:45:28.088275+00:00,77.65156265333084,72.73975195972889,4.91181069360195,,0,836.7026,
2026-09-08T03:45:28.249207+00:00,77.65156265333084,72.73975195972889,4.91181069360195,,0,836.7026,
2026-09-08T03:45:28.442517+00:00,77.65458580256934,72.72636506182305,4.928220740746298,,0,836.7026,
2026-09-08T03:45:28.621080+00:00,77.65458580256934,72.72636506182305,4.928220740746298,,0,836.7026,
2026-09-08T03:45:28.762190+00:00,77.65458580256934,72.72636506182305,4.928220740746298,,0,836.7026,
2026-09-08T03:45:28.917233+00:00,77.65458580256934,72.72636506182305,4.928220740746298,,0,836.7026,
2026-09-08T03:45:29.067739+00:00,77.65458580256934,72.72636506182305,4.928220740746298,,0,836.7026,
2026-09-08T03:45:29.225488+00:00,77.65458580256934,72.72636506182305,4.928220740746298,,0,836.7026,
2026-09-08T03:45:29.364997+00:00,77.65458580256934,72.72636506182305,4.928220740746298,,0,836.7026,
2026-09-08T03:45:29.519002+00:00,77.65499188641866,72.7292253203306,4.925766566088058,,0,836.7026,
2026-09-08T03:45:29.735446+00:00,77.65499188641866,72.7292253203306,4.925766566088058,,0,836.7026,
2026-09-08T03:45:29.938084+00:00,77.65499188641866,72.7292253203306,4.925766566088058,,0,836.7026,
2026-09-08T03:45:30.093543+00:00,77.65499188641866,72.7292253203306,4.925766566088058,,0,836.7026,
2026-09-08T03:45:30.302603+00:00,77.65499188641866,72.7292253203306,4.925766566088058,,0,836.7026,
2026-09-08T03:45:30.540814+00:00,77.65637983811877,72.72552822714066,4.9308516109781095,,0,836.7026,
2026-09-08T03:45:30.696891+00:00,77.65637983811877,72.72552822714066,4.9308516109781095,,0,836.7026,
2026-09-08T03:45:30.927793+00:00,77.65637983811877,72.72552822714066,4.9308516109781095,,0,836.7026,
2026-09-08T03:45:31.068545+00:00,77.65637983811877,72.72552822714066,4.9308516109781095,,0,836.7026,
2026-09-08T03:45:31.242769+00:00,77.65637983811877,72.72552822714066,4.9308516109781095,,0,836.7026,
2026-09-08T03:45:31.382423+00:00,77.65560635113874,72.71919117019654,4.936415180942205,,0,836.7026,
2026-09-08T03:45:31.544808+00:00,77.65560635113874,72.71919117019654,4.936415180942205,,0,836.7026,
2026-09-08T03:45:31.684492+00:00,77.65560635113874,72.71919117019654,4.936415180942205,,0,836.7026,
2026-09-08T03:45:31.842443+00:00,77.65560635113874,72.71919117019654,4.936415180942205,,0,836.7026,
2026-09-08T03:45:31.987440+00:00,77.65560635113874,72.71919117019654,4.936415180942205,,0,836.7026,
2026-09-08T03:45:32.136511+00:00,77.65560635113874,72.71919117019654,4.936415180942205,,0,836.7026,
2026-09-08T03:45:32.286278+00:00,77.65560635113874,72.71919117019654,4.936415180942205,,0,836.7026,
2026-09-08T03:45:32.443811+00:00,77.6553972905026,72.71991524183747,4.935482048665136,,0,836.7026,
2026-09-08T03:45:32.595179+00:00,77.6553972905026,72.71991524183747,4.935482048665136,,0,836.7026,
2026-09-08T03:45:32.776445+00:00,77.6553972905026,72.71991524183747,4.935482048665136,,0,836.7026,
2026-09-08T03:45:32.915636+00:00,77.6553972905026,72.71991524183747,4.935482048665136,,0,836.7026,
2026-09-08T03:45:33.069129+00:00,77.6553972905026,72.71991524183747,4.935482048665136,,0,836.7026,
2026-09-08T03:45:33.223000+00:00,77.6553972905026,72.71991524183747,4.935482048665136,,0,836.7026,
2026-09-08T03:45:33.381621+00:00,77.6553972905026,72.71991524183747,4.935482048665136,,0,836.7026,
2026-09-08T03:45:33.549037+00:00,77.65708501738023,72.71251745259549,4.944567564784734,,0,836.7026,
2026-09-08T03:45:33.689619+00:00,77.65708501738023,72.71251745259549,4.944567564784734,,0,836.7026,
2026-09-08T03:45:33.846614+00:00,77.65708501738023,72.71251745259549,4.944567564784734,,0,836.7026,
2026-09-08T03:45:34.001888+00:00,77.65708501738023,72.71251745259549,4.944567564784734,,0,836.7026,
2026-09-08T03:45:34.144161+00:00,77.65708501738023,72.71251745259549,4.944567564784734,,0,836.7026,
2026-09-08T03:45:34.302029+00:00,77.65708501738023,72.71251745259549,4.944567564784734,,0,836.7026,
2026-09-08T03:45:34.447115+00:00,77.65754743357559,72.70211583696809,4.955431596607497,,0,836.7026,
2026-09-08T03:45:34.596575+00:00,77.65754743357559,72.70211583696809,4.955431596607497,,0,836.7026,
2026-09-08T03:45:34.752025+00:00,77.65754743357559,72.70211583696809,4.955431596607497,,0,836.7026,
2026-09-08T03:45:34.914007+00:00,77.65754743357559,72.70211583696809,4.955431596607497,,0,836.7026,
2026-09-08T03:45:35.062560+00:00,77.65754743357559,72.70211583696809,4.955431596607497,,0,836.7026,
2026-09-08T03:45:35.234596+00:00,77.65754743357559,72.70211583696809,4.955431596607497,,0,836.7026,
2026-09-08T03:45:35.391306+00:00,77.65754743357559,72.70211583696809,4.955431596607497,,0,836.7026,
2026-09-08T03:45:35.534822+00:00,77.65710365239718,72.70326004220091,4.953843610196273,,0,836.7026,
2026-09-08T03:45:35.724648+00:00,77.65710365239718,72.70326004220091,4.953843610196273,,0,836.7026,
2026-09-08T03:45:35.874072+00:00,77.65710365239718,72.70326004220091,4.953843610196273,,0,836.7026,
2026-09-08T03:45:36.017874+00:00,77.65710365239718,72.70326004220091,4.953843610196273,,0,836.7026,
2026-09-08T03:45:36.211398+00:00,77.65710365239718,72.70326004220091,4.953843610196273,,0,836.7026,
2026-09-08T03:45:36.359026+00:00,77.65710365239718,72.70326004220091,4.953843610196273,,0,836.7026,
2026-09-08T03:45:36.534088+00:00,77.65363749461368,72.70707340203236,4.946564092581312,,0,836.7026,
2026-09-08T03:45:36.678192+00:00,77.65363749461368,72.70707340203236,4.946564092581312,,0,836.7026,
2026-09-08T03:45:36.827189+00:00,77.65363749461368,72.70707340203236,4.946564092581312,,0,836.7026,
2026-09-08T03:45:36.984497+00:00,77.65363749461368,72.70707340203236,4.946564092581312,,0,836.7026,
2026-09-08T03:45:37.129343+00:00,77.65363749461368,72.70707340203236,4.946564092581312,,0,836.7026,
2026-09-08T03:45:37.315855+00:00,77.65363749461368,72.70707340203236,4.946564092581312,,0,836.7026,
2026-09-08T03:45:37.504167+00:00,77.65162454346321,72.70148641399376,4.950138129469451,,0,836.7026,
2026-09-08T03:45:37.746429+00:00,77.65162454346321,72.70148641399376,4.950138129469451,,0,836.7026,
2026-09-08T03:45:37.908085+00:00,77.65162454346321,72.70148641399376,4.950138129469451,,0,836.7026,
2026-09-08T03:45:38.043612+00:00,77.65162454346321,72.70148641399376,4.950138129469451,,0,836.7026,
2026-09-08T03:45:38.199743+00:00,77.65162454346321,72.70148641399376,4.950138129469451,,0,836.7026,
2026-09-08T03:45:38.346363+00:00,77.65162454346321,72.70148641399376,4.950138129469451,,0,836.7026,
2026-09-08T03:45:38.505383+00:00,77.65344003069434,72.69954812550225,4.953891905192094,,0,836.7026,
2026-09-08T03:45:38.657540+00:00,77.65344003069434,72.69954812550225,4.953891905192094,,0,836.7026,
2026-09-08T03:45:38.806457+00:00,77.65344003069434,72.69954812550225,4.953891905192094,,0,836.7026,
2026-09-08T03:45:38.972970+00:00,77.65344003069434,72.69954812550225,4.953891905192094,,0,836.7026,
2026-09-08T03:45:39.111528+00:00,77.65344003069434,72.69954812550225,4.953891905192094,,0,836.7026,
2026-09-08T03:45:39.290048+00:00,77.65344003069434,72.69954812550225,4.953891905192094,,0,836.7026,
2026-09-08T03:45:39.430108+00:00,77.65619226765718,72.70237036738206,4.953821900275116,,0,836.7026,
2026-09-08T03:45:39.576499+00:00,77.65619226765718,72.70237036738206,4.953821900275116,,0,836.7026,
2026-09-08T03:45:39.745788+00:00,77.65619226765718,72.70237036738206,4.953821900275116,,0,836.7026,
2026-09-08T03:45:39.880287+00:00,77.65619226765718,72.70237036738206,4.953821900275116,,0,836.7026,
2026-09-08T03:45:40.040790+00:00,77.65619226765718,72.70237036738206,4.953821900275116,,0,836.7026,
2026-09-08T03:45:40.185724+00:00,77.65619226765718,72.70237036738206,4.953821900275116,,0,836.7026,
2026-09-08T03:45:40.353555+00:00,77.65619226765718,72.70237036738206,4.953821900275116,,0,836.7026,
2026-09-08T03:45:40.500655+00:00,77.65924399255304,72.70251288089544,4.956731111657604,,0,836.7026,
2026-09-08T03:45:40.659513+00:00,77.65924399255304,72.70251288089544,4.956731111657604,,0,836.7026,
2026-09-08T03:45:40.800805+00:00,77.65924399255304,72.70251288089544,4.956731111657604,,0,836.7026,
2026-09-08T03:45:40.952016+00:00,77.65924399255304,72.70251288089544,4.956731111657604,,0,836.7026,
2026-09-08T03:45:41.105727+00:00,77.65924399255304,72.70251288089544,4.956731111657604,,0,836.7026,
2026-09-08T03:45:41.256413+00:00,77.65924399255304,72.70251288089544,4.956731111657604,,0,836.7026,
2026-09-08T03:45:41.413951+00:00,77.65831741744907,72.70271848428807,4.955598933160999,,0,836.7026,
2026-09-08T03:45:41.565967+00:00,77.65831741744907,72.70271848428807,4.955598933160999,,0,836.7026,
2026-09-08T03:45:41.710617+00:00,77.65831741744907,72.70271848428807,4.955598933160999,,0,836.7026,
2026-09-08T03:45:41.867886+00:00,77.65831741744907,72.70271848428807,4.955598933160999,,0,836.7026,
2026-09-08T03:45:42.012375+00:00,77.65831741744907,72.70271848428807,4.955598933160999,,0,836.7026,
2026-09-08T03:45:42.177482+00:00,77.65831741744907,72.70271848428807,4.955598933160999,,0,836.7026,
2026-09-08T03:45:42.331417+00:00,77.65831741744907,72.70271848428807,4.955598933160999,,0,836.7026,
2026-09-08T03:45:42.477273+00:00,77.65886760687937,72.69682173221946,4.962045874659907,,0,836.7026,
2026-09-08T03:45:42.622026+00:00,77.65886760687937,72.69682173221946,4.962045874659907,,0,836.7026,
2026-09-08T03:45:42.778385+00:00,77.65886760687937,72.69682173221946,4.962045874659907,,0,836.7026,
2026-09-08T03:45:42.927003+00:00,77.65886760687937,72.69682173221946,4.962045874659907,,0,836.7026,
2026-09-08T03:45:43.082458+00:00,77.65886760687937,72.69682173221946,4.962045874659907,,0,836.7026,
2026-09-08T03:45:43.232590+00:00,77.65886760687937,72.69682173221946,4.962045874659907,,0,836.7026,
2026-09-08T03:45:43.387939+00:00,77.65886760687937,72.69682173221946,4.962045874659907,,0,836.7026,
2026-09-08T03:45:43.529100+00:00,77.65845472971705,72.71065460623726,4.947800123479794,,0,836.7026,
2026-09-08T03:45:43.688153+00:00,77.65845472971705,72.71065460623726,4.947800123479794,,0,836.7026,
2026-09-08T03:45:43.842278+00:00,77.65845472971705,72.71065460623726,4.947800123479794,,0,836.7026,
2026-09-08T03:45:44.002137+00:00,77.65845472971705,72.71065460623726,4.947800123479794,,0,836.7026,
2026-09-08T03:45:44.138949+00:00,77.65845472971705,72.71065460623726,4.947800123479794,,0,836.7026,
2026-09-08T03:45:44.297595+00:00,77.65845472971705,72.71065460623726,4.947800123479794,,0,836.7026,
2026-09-08T03:45:44.447034+00:00,77.65951014357148,72.70352980714668,4.955980336424801,,0,836.7026,
2026-09-08T03:45:44.599317+00:00,77.65951014357148,72.70352980714668,4.955980336424801,,0,836.7026,
2026-09-08T03:45:44.749136+00:00,77.65951014357148,72.70352980714668,4.955980336424801,,0,836.7026,
2026-09-08T03:45:44.951531+00:00,77.65951014357148,72.70352980714668,4.955980336424801,,0,836.7026,
2026-09-08T03:45:45.153681+00:00,77.65951014357148,72.70352980714668,4.955980336424801,,0,836.7026,
2026-09-08T03:45:45.298713+00:00,77.65951014357148,72.70352980714668,4.955980336424801,,0,836.7026,
2026-09-08T03:45:45.461402+00:00,77.65766873887222,72.70519694911408,4.952471789758135,,0,836.7026,
2026-09-08T03:45:45.609979+00:00,77.65766873887222,72.70519694911408,4.952471789758135,,0,836.7026,
2026-09-08T03:45:45.761362+00:00,77.65766873887222,72.70519694911408,4.952471789758135,,0,836.7026,
2026-09-08T03:45:46.003966+00:00,77.65766873887222,72.70519694911408,4.952471789758135,,0,836.7026,
2026-09-08T03:45:46.184623+00:00,77.65766873887222,72.70519694911408,4.952471789758135,,0,836.7026,
2026-09-08T03:45:46.416403+00:00,77.65766873887222,72.70519694911408,4.952471789758135,,0,836.7026,
2026-09-08T03:45:46.559588+00:00,77.65262535913183,72.70496617583512,4.947659183296707,,0,836.7026,
2026-09-08T03:45:46.715299+00:00,77.65262535913183,72.70496617583512,4.947659183296707,,0,836.7026,
2026-09-08T03:45:46.859248+00:00,77.65262535913183,72.70496617583512,4.947659183296707,,0,836.7026,
2026-09-08T03:45:47.009394+00:00,77.65262535913183,72.70496617583512,4.947659183296707,,0,836.7026,
2026-09-08T03:45:47.158303+00:00,77.65262535913183,72.70496617583512,4.947659183296707,1.0825,0,836.7026,
2026-09-08T03:45:47.320415+00:00,77.65262535913183,72.70496617583512,4.947659183296707,1.0753,0,836.7026,
2026-09-08T03:45:47.477828+00:00,77.65385645838352,72.72007348866842,4.9337829697150966,0.7053,0,836.7026,
2026-09-08T03:45:47.619067+00:00,77.65385645838352,72.72007348866842,4.9337829697150966,0.7004,0,836.7026,
2026-09-08T03:45:47.764829+00:00,77.65385645838352,72.72007348866842,4.9337829697150966,0.6955,0,836.7026,
2026-09-08T03:45:47.918896+00:00,77.65385645838352,72.72007348866842,4.9337829697150966,0.6907,0,836.7026,
2026-09-08T03:45:48.072571+00:00,77.65385645838352,72.72007348866842,4.9337829697150966,0.6859,0,836.7026,
2026-09-08T03:45:48.231394+00:00,77.65385645838352,72.72007348866842,4.9337829697150966,0.6811,0,836.7026,
2026-09-08T03:45:48.375149+00:00,77.65385645838352,72.72007348866842,4.9337829697150966,0.6763,0,836.7026,
2026-09-08T03:45:48.522345+00:00,77.65201288124668,72.70970269087762,4.9423101903690565,0.8952,0,836.7026,
2026-09-08T03:45:48.700335+00:00,77.65201288124668,72.70970269087762,4.9423101903690565,0.8893,0,836.7026,
2026-09-08T03:45:48.841800+00:00,77.65201288124668,72.70970269087762,4.9423101903690565,0.8843,0,836.7026,
2026-09-08T03:45:48.990124+00:00,77.65201288124668,72.70970269087762,4.9423101903690565,0.8793,0,836.7026,
2026-09-08T03:45:49.170646+00:00,77.65201288124668,72.70970269087762,4.9423101903690565,0.8743,0,836.7026,
2026-09-08T03:45:49.317182+00:00,77.65201288124668,72.70970269087762,4.9423101903690565,0.8693,0,836.7026,
2026-09-08T03:45:49.465858+00:00,77.65201288124668,72.70970269087762,4.9423101903690565,0.8644,0,836.7026,
2026-09-08T03:45:49.616720+00:00,77.6508309658448,72.70701984908602,4.943811116758781,0.8986,0,836.7026,
2026-09-08T03:45:49.780628+00:00,77.6508309658448,72.70701984908602,4.943811116758781,0.8935,0,836.7026,
2026-09-08T03:45:49.926352+00:00,77.6508309658448,72.70701984908602,4.943811116758781,0.8884,0,836.7026,
2026-09-08T03:45:50.076448+00:00,77.6508309658448,72.70701984908602,4.943811116758781,0.8834,0,836.7026,
2026-09-08T03:45:50.220528+00:00,77.6508309658448,72.70701984908602,4.943811116758781,0.8783,0,836.7026,
2026-09-08T03:45:50.380606+00:00,77.6508309658448,72.70701984908602,4.943811116758781,0.8733,0,836.7026,
2026-09-08T03:45:50.532501+00:00,77.6523813948977,72.71202395231352,4.940357442584187,0.779,0,836.7026,
2026-09-08T03:45:50.682412+00:00,77.6523813948977,72.71202395231352,4.940357442584187,0.7747,0,836.7026,
2026-09-08T03:45:50.828133+00:00,77.6523813948977,72.71202395231352,4.940357442584187,0.77,0,836.7026,
2026-09-08T03:45:50.976617+00:00,77.6523813948977,72.71202395231352,4.940357442584187,0.7653,0,836.7026,
2026-09-08T03:45:51.131993+00:00,77.6523813948977,72.71202395231352,4.940357442584187,0.7607,0,836.7026,
2026-09-08T03:45:51.290163+00:00,77.6523813948977,72.71202395231352,4.940357442584187,0.7561,0,836.7026,
2026-09-08T03:45:51.455266+00:00,77.6523813948977,72.71202395231352,4.940357442584187,0.7515,0,836.7026,
2026-09-08T03:45:51.603892+00:00,77.65394540410477,72.7068911621268,4.94705424197798,0.9194,0,836.7026,
2026-09-08T03:45:51.785367+00:00,77.65394540410477,72.7068911621268,4.94705424197798,0.9136,0,836.7026,
2026-09-08T03:45:51.929298+00:00,77.65394540410477,72.7068911621268,4.94705424197798,0.9078,0,836.7026,
2026-09-08T03:45:52.070531+00:00,77.65394540410477,72.7068911621268,4.94705424197798,0.9021,0,836.7026,
2026-09-08T03:45:52.224643+00:00,77.65394540410477,72.7068911621268,4.94705424197798,0.8964,0,836.7026,
2026-09-08T03:45:52.390084+00:00,77.65394540410477,72.7068911621268,4.94705424197798,0.8907,0,836.7026,
2026-09-08T03:45:52.532801+00:00,77.65557069655024,72.718301276656,4.9372694198942355,0.6338,0,836.7026,
2026-09-08T03:45:52.690429+00:00,77.65557069655024,72.718301276656,4.9372694198942355,0.6296,0,836.7026,
2026-09-08T03:45:52.835171+00:00,77.65557069655024,72.718301276656,4.9372694198942355,0.6259,0,836.7026,
2026-09-08T03:45:52.978156+00:00,77.65557069655024,72.718301276656,4.9372694198942355,0.6222,0,836.7026,
2026-09-08T03:45:53.144778+00:00,77.65557069655024,72.718301276656,4.9372694198942355,0.6185,0,836.7026,
2026-09-08T03:45:53.293543+00:00,77.65557069655024,72.718301276656,4.9372694198942355,0.6149,0,836.7026,
2026-09-08T03:45:53.437035+00:00,77.65557069655024,72.718301276656,4.9372694198942355,0.6112,0,836.7026,
2026-09-08T03:45:53.591126+00:00,77.65566688071164,72.7213038678488,4.934363012862832,0.533,0,836.7026,
2026-09-08T03:45:53.749269+00:00,77.65566688071164,72.7213038678488,4.934363012862832,0.5291,0,836.7026,
2026-09-08T03:45:53.906789+00:00,77.65566688071164,72.7213038678488,4.934363012862832,0.5252,0,836.7026,
2026-09-08T03:45:54.046781+00:00,77.65566688071164,72.7213038678488,4.934363012862832,0.5213,0,836.7026,
2026-09-08T03:45:54.211883+00:00,77.65566688071164,72.7213038678488,4.934363012862832,0.5174,0,836.7026,
2026-09-08T03:45:54.361906+00:00,77.65566688071164,72.7213038678488,4.934363012862832,0.5135,0,836.7026,
2026-09-08T03:45:54.503425+00:00,77.65566688071164,72.7213038678488,4.934363012862832,0.5096,0,836.7026,
2026-09-08T03:45:54.686054+00:00,77.6550213842913,72.71978485885538,4.935236525435926,0.5278,0,836.7026,
2026-09-08T03:45:54.947434+00:00,77.6550213842913,72.71978485885538,4.935236525435926,0.5234,0,836.7026,
2026-09-08T03:45:55.113868+00:00,77.6550213842913,72.71978485885538,4.935236525435926,0.519,0,836.7026,
2026-09-08T03:45:55.296515+00:00,77.6550213842913,72.71978485885538,4.935236525435926,0.5146,0,836.7026,
2026-09-08T03:45:55.451492+00:00,77.6550213842913,72.71978485885538,4.935236525435926,0.5103,0,836.7026,
2026-09-08T03:45:55.603139+00:00,77.65401082765952,72.71655014565513,4.937460682004385,0.5635,0,836.7026,
2026-09-08T03:45:55.747387+00:00,77.65401082765952,72.71655014565513,4.937460682004385,0.5589,0,836.7026,
2026-09-08T03:45:55.889980+00:00,77.65401082765952,72.71655014565513,4.937460682004385,0.5545,0,836.7026,
2026-09-08T03:45:56.053709+00:00,77.65401082765952,72.71655014565513,4.937460682004385,0.5501,0,836.7026,
2026-09-08T03:45:56.198489+00:00,77.65401082765952,72.71655014565513,4.937460682004385,0.5457,0,836.7026,
2026-09-08T03:45:56.384755+00:00,77.65401082765952,72.71655014565513,4.937460682004385,0.5413,0,836.7026,
2026-09-08T03:45:56.541315+00:00,77.65695256765953,72.7197034794271,4.937249088232434,0.5314,0,836.7026,
2026-09-08T03:45:56.676827+00:00,77.65695256765953,72.7197034794271,4.937249088232434,0.527,0,836.7026,
2026-09-08T03:45:56.845202+00:00,77.65695256765953,72.7197034794271,4.937249088232434,0.5226,0,836.7026,
2026-09-08T03:45:56.980157+00:00,77.65695256765953,72.7197034794271,4.937249088232434,0.5183,0,836.7026,
2026-09-08T03:45:57.196861+00:00,77.65695256765953,72.7197034794271,4.937249088232434,0.5139,0,836.7026,
2026-09-08T03:45:57.335583+00:00,77.65695256765953,72.7197034794271,4.937249088232434,0.5095,0,836.7026,
2026-09-08T03:45:57.488489+00:00,77.65695256765953,72.7197034794271,4.937249088232434,0.5052,0,836.7026,
2026-09-08T03:45:57.635960+00:00,77.6564931195674,72.72783444366335,4.928658675904046,0.2753,0,836.7026,
2026-09-08T03:45:57.792763+00:00,77.6564931195674,72.72783444366335,4.928658675904046,0.2716,0,836.7026,
2026-09-08T03:45:57.970123+00:00,77.6564931195674,72.72783444366335,4.928658675904046,0.268,0,836.7026,
2026-09-08T03:45:58.177792+00:00,77.6564931195674,72.72783444366335,4.928658675904046,0.2643,0,836.7026,
2026-09-08T03:45:58.327078+00:00,77.6564931195674,72.72783444366335,4.928658675904046,0.2607,0,836.7026,
2026-09-08T03:45:58.465407+00:00,77.6564931195674,72.72783444366335,4.928658675904046,0.257,0,836.7026,
2026-09-08T03:45:58.625610+00:00,77.6559125763244,72.72735958274662,4.928552993577782,0.2506,0,836.7026,
2026-09-08T03:45:58.803808+00:00,77.6559125763244,72.72735958274662,4.928552993577782,0.2469,0,836.7026,
2026-09-08T03:45:58.982031+00:00,77.6559125763244,72.72735958274662,4.928552993577782,0.2419,0,836.7026,
2026-09-08T03:45:59.141841+00:00,77.6559125763244,72.72735958274662,4.928552993577782,0.237,0,836.7026,
2026-09-08T03:45:59.280379+00:00,77.6559125763244,72.72735958274662,4.928552993577782,0.232,0,836.7026,
2026-09-08T03:45:59.431802+00:00,77.6559125763244,72.72735958274662,4.928552993577782,0.2269,0,836.7026,
2026-09-08T03:45:59.578514+00:00,77.65745732094904,72.72981356256298,4.927643758386054,0.1973,0,836.7026,
2026-09-08T03:45:59.730699+00:00,77.65745732094904,72.72981356256298,4.927643758386054,0.1922,0,836.7026,
2026-09-08T03:45:59.889321+00:00,77.65745732094904,72.72981356256298,4.927643758386054,0.1864,0,836.7026,
2026-09-08T03:46:00.042611+00:00,77.65745732094904,72.72981356256298,4.927643758386054,0.1806,0,836.7026,
2026-09-08T03:46:00.185592+00:00,77.65745732094904,72.72981356256298,4.927643758386054,0.1748,0,836.7026,
2026-09-08T03:46:00.340188+00:00,77.65745732094904,72.72981356256298,4.927643758386054,0.1688,0,836.7026,
2026-09-08T03:46:00.490244+00:00,77.65745732094904,72.72981356256298,4.927643758386054,0.1629,0,836.7026,
2026-09-08T03:46:00.649204+00:00,77.65894445423281,72.736440723976,4.922503730256807,0.0121,0,836.7026,
2026-09-08T03:46:00.813838+00:00,77.65894445423281,72.736440723976,4.922503730256807,0.0046,0,836.7026,
2026-09-08T03:46:00.953663+00:00,77.65894445423281,72.736440723976,4.922503730256807,-0.0031,0,836.7026,
2026-09-08T03:46:01.109606+00:00,77.65894445423281,72.736440723976,4.922503730256807,-0.011,0,836.7026,
2026-09-08T03:46:01.265717+00:00,77.65894445423281,72.736440723976,4.922503730256807,-0.019,0,836.7026,
2026-09-08T03:46:01.431426+00:00,77.65894445423281,72.736440723976,4.922503730256807,-0.0271,0,836.7026,
2026-09-08T03:46:01.568815+00:00,77.65664231222037,72.7414124050633,4.9152299071570695,-0.2518,0,836.7026,
2026-09-08T03:46:01.734121+00:00,77.65664231222037,72.7414124050633,4.9152299071570695,-0.2622,0,836.7026,
2026-09-08T03:46:01.883374+00:00,77.65664231222037,72.7414124050633,4.9152299071570695,-0.2728,0,836.7026,
2026-09-08T03:46:02.061855+00:00,77.65664231222037,72.7414124050633,4.9152299071570695,-0.2837,0,836.7026,
2026-09-08T03:46:02.208990+00:00,77.65664231222037,72.7414124050633,4.9152299071570695,-0.2949,0,836.7026,
2026-09-08T03:46:02.351078+00:00,77.65664231222037,72.7414124050633,4.9152299071570695,-0.3065,0,836.7026,
2026-09-08T03:46:02.513361+00:00,77.65664231222037,72.7414124050633,4.9152299071570695,-0.3184,0,836.7026,
2026-09-08T03:46:02.661764+00:00,77.65663463231581,72.72257005404327,4.93406457827254,0.2772,0,836.7026,
2026-09-08T03:46:02.812828+00:00,77.65663463231581,72.72257005404327,4.93406457827254,0.2707,0,836.7026,
2026-09-08T03:46:02.981190+00:00,77.65663463231581,72.72257005404327,4.93406457827254,0.2642,0,836.7026,
2026-09-08T03:46:03.213608+00:00,77.65663463231581,72.72257005404327,4.93406457827254,0.2576,0,836.7026,
2026-09-08T03:46:03.394164+00:00,77.65663463231581,72.72257005404327,4.93406457827254,0.2509,0,836.7026,
2026-09-08T03:46:03.530346+00:00,77.65660119315639,72.72693869789603,4.929662495260359,0.0938,0,836.7026,
2026-09-08T03:46:03.690238+00:00,77.65660119315639,72.72693869789603,4.929662495260359,0.0856,0,836.7026,
2026-09-08T03:46:03.838281+00:00,77.65660119315639,72.72693869789603,4.929662495260359,0.0771,0,836.7026,
2026-09-08T03:46:04.011748+00:00,77.65660119315639,72.72693869789603,4.929662495260359,0.0683,0,836.7026,
2026-09-08T03:46:04.151124+00:00,77.65660119315639,72.72693869789603,4.929662495260359,0.0592,0,836.7026,
2026-09-08T03:46:04.349917+00:00,77.65660119315639,72.72693869789603,4.929662495260359,0.0498,0,836.7026,
2026-09-08T03:46:04.489903+00:00,77.65660119315639,72.72693869789603,4.929662495260359,0.0402,0,836.7026,
2026-09-08T03:46:04.654472+00:00,77.6554983893309,72.7222716965416,4.9332266927893045,0.1647,0,836.7026,
2026-09-08T03:46:04.804709+00:00,77.6554983893309,72.7222716965416,4.9332266927893045,0.1563,0,836.7026,
2026-09-08T03:46:04.943720+00:00,77.6554983893309,72.7222716965416,4.9332266927893045,0.1479,0,836.7026,
2026-09-08T03:46:05.097466+00:00,77.6554983893309,72.7222716965416,4.9332266927893045,0.1392,0,836.7026,
2026-09-08T03:46:05.263569+00:00,77.6554983893309,72.7222716965416,4.9332266927893045,0.1304,0,836.7026,
2026-09-08T03:46:05.406116+00:00,77.6554983893309,72.7222716965416,4.9332266927893045,0.1212,0,836.7026,
2026-09-08T03:46:05.566737+00:00,77.65348434102768,72.7099771622385,4.943507178789176,0.5415,0,836.7026,
2026-09-08T03:46:05.708173+00:00,77.65348434102768,72.7099771622385,4.943507178789176,0.5386,0,836.7026,
2026-09-08T03:46:05.856704+00:00,77.65348434102768,72.7099771622385,4.943507178789176,0.5353,0,836.7026,
2026-09-08T03:46:06.016049+00:00,77.65348434102768,72.7099771622385,4.943507178789176,0.5321,0,836.7026,
2026-09-08T03:46:06.177933+00:00,77.65348434102768,72.7099771622385,4.943507178789176,0.529,0,836.7026,
2026-09-08T03:46:06.314174+00:00,77.65348434102768,72.7099771622385,4.943507178789176,0.5262,0,836.7026,
2026-09-08T03:46:06.466943+00:00,77.65348434102768,72.7099771622385,4.943507178789176,0.5235,0,836.7026,
2026-09-08T03:46:06.625151+00:00,77.6542642413727,72.70414266596309,4.950121575409611,0.8378,0,836.7026,
2026-09-08T03:46:06.777130+00:00,77.6542642413727,72.70414266596309,4.950121575409611,0.8388,0,836.7026,
2026-09-08T03:46:06.929525+00:00,77.6542642413727,72.70414266596309,4.950121575409611,0.8403,0,836.7026,
2026-09-08T03:46:07.081317+00:00,77.6542642413727,72.70414266596309,4.950121575409611,0.8424,0,836.7026,
2026-09-08T03:46:07.228396+00:00,77.6542642413727,72.70414266596309,4.950121575409611,0.8452,0,836.7026,
2026-09-08T03:46:07.383859+00:00,77.6542642413727,72.70414266596309,4.950121575409611,0.8486,0,836.7026,
2026-09-08T03:46:07.543946+00:00,77.65613258392199,72.68797830805552,4.968154275866468,1.8229,0,836.7026,
2026-09-08T03:46:07.688894+00:00,77.65613258392199,72.68797830805552,4.968154275866468,1.8407,0,836.7026,
2026-09-08T03:46:07.861317+00:00,77.65613258392199,72.68797830805552,4.968154275866468,1.8459,0,836.7026,
2026-09-08T03:46:08.001913+00:00,77.65613258392199,72.68797830805552,4.968154275866468,1.852,0,836.7026,
2026-09-08T03:46:08.154585+00:00,77.65613258392199,72.68797830805552,4.968154275866468,1.8592,0,836.7026,
2026-09-08T03:46:08.329301+00:00,77.65613258392199,72.68797830805552,4.968154275866468,1.8676,0,836.7026,
2026-09-08T03:46:08.467711+00:00,77.65613258392199,72.68797830805552,4.968154275866468,1.8771,0,836.7026,
2026-09-08T03:46:08.623269+00:00,77.65558755673295,72.69689977241133,4.958687784321626,1.3259,0,836.7026,
2026-09-08T03:46:08.775768+00:00,77.65558755673295,72.69689977241133,4.958687784321626,1.3246,0,836.7026,
2026-09-08T03:46:08.927144+00:00,77.65558755673295,72.69689977241133,4.958687784321626,1.3236,0,836.7026,
2026-09-08T03:46:09.152098+00:00,77.65558755673295,72.69689977241133,4.958687784321626,1.3231,0,836.7026,
2026-09-08T03:46:09.409268+00:00,77.65558755673295,72.69689977241133,4.958687784321626,1.3229,0,836.7026,
2026-09-08T03:46:09.602721+00:00,77.65598504757864,72.68071143842683,4.975273609151813,2.3534,0,836.7026,
2026-09-08T03:46:09.748842+00:00,77.65598504757864,72.68071143842683,4.975273609151813,2.3468,0,836.7026,
2026-09-08T03:46:09.922376+00:00,77.65598504757864,72.68071143842683,4.975273609151813,2.3276,0,836.7026,
2026-09-08T03:46:10.101919+00:00,77.65598504757864,72.68071143842683,4.975273609151813,2.309,0,836.7026,
2026-09-08T03:46:10.259431+00:00,77.65598504757864,72.68071143842683,4.975273609151813,2.2909,0,836.7026,
2026-09-08T03:46:10.466104+00:00,77.65598504757864,72.68071143842683,4.975273609151813,2.2734,0,836.7026,
2026-09-08T03:46:10.625799+00:00,77.65270126584622,72.69086420577248,4.961837060073734,1.4245,0,836.7026,
2026-09-08T03:46:10.768073+00:00,77.65270126584622,72.69086420577248,4.961837060073734,1.4187,0,836.7026,
2026-09-08T03:46:10.925059+00:00,77.65270126584622,72.69086420577248,4.961837060073734,1.4132,0,836.7026,
2026-09-08T03:46:11.124667+00:00,77.65270126584622,72.69086420577248,4.961837060073734,1.4074,0,836.7026,
2026-09-08T03:46:11.265054+00:00,77.65270126584622,72.69086420577248,4.961837060073734,1.4018,0,836.7026,
2026-09-08T03:46:11.429160+00:00,77.65270126584622,72.69086420577248,4.961837060073734,1.3964,0,836.7026,
2026-09-08T03:46:11.576269+00:00,77.65388582443909,72.68832430303655,4.965561521402535,1.6294,0,836.7026,
2026-09-08T03:46:11.742802+00:00,77.65388582443909,72.68832430303655,4.965561521402535,1.6228,0,836.7026,
2026-09-08T03:46:11.893030+00:00,77.65388582443909,72.68832430303655,4.965561521402535,1.6164,0,836.7026,
2026-09-08T03:46:12.042052+00:00,77.65388582443909,72.68832430303655,4.965561521402535,1.6061,0,836.7026,
2026-09-08T03:46:12.194827+00:00,77.65388582443909,72.68832430303655,4.965561521402535,1.596,0,836.7026,
2026-09-08T03:46:12.331338+00:00,77.65388582443909,72.68832430303655,4.965561521402535,1.5861,0,836.7026,
2026-09-08T03:46:12.486548+00:00,77.65388582443909,72.68832430303655,4.965561521402535,1.5764,0,836.7026,
2026-09-08T03:46:12.633979+00:00,77.65249746786311,72.68454469588204,4.967952771981075,1.7212,0,836.7026,
2026-09-08T03:46:12.791261+00:00,77.65249746786311,72.68454469588204,4.967952771981075,1.71,0,836.7026,
2026-09-08T03:46:12.942560+00:00,77.65249746786311,72.68454469588204,4.967952771981075,1.699,0,836.7026,
2026-09-08T03:46:13.096176+00:00,77.65249746786311,72.68454469588204,4.967952771981075,1.6937,0,836.7026,
2026-09-08T03:46:13.247060+00:00,77.65249746786311,72.68454469588204,4.967952771981075,1.6887,0,836.7026,
2026-09-08T03:46:13.405733+00:00,77.65249746786311,72.68454469588204,4.967952771981075,1.684,0,836.7026,
2026-09-08T03:46:13.566170+00:00,77.65249746786311,72.68454469588204,4.967952771981075,1.6797,0,836.7026,
2026-09-08T03:46:13.706782+00:00,77.65592091455666,72.66204740387633,4.993873510680331,3.3616,0,836.7026,
2026-09-08T03:46:13.865227+00:00,77.65592091455666,72.66204740387633,4.993873510680331,3.3152,0,836.7026,
2026-09-08T03:46:14.024831+00:00,77.65592091455666,72.66204740387633,4.993873510680331,3.2709,0,836.7026,
2026-09-08T03:46:14.177739+00:00,77.65592091455666,72.66204740387633,4.993873510680331,3.2126,0,836.7026,
2026-09-08T03:46:14.335449+00:00,77.65592091455666,72.66204740387633,4.993873510680331,3.157,0,836.7026,
2026-09-08T03:46:14.477300+00:00,77.65592091455666,72.66204740387633,4.993873510680331,3.104,0,836.7026,
2026-09-08T03:46:14.632686+00:00,77.65946191610198,72.67339944136813,4.986062474733842,2.5819,0,836.7026,
2026-09-08T03:46:14.783726+00:00,77.65946191610198,72.67339944136813,4.986062474733842,2.5512,0,836.7026,
2026-09-08T03:46:14.933166+00:00,77.65946191610198,72.67339944136813,4.986062474733842,2.5216,0,836.7026,
2026-09-08T03:46:15.090488+00:00,77.65946191610198,72.67339944136813,4.986062474733842,2.4977,0,836.7026,
2026-09-08T03:46:15.231525+00:00,77.65946191610198,72.67339944136813,4.986062474733842,2.4745,0,836.7026,
2026-09-08T03:46:15.381592+00:00,77.65946191610198,72.67339944136813,4.986062474733842,2.4521,0,836.7026,
2026-09-08T03:46:15.541780+00:00,77.65946191610198,72.67339944136813,4.986062474733842,2.4304,0,836.7026,
2026-09-08T03:46:15.686075+00:00,77.65779177826758,72.68280292394815,4.9749888543194345,1.7479,0,836.7026,
2026-09-08T03:46:15.844234+00:00,77.65779177826758,72.68280292394815,4.9749888543194345,1.7392,0,836.7026,
2026-09-08T03:46:15.986900+00:00,77.65779177826758,72.68280292394815,4.9749888543194345,1.7246,0,836.7026,
2026-09-08T03:46:16.150890+00:00,77.65779177826758,72.68280292394815,4.9749888543194345,1.7103,0,836.7026,
2026-09-08T03:46:16.324636+00:00,77.65779177826758,72.68280292394815,4.9749888543194345,1.6963,0,836.7026,
2026-09-08T03:46:16.478982+00:00,77.65779177826758,72.68280292394815,4.9749888543194345,1.6825,0,836.7026,
2026-09-08T03:46:16.622165+00:00,77.65902432568974,72.7112516386995,4.947772686990248,0.0338,0,836.7026,
2026-09-08T03:46:16.770768+00:00,77.65902432568974,72.7112516386995,4.947772686990248,0.0299,0,836.7026,
2026-09-08T03:46:16.921014+00:00,77.65902432568974,72.7112516386995,4.947772686990248,0.026,0,836.7026,
2026-09-08T03:46:17.121360+00:00,77.65902432568974,72.7112516386995,4.947772686990248,0.0216,0,836.7026,
2026-09-08T03:46:17.277149+00:00,77.65902432568974,72.7112516386995,4.947772686990248,0.0171,0,836.7026,
2026-09-08T03:46:17.427011+00:00,77.65902432568974,72.7112516386995,4.947772686990248,0.0127,0,836.7026,
2026-09-08T03:46:17.594123+00:00,77.65904485376427,72.7179925665687,4.941052287195575,-0.404,0,836.7026,
2026-09-08T03:46:17.742013+00:00,77.65904485376427,72.7179925665687,4.941052287195575,-0.4083,0,836.7026,
2026-09-08T03:46:17.929589+00:00,77.65904485376427,72.7179925665687,4.941052287195575,-0.411,0,836.7026,
2026-09-08T03:46:18.068269+00:00,77.65904485376427,72.7179925665687,4.941052287195575,-0.4137,0,836.7026,
2026-09-08T03:46:18.220952+00:00,77.65904485376427,72.7179925665687,4.941052287195575,-0.4165,0,836.7026,
2026-09-08T03:46:18.376602+00:00,77.65904485376427,72.7179925665687,4.941052287195575,-0.4192,0,836.7026,
2026-09-08T03:46:18.524981+00:00,77.65904485376427,72.7179925665687,4.941052287195575,-0.422,0,836.7026,
2026-09-08T03:46:18.714464+00:00,77.65940329319376,72.72441589626426,4.9349873969295,-0.7987,0,836.7026,
2026-09-08T03:46:18.853408+00:00,77.65940329319376,72.72441589626426,4.9349873969295,-0.7982,0,836.7026,
2026-09-08T03:46:19.004257+00:00,77.65940329319376,72.72441589626426,4.9349873969295,-0.7978,0,836.7026,
2026-09-08T03:46:19.161639+00:00,77.65940329319376,72.72441589626426,4.9349873969295,-0.7973,0,836.7026,
2026-09-08T03:46:19.311670+00:00,77.65940329319376,72.72441589626426,4.9349873969295,-0.7968,0,836.7026,
2026-09-08T03:46:19.495793+00:00,77.65940329319376,72.72441589626426,4.9349873969295,-0.7963,0,836.7026,
2026-09-08T03:46:19.645019+00:00,77.6589456312035,72.72007575527553,4.9388698759279634,-0.5559,0,836.7026,
2026-09-08T03:46:19.794699+00:00,77.6589456312035,72.72007575527553,4.9388698759279634,-0.5569,0,836.7026,
2026-09-08T03:46:19.945976+00:00,77.6589456312035,72.72007575527553,4.9388698759279634,-0.5578,0,836.7026,
2026-09-08T03:46:20.098340+00:00,77.6589456312035,72.72007575527553,4.9388698759279634,-0.5588,0,836.7026,
2026-09-08T03:46:20.244207+00:00,77.6589456312035,72.72007575527553,4.9388698759279634,-0.5597,0,836.7026,
2026-09-08T03:46:20.388755+00:00,77.6589456312035,72.72007575527553,4.9388698759279634,-0.5607,0,836.7026,
2026-09-08T03:46:20.561165+00:00,77.6589456312035,72.72007575527553,4.9388698759279634,-0.5617,0,836.7026,
2026-09-08T03:46:20.702073+00:00,77.65879674365934,72.72853140131384,4.930265342345493,-1.0956,0,836.7026,
2026-09-08T03:46:20.854658+00:00,77.65879674365934,72.72853140131384,4.930265342345493,-1.0905,0,836.7026,
2026-09-08T03:46:21.011178+00:00,77.65879674365934,72.72853140131384,4.930265342345493,-1.0855,0,836.7026,
2026-09-08T03:46:21.153902+00:00,77.65879674365934,72.72853140131384,4.930265342345493,-1.0805,0,836.7026,
2026-09-08T03:46:21.311395+00:00,77.65879674365934,72.72853140131384,4.930265342345493,-1.0755,0,836.7026,
2026-09-08T03:46:21.469704+00:00,77.65879674365934,72.72853140131384,4.930265342345493,-1.0706,0,836.7026,
2026-09-08T03:46:21.609046+00:00,77.65985341736663,72.72895830155518,4.9308951158114525,-1.0272,0,836.7026,
2026-09-08T03:46:21.761120+00:00,77.65985341736663,72.72895830155518,4.9308951158114525,-1.0208,0,836.7026,
2026-09-08T03:46:21.917838+00:00,77.65985341736663,72.72895830155518,4.9308951158114525,-1.0144,0,836.7026,
2026-09-08T03:46:22.078702+00:00,77.65985341736663,72.72895830155518,4.9308951158114525,-1.0081,0,836.7026,
2026-09-08T03:46:22.225553+00:00,77.65985341736663,72.72895830155518,4.9308951158114525,-1.0018,0,836.7026,
2026-09-08T03:46:22.366282+00:00,77.65985341736663,72.72895830155518,4.9308951158114525,-0.9955,0,836.7026,
2026-09-08T03:46:22.523832+00:00,77.65985341736663,72.72895830155518,4.9308951158114525,-0.9893,0,836.7026,
2026-09-08T03:46:22.684370+00:00,77.6561069994107,72.7303576307741,4.925749368636602,-1.2945,0,836.7026,
2026-09-08T03:46:22.825627+00:00,77.6561069994107,72.7303576307741,4.925749368636602,-1.2856,0,836.7026,
2026-09-08T03:46:22.981576+00:00,77.6561069994107,72.7303576307741,4.925749368636602,-1.2768,0,836.7026,
2026-09-08T03:46:23.126240+00:00,77.6561069994107,72.7303576307741,4.925749368636602,-1.2681,0,836.7026,
2026-09-08T03:46:23.285730+00:00,77.6561069994107,72.7303576307741,4.925749368636602,-1.2594,0,836.7026,
2026-09-08T03:46:23.429318+00:00,77.6561069994107,72.7303576307741,4.925749368636602,-1.2509,0,836.7026,
2026-09-08T03:46:23.592460+00:00,77.65541649287128,72.7137242356619,4.941692257209382,-0.2886,0,836.7026,
2026-09-08T03:46:23.731771+00:00,77.65541649287128,72.7137242356619,4.941692257209382,-0.2876,0,836.7026,
2026-09-08T03:46:23.884369+00:00,77.65541649287128,72.7137242356619,4.941692257209382,-0.2866,0,836.7026,
2026-09-08T03:46:24.064912+00:00,77.65541649287128,72.7137242356619,4.941692257209382,-0.2856,0,836.7026,
2026-09-08T03:46:24.236127+00:00,77.65541649287128,72.7137242356619,4.941692257209382,-0.2846,0,836.7026,
2026-09-08T03:46:24.384717+00:00,77.65541649287128,72.7137242356619,4.941692257209382,-0.2836,0,836.7026,
2026-09-08T03:46:24.527907+00:00,77.65541649287128,72.7137242356619,4.941692257209382,-0.2825,0,836.7026,
2026-09-08T03:46:24.690585+00:00,77.65107170594563,72.70002659767798,4.95104510826765,0.28,0,836.7026,
2026-09-08T03:46:24.835541+00:00,77.65107170594563,72.70002659767798,4.95104510826765,0.2798,0,836.7026,
2026-09-08T03:46:24.988384+00:00,77.65107170594563,72.70002659767798,4.95104510826765,0.2796,0,836.7026,
2026-09-08T03:46:25.297151+00:00,77.65107170594563,72.70002659767798,4.95104510826765,0.2794,0,836.7026,
2026-09-08T03:46:25.440861+00:00,77.65107170594563,72.70002659767798,4.95104510826765,0.2792,0,836.7026,
2026-09-08T03:46:25.588977+00:00,77.65107170594563,72.70002659767798,4.95104510826765,0.2791,0,836.7026,
2026-09-08T03:46:25.739509+00:00,77.65411474370367,72.69212654066098,4.961988203042694,0.9346,0,836.7026,
2026-09-08T03:46:25.886978+00:00,77.65411474370367,72.69212654066098,4.961988203042694,0.932,0,836.7026,
2026-09-08T03:46:26.043967+00:00,77.65411474370367,72.69212654066098,4.961988203042694,0.9293,0,836.7026,
2026-09-08T03:46:26.198115+00:00,77.65411474370367,72.69212654066098,4.961988203042694,0.9267,0,836.7026,
2026-09-08T03:46:26.363297+00:00,77.65411474370367,72.69212654066098,4.961988203042694,0.924,0,836.7026,
2026-09-08T03:46:26.501471+00:00,77.65411474370367,72.69212654066098,4.961988203042694,0.9214,0,836.7026,
2026-09-08T03:46:26.653620+00:00,77.65577156120372,72.7037264569638,4.9520451042399145,0.3277,0,836.7026,
2026-09-08T03:46:26.817151+00:00,77.65577156120372,72.7037264569638,4.9520451042399145,0.3281,0,836.7026,
2026-09-08T03:46:26.956310+00:00,77.65577156120372,72.7037264569638,4.9520451042399145,0.3285,0,836.7026,
2026-09-08T03:46:27.122651+00:00,77.65577156120372,72.7037264569638,4.9520451042399145,0.3289,0,836.7026,
2026-09-08T03:46:27.266444+00:00,77.65577156120372,72.7037264569638,4.9520451042399145,0.3293,0,836.7026,
2026-09-08T03:46:27.411950+00:00,77.65577156120372,72.7037264569638,4.9520451042399145,0.3297,0,836.7026,
2026-09-08T03:46:27.566975+00:00,77.65577156120372,72.7037264569638,4.9520451042399145,0.3301,0,836.7026,
2026-09-08T03:46:27.713943+00:00,77.65504460788397,72.71929095858462,4.935753649299343,-0.6401,0,836.7026,
2026-09-08T03:46:27.873220+00:00,77.65504460788397,72.71929095858462,4.935753649299343,-0.6359,0,836.7026,
2026-09-08T03:46:28.025331+00:00,77.65504460788397,72.71929095858462,4.935753649299343,-0.6317,0,836.7026,
2026-09-08T03:46:28.172090+00:00,77.65504460788397,72.71929095858462,4.935753649299343,-0.6275,0,836.7026,
2026-09-08T03:46:28.326794+00:00,77.65504460788397,72.71929095858462,4.935753649299343,-0.6233,0,836.7026,
2026-09-08T03:46:28.476704+00:00,77.65504460788397,72.71929095858462,4.935753649299343,-0.6192,0,836.7026,
2026-09-08T03:46:28.627752+00:00,77.65876218993915,72.71682530201595,4.941936887923205,-0.2468,0,836.7026,
2026-09-08T03:46:28.776155+00:00,77.65876218993915,72.71682530201595,4.941936887923205,-0.2442,0,836.7026,
2026-09-08T03:46:28.928921+00:00,77.65876218993915,72.71682530201595,4.941936887923205,-0.2415,0,836.7026,
2026-09-08T03:46:29.079606+00:00,77.65876218993915,72.71682530201595,4.941936887923205,-0.2389,0,836.7026,
2026-09-08T03:46:29.225567+00:00,77.65876218993915,72.71682530201595,4.941936887923205,-0.2363,0,836.7026,
2026-09-08T03:46:29.384707+00:00,77.65876218993915,72.71682530201595,4.941936887923205,-0.2337,0,836.7026,
2026-09-08T03:46:29.529581+00:00,77.65876218993915,72.71682530201595,4.941936887923205,-0.2311,0,836.7026,
2026-09-08T03:46:29.681763+00:00,77.65760394040983,72.6976558450733,4.959948095336529,0.8503,0,836.7026,
2026-09-08T03:46:29.840480+00:00,77.65760394040983,72.6976558450733,4.959948095336529,0.851,0,836.7026,
2026-09-08T03:46:29.982872+00:00,77.65760394040983,72.6976558450733,4.959948095336529,0.8518,0,836.7026,
2026-09-08T03:46:30.141337+00:00,77.65760394040983,72.6976558450733,4.959948095336529,0.8525,0,836.7026,
2026-09-08T03:46:30.292138+00:00,77.65760394040983,72.6976558450733,4.959948095336529,0.8533,0,836.7026,
2026-09-08T03:46:30.445971+00:00,77.65760394040983,72.6976558450733,4.959948095336529,0.854,0,836.7026,
2026-09-08T03:46:30.600569+00:00,77.6566904131117,72.70612075769257,4.95056965541913,0.2928,0,836.7026,
2026-09-08T03:46:30.752351+00:00,77.6566904131117,72.70612075769257,4.95056965541913,0.2922,0,836.7026,
2026-09-08T03:46:30.911330+00:00,77.6566904131117,72.70612075769257,4.95056965541913,0.2916,0,836.7026,
2026-09-08T03:46:31.054689+00:00,77.6566904131117,72.70612075769257,4.95056965541913,0.291,0,836.7026,
2026-09-08T03:46:31.208052+00:00,77.6566904131117,72.70612075769257,4.95056965541913,0.2904,0,836.7026,
2026-09-08T03:46:31.360331+00:00,77.6566904131117,72.70612075769257,4.95056965541913,0.2898,0,836.7026,
2026-09-08T03:46:31.510846+00:00,77.6566904131117,72.70612075769257,4.95056965541913,0.2892,0,836.7026,
2026-09-08T03:46:31.663947+00:00,77.65487828660294,72.71701212906305,4.937866157539887,-0.4718,0,836.7026,
2026-09-08T03:46:31.817500+00:00,77.65487828660294,72.71701212906305,4.937866157539887,-0.4683,0,836.7026,
2026-09-08T03:46:31.962279+00:00,77.65487828660294,72.71701212906305,4.937866157539887,-0.4647,0,836.7026,
2026-09-08T03:46:32.112839+00:00,77.65487828660294,72.71701212906305,4.937866157539887,-0.4613,0,836.7026,
2026-09-08T03:46:32.276382+00:00,77.65487828660294,72.71701212906305,4.937866157539887,-0.4578,0,836.7026,
2026-09-08T03:46:32.558370+00:00,77.65487828660294,72.71701212906305,4.937866157539887,-0.4543,0,836.7026,
2026-09-08T03:46:32.795325+00:00,77.65341229375636,72.72992515360636,4.9234871401500016,-1.3119,0,836.7026,
2026-09-08T03:46:32.947522+00:00,77.65341229375636,72.72992515360636,4.9234871401500016,-1.3028,0,836.7026,
2026-09-08T03:46:33.101778+00:00,77.65341229375636,72.72992515360636,4.9234871401500016,-1.2938,0,836.7026,
2026-09-08T03:46:33.246627+00:00,77.65341229375636,72.72992515360636,4.9234871401500016,-1.2849,0,836.7026,
2026-09-08T03:46:33.402299+00:00,77.65341229375636,72.72992515360636,4.9234871401500016,-1.276,0,836.7026,
2026-09-08T03:46:33.544823+00:00,77.65341229375636,72.72992515360636,4.9234871401500016,-1.2673,0,836.7026,
2026-09-08T03:46:33.704986+00:00,77.65492429854129,72.74374150160082,4.911182796940466,-1.978,0,836.7026,
2026-09-08T03:46:33.861174+00:00,77.65492429854129,72.74374150160082,4.911182796940466,-1.9582,0,836.7026,
2026-09-08T03:46:34.017072+00:00,77.65492429854129,72.74374150160082,4.911182796940466,-1.9389,0,836.7026,
2026-09-08T03:46:34.156061+00:00,77.65492429854129,72.74374150160082,4.911182796940466,-1.92,0,836.7026,
2026-09-08T03:46:34.316282+00:00,77.65492429854129,72.74374150160082,4.911182796940466,-1.9015,0,836.7026,
2026-09-08T03:46:34.492293+00:00,77.65492429854129,72.74374150160082,4.911182796940466,-1.8833,0,836.7026,
2026-09-08T03:46:34.644450+00:00,77.65473437886429,72.73927461660152,4.9154597622627705,-1.6287,0,836.7026,
2026-09-08T03:46:34.796343+00:00,77.65473437886429,72.73927461660152,4.9154597622627705,-1.619,0,836.7026,
2026-09-08T03:46:34.951573+00:00,77.65473437886429,72.73927461660152,4.9154597622627705,-1.6095,0,836.7026,
2026-09-08T03:46:35.091811+00:00,77.65473437886429,72.73927461660152,4.9154597622627705,-1.6,0,836.7026,
2026-09-08T03:46:35.246852+00:00,77.65473437886429,72.73927461660152,4.9154597622627705,-1.5906,0,836.7026,
2026-09-08T03:46:35.391554+00:00,77.65473437886429,72.73927461660152,4.9154597622627705,-1.5814,0,836.7026,
2026-09-08T03:46:35.543070+00:00,77.65473437886429,72.73927461660152,4.9154597622627705,-1.5723,0,836.7026,
2026-09-08T03:46:35.697537+00:00,77.65452963489726,72.75297851532319,4.901551119574066,-2.3189,0,836.7026,
2026-09-08T03:46:35.850176+00:00,77.65452963489726,72.75297851532319,4.901551119574066,-2.291,0,836.7026,
2026-09-08T03:46:36.008615+00:00,77.65452963489726,72.75297851532319,4.901551119574066,-2.264,0,836.7026,
2026-09-08T03:46:36.332090+00:00,77.65452963489726,72.75297851532319,4.901551119574066,-2.2376,0,836.7026,
2026-09-08T03:46:36.482388+00:00,77.65452963489726,72.75297851532319,4.901551119574066,-2.212,0,836.7026,
2026-09-08T03:46:36.625402+00:00,77.6560549568947,72.75880623506364,4.897248721831062,-2.4099,0,836.7026,
2026-09-08T03:46:36.782065+00:00,77.6560549568947,72.75880623506364,4.897248721831062,-2.3791,0,836.7026,
2026-09-08T03:46:36.935842+00:00,77.6560549568947,72.75880623506364,4.897248721831062,-2.349,0,836.7026,
2026-09-08T03:46:37.077446+00:00,77.6560549568947,72.75880623506364,4.897248721831062,-2.3198,0,836.7026,
2026-09-08T03:46:37.231733+00:00,77.6560549568947,72.75880623506364,4.897248721831062,-2.2915,0,836.7026,
2026-09-08T03:46:37.380631+00:00,77.6560549568947,72.75880623506364,4.897248721831062,-2.2639,0,836.7026,
2026-09-08T03:46:37.531996+00:00,77.6560549568947,72.75880623506364,4.897248721831062,-2.2372,0,836.7026,
2026-09-08T03:46:37.676613+00:00,77.65471104694565,72.75265064642699,4.902060400518664,-1.9762,0,836.7026,
2026-09-08T03:46:37.832686+00:00,77.65471104694565,72.75265064642699,4.902060400518664,-1.9572,0,836.7026,
2026-09-08T03:46:37.999496+00:00,77.65471104694565,72.75265064642699,4.902060400518664,-1.9386,0,836.7026,
2026-09-08T03:46:38.137799+00:00,77.65471104694565,72.75265064642699,4.902060400518664,-1.9204,0,836.7026,
2026-09-08T03:46:38.292202+00:00,77.65471104694565,72.75265064642699,4.902060400518664,-1.9025,0,836.7026,
2026-09-08T03:46:38.440530+00:00,77.65471104694565,72.75265064642699,4.902060400518664,-1.885,0,836.7026,
2026-09-08T03:46:38.590396+00:00,77.65471104694565,72.75265064642699,4.902060400518664,-1.8679,0,836.7026,
2026-09-08T03:46:38.743731+00:00,77.65348400553967,72.753738835474,4.899745170065671,-1.9597,0,836.7026,
2026-09-08T03:46:38.894783+00:00,77.65348400553967,72.753738835474,4.899745170065671,-1.9402,0,836.7026,
2026-09-08T03:46:39.047993+00:00,77.65348400553967,72.753738835474,4.899745170065671,-1.921,0,836.7026,
2026-09-08T03:46:39.200395+00:00,77.65348400553967,72.753738835474,4.899745170065671,-1.9023,0,836.7026,
2026-09-08T03:46:39.383749+00:00,77.65348400553967,72.753738835474,4.899745170065671,-1.8839,0,836.7026,
2026-09-08T03:46:39.748439+00:00,77.65348400553967,72.753738835474,4.899745170065671,-1.8659,0,836.7026,
2026-09-08T03:46:39.902630+00:00,77.65421883407954,72.76536288014594,4.8888559539336,-2.3394,0,836.7026,
2026-09-08T03:46:40.048779+00:00,77.65421883407954,72.76536288014594,4.8888559539336,-2.3112,0,836.7026,
2026-09-08T03:46:40.253679+00:00,77.65421883407954,72.76536288014594,4.8888559539336,-2.2837,0,836.7026,
2026-09-08T03:46:40.393871+00:00,77.65421883407954,72.76536288014594,4.8888559539336,-2.257,0,836.7026,
2026-09-08T03:46:40.547847+00:00,77.65421883407954,72.76536288014594,4.8888559539336,-2.231,0,836.7026,
2026-09-08T03:46:40.702345+00:00,77.65635633328793,72.78418836854765,4.872167964740285,-2.9179,0,836.7026,
2026-09-08T03:46:40.860381+00:00,77.65635633328793,72.78418836854765,4.872167964740285,-2.8682,0,836.7026,
2026-09-08T03:46:41.034486+00:00,77.65635633328793,72.78418836854765,4.872167964740285,-2.8206,0,836.7026,
2026-09-08T03:46:41.188052+00:00,77.65635633328793,72.78418836854765,4.872167964740285,-2.7755,0,836.7026,
2026-09-08T03:46:41.329613+00:00,77.65635633328793,72.78418836854765,4.872167964740285,-2.7322,0,836.7026,
2026-09-08T03:46:41.480243+00:00,77.65635633328793,72.78418836854765,4.872167964740285,-2.6905,0,836.7026,
2026-09-08T03:46:41.636416+00:00,77.65635633328793,72.78418836854765,4.872167964740285,-2.6504,0,836.7026,
2026-09-08T03:46:41.783704+00:00,77.65738112576956,72.78612704468088,4.871254081088679,-2.6474,0,836.7026,
2026-09-08T03:46:41.937656+00:00,77.65738112576956,72.78612704468088,4.871254081088679,-2.6088,0,836.7026,
2026-09-08T03:46:42.086754+00:00,77.65738112576956,72.78612704468088,4.871254081088679,-2.5717,0,836.7026,
2026-09-08T03:46:42.246615+00:00,77.65738112576956,72.78612704468088,4.871254081088679,-2.5357,0,836.7026,
2026-09-08T03:46:42.387368+00:00,77.65738112576956,72.78612704468088,4.871254081088679,-2.5009,0,836.7026,
2026-09-08T03:46:42.545104+00:00,77.65738112576956,72.78612704468088,4.871254081088679,-2.4672,0,836.7026,
2026-09-08T03:46:42.701928+00:00,77.65740718135906,72.80431495721213,4.853092224146934,-3.0931,0,836.7026,
2026-09-08T03:46:42.848863+00:00,77.65740718135906,72.80431495721213,4.853092224146934,-3.035,0,836.7026,
2026-09-08T03:46:43.008558+00:00,77.65740718135906,72.80431495721213,4.853092224146934,-2.9795,0,836.7026,
2026-09-08T03:46:43.150134+00:00,77.65740718135906,72.80431495721213,4.853092224146934,-2.9265,0,836.7026,
2026-09-08T03:46:43.330952+00:00,77.65740718135906,72.80431495721213,4.853092224146934,-2.8759,0,836.7026,
2026-09-08T03:46:43.476042+00:00,77.65740718135906,72.80431495721213,4.853092224146934,-2.8275,0,836.7026,
2026-09-08T03:46:43.628036+00:00,77.65740718135906,72.80431495721213,4.853092224146934,-2.7812,0,836.7026,
2026-09-08T03:46:43.774953+00:00,77.65981248113725,72.80951986568009,4.850292615457164,-2.8283,0,836.7026,
2026-09-08T03:46:43.930110+00:00,77.65981248113725,72.80951986568009,4.850292615457164,-2.7818,0,836.7026,
2026-09-08T03:46:44.071549+00:00,77.65981248113725,72.80951986568009,4.850292615457164,-2.7373,0,836.7026,
2026-09-08T03:46:44.223447+00:00,77.65981248113725,72.80951986568009,4.850292615457164,-2.6945,0,836.7026,
2026-09-08T03:46:44.381827+00:00,77.65981248113725,72.80951986568009,4.850292615457164,-2.6534,0,836.7026,
2026-09-08T03:46:44.528607+00:00,77.65981248113725,72.80951986568009,4.850292615457164,-2.6138,0,836.7026,
2026-09-08T03:46:44.708619+00:00,77.658722944897,72.82027963405699,4.838443310840006,-2.9356,0,836.7026,
2026-09-08T03:46:44.931022+00:00,77.658722944897,72.82027963405699,4.838443310840006,-2.8845,0,836.7026,
2026-09-08T03:46:45.091591+00:00,77.658722944897,72.82027963405699,4.838443310840006,-2.8363,0,836.7026,
2026-09-08T03:46:45.229986+00:00,77.658722944897,72.82027963405699,4.838443310840006,-2.7902,0,836.7026,
2026-09-08T03:46:45.383032+00:00,77.658722944897,72.82027963405699,4.838443310840006,-2.7459,0,836.7026,
2026-09-08T03:46:45.548260+00:00,77.658722944897,72.82027963405699,4.838443310840006,-2.7034,0,836.7026,
2026-09-08T03:46:45.704774+00:00,77.66148594988897,72.82276055130178,4.8387253985871865,-2.6545,0,836.7026,
2026-09-08T03:46:45.845363+00:00,77.66148594988897,72.82276055130178,4.8387253985871865,-2.6155,0,836.7026,
2026-09-08T03:46:46.022822+00:00,77.66148594988897,72.82276055130178,4.8387253985871865,-2.5778,0,836.7026,
2026-09-08T03:46:46.159662+00:00,77.66148594988897,72.82276055130178,4.8387253985871865,-2.5414,0,836.7026,
2026-09-08T03:46:46.314939+00:00,77.66148594988897,72.82276055130178,4.8387253985871865,-2.5063,0,836.7026,
2026-09-08T03:46:46.496456+00:00,77.66148594988897,72.82276055130178,4.8387253985871865,-2.4724,0,836.7026,
2026-09-08T03:46:46.641586+00:00,77.66148594988897,72.82276055130178,4.8387253985871865,-2.4396,0,836.7026,
2026-09-08T03:46:46.801008+00:00,77.660838556194,72.82233717088221,4.838501385311787,-2.4136,0,836.7026,
2026-09-08T03:46:46.943904+00:00,77.660838556194,72.82233717088221,4.838501385311787,-2.3827,0,836.7026,
2026-09-08T03:46:47.094156+00:00,77.660838556194,72.82233717088221,4.838501385311787,-2.3528,0,836.7026,
2026-09-08T03:46:47.286237+00:00,77.660838556194,72.82233717088221,4.838501385311787,-2.3237,0,836.7026,
2026-09-08T03:46:47.433774+00:00,77.660838556194,72.82233717088221,4.838501385311787,-2.2954,0,836.7026,
2026-09-08T03:46:47.589475+00:00,77.660838556194,72.82233717088221,4.838501385311787,-2.268,0,836.7026,
2026-09-08T03:46:48.346371+00:00,77.6583682384183,72.81630167268247,4.842066565735834,-2.1525,0,836.7026,
2026-09-08T03:46:48.530119+00:00,77.6583682384183,72.81630167268247,4.842066565735834,-2.1289,0,836.7026,
2026-09-08T03:46:48.710076+00:00,77.65860566401518,72.80350931577286,4.855096348242327,-1.7851,0,836.7026,
2026-09-08T03:46:48.851943+00:00,77.65860566401518,72.80350931577286,4.855096348242327,-1.7701,0,836.7026,
2026-09-08T03:46:49.017339+00:00,77.65860566401518,72.80350931577286,4.855096348242327,-1.7554,0,836.7026,
2026-09-08T03:46:49.164212+00:00,77.65860566401518,72.80350931577286,4.855096348242327,-1.741,0,836.7026,
2026-09-08T03:46:49.308363+00:00,77.65860566401518,72.80350931577286,4.855096348242327,-1.7268,0,836.7026,
2026-09-08T03:46:49.465443+00:00,77.65860566401518,72.80350931577286,4.855096348242327,-1.7128,0,836.7026,
2026-09-08T03:46:49.652267+00:00,77.65860566401518,72.80350931577286,4.855096348242327,-1.6998,0,836.7026,
2026-09-08T03:46:49.810215+00:00,77.65974526707454,72.79614642096702,4.8635988461075215,-1.4833,0,836.7026,
2026-09-08T03:46:49.950710+00:00,77.65974526707454,72.79614642096702,4.8635988461075215,-1.4739,0,836.7026,
2026-09-08T03:46:50.103536+00:00,77.65974526707454,72.79614642096702,4.8635988461075215,-1.4646,0,836.7026,
2026-09-08T03:46:50.255307+00:00,77.65974526707454,72.79614642096702,4.8635988461075215,-1.4554,0,836.7026,
2026-09-08T03:46:50.461718+00:00,77.65974526707454,72.79614642096702,4.8635988461075215,-1.4463,0,836.7026,
2026-09-08T03:46:50.600942+00:00,77.65974526707454,72.79614642096702,4.8635988461075215,-1.4373,0,836.7026,
2026-09-08T03:46:50.749883+00:00,77.66022004257896,72.77853870646582,4.881681336113132,-1.0005,0,836.7026,
2026-09-08T03:46:50.904051+00:00,77.66022004257896,72.77853870646582,4.881681336113132,-0.9948,0,836.7026,
2026-09-08T03:46:51.055614+00:00,77.66022004257896,72.77853870646582,4.881681336113132,-0.9891,0,836.7026,
2026-09-08T03:46:51.231632+00:00,77.66022004257896,72.77853870646582,4.881681336113132,-0.9835,0,836.7026,
2026-09-08T03:46:51.375781+00:00,77.66022004257896,72.77853870646582,4.881681336113132,-0.9779,0,836.7026,
2026-09-08T03:46:51.518801+00:00,77.66022004257896,72.77853870646582,4.881681336113132,-0.9726,0,836.7026,
2026-09-08T03:46:51.678594+00:00,77.66005866368252,72.78475635443007,4.875302309252447,-1.1167,0,836.7026,
2026-09-08T03:46:51.825481+00:00,77.66005866368252,72.78475635443007,4.875302309252447,-1.1102,0,836.7026,
2026-09-08T03:46:51.981643+00:00,77.66005866368252,72.78475635443007,4.875302309252447,-1.1037,0,836.7026,
2026-09-08T03:46:52.144277+00:00,77.66005866368252,72.78475635443007,4.875302309252447,-1.0973,0,836.7026,
2026-09-08T03:46:52.288993+00:00,77.66005866368252,72.78475635443007,4.875302309252447,-1.091,0,836.7026,
2026-09-08T03:46:52.445259+00:00,77.66005866368252,72.78475635443007,4.875302309252447,-1.0846,0,836.7026,
2026-09-08T03:46:52.613177+00:00,77.66005866368252,72.78475635443007,4.875302309252447,-1.0782,0,836.7026,
2026-09-08T03:46:52.803258+00:00,77.66074099180537,72.79060147584767,4.870139515957703,-1.1908,0,836.7026,
2026-09-08T03:46:52.946690+00:00,77.66074099180537,72.79060147584767,4.870139515957703,-1.1833,0,836.7026,
2026-09-08T03:46:53.098804+00:00,77.66074099180537,72.79060147584767,4.870139515957703,-1.1759,0,836.7026,
2026-09-08T03:46:53.244005+00:00,77.66074099180537,72.79060147584767,4.870139515957703,-1.1685,0,836.7026,
2026-09-08T03:46:53.395604+00:00,77.66074099180537,72.79060147584767,4.870139515957703,-1.1612,0,836.7026,
2026-09-08T03:46:53.548114+00:00,77.66074099180537,72.79060147584767,4.870139515957703,-1.1535,0,836.7026,
2026-09-08T03:46:53.709274+00:00,77.66024243862692,72.78869841161871,4.871544027008213,-1.1139,0,836.7026,
2026-09-08T03:46:53.847750+00:00,77.66024243862692,72.78869841161871,4.871544027008213,-1.1066,0,836.7026,
2026-09-08T03:46:54.010152+00:00,77.66024243862692,72.78869841161871,4.871544027008213,-1.0995,0,836.7026,
2026-09-08T03:46:54.156961+00:00,77.66024243862692,72.78869841161871,4.871544027008213,-1.0923,0,836.7026,
2026-09-08T03:46:54.303594+00:00,77.66024243862692,72.78869841161871,4.871544027008213,-1.0853,0,836.7026,
2026-09-08T03:46:54.452086+00:00,77.66024243862692,72.78869841161871,4.871544027008213,-1.0782,0,836.7026,
2026-09-08T03:46:54.617419+00:00,77.66024243862692,72.78869841161871,4.871544027008213,-1.0711,0,836.7026,
2026-09-08T03:46:54.757426+00:00,77.66144789805817,72.79424796578911,4.86719993226906,-1.1621,0,836.7026,
2026-09-08T03:46:54.912236+00:00,77.66144789805817,72.79424796578911,4.86719993226906,-1.1543,0,836.7026,
2026-09-08T03:46:55.062854+00:00,77.66144789805817,72.79424796578911,4.86719993226906,-1.1465,0,836.7026,
2026-09-08T03:46:55.215786+00:00,77.66144789805817,72.79424796578911,4.86719993226906,-1.1388,0,836.7026,
2026-09-08T03:46:55.367990+00:00,77.66144789805817,72.79424796578911,4.86719993226906,-1.1311,0,836.7026,
2026-09-08T03:46:55.527053+00:00,77.66144789805817,72.79424796578911,4.86719993226906,-1.1236,0,836.7026,
2026-09-08T03:46:55.670449+00:00,77.6627808632235,72.78245831561453,4.880322547608969,-0.8211,0,836.7026,
2026-09-08T03:46:55.843067+00:00,77.6627808632235,72.78245831561453,4.880322547608969,-0.8154,0,836.7026,
2026-09-08T03:46:55.984652+00:00,77.6627808632235,72.78245831561453,4.880322547608969,-0.8097,0,836.7026,
2026-09-08T03:46:56.145070+00:00,77.6627808632235,72.78245831561453,4.880322547608969,-0.8041,0,836.7026,
2026-09-08T03:46:56.285916+00:00,77.6627808632235,72.78245831561453,4.880322547608969,-0.7985,0,836.7026,
2026-09-08T03:46:56.441916+00:00,77.6627808632235,72.78245831561453,4.880322547608969,-0.7929,0,836.7026,
2026-09-08T03:46:56.589095+00:00,77.6627808632235,72.78245831561453,4.880322547608969,-0.7875,0,836.7026,
2026-09-08T03:46:56.917372+00:00,77.66130842216202,72.77613110576505,4.885177316396977,-0.6718,0,836.7026,
2026-09-08T03:46:57.101338+00:00,77.66130842216202,72.77613110576505,4.885177316396977,-0.6668,0,836.7026,
2026-09-08T03:46:57.264066+00:00,77.66130842216202,72.77613110576505,4.885177316396977,-0.6619,0,836.7026,
2026-09-08T03:46:57.421992+00:00,77.66130842216202,72.77613110576505,4.885177316396977,-0.6569,0,836.7026,
2026-09-08T03:46:57.567239+00:00,77.66130842216202,72.77613110576505,4.885177316396977,-0.6517,0,836.7026,
2026-09-08T03:46:57.714377+00:00,77.66064390169856,72.78490093804967,4.875742963648889,-0.8625,0,836.7026,
2026-09-08T03:46:57.865423+00:00,77.66064390169856,72.78490093804967,4.875742963648889,-0.8567,0,836.7026,
2026-09-08T03:46:58.017479+00:00,77.66064390169856,72.78490093804967,4.875742963648889,-0.851,0,836.7026,
2026-09-08T03:46:58.171158+00:00,77.66064390169856,72.78490093804967,4.875742963648889,-0.8453,0,836.7026,
2026-09-08T03:46:58.325642+00:00,77.66064390169856,72.78490093804967,4.875742963648889,-0.8396,0,836.7026,
2026-09-08T03:46:58.531194+00:00,77.66064390169856,72.78490093804967,4.875742963648889,-0.8339,0,836.7026,
2026-09-08T03:46:58.702942+00:00,77.6612394811729,72.78178536023653,4.879454120936373,-0.7423,0,836.7026,
2026-09-08T03:46:58.841997+00:00,77.6612394811729,72.78178536023653,4.879454120936373,-0.7369,0,836.7026,
2026-09-08T03:46:58.992144+00:00,77.6612394811729,72.78178536023653,4.879454120936373,-0.7316,0,836.7026,
2026-09-08T03:46:59.178769+00:00,77.6612394811729,72.78178536023653,4.879454120936373,-0.7263,0,836.7026,
2026-09-08T03:46:59.318285+00:00,77.6612394811729,72.78178536023653,4.879454120936373,-0.7209,0,836.7026,
2026-09-08T03:46:59.469839+00:00,77.6612394811729,72.78178536023653,4.879454120936373,-0.7156,0,836.7026,
2026-09-08T03:46:59.681804+00:00,77.66251487517555,72.797503468984,4.865011406191542,-1.0476,0,836.7026,
2026-09-08T03:46:59.826825+00:00,77.66251487517555,72.797503468984,4.865011406191542,-1.0408,0,836.7026,
2026-09-08T03:46:59.973194+00:00,77.66251487517555,72.797503468984,4.865011406191542,-1.0341,0,836.7026,
2026-09-08T03:47:00.143780+00:00,77.66251487517555,72.797503468984,4.865011406191542,-1.0275,0,836.7026,
2026-09-08T03:47:00.284545+00:00,77.66251487517555,72.797503468984,4.865011406191542,-1.0209,0,836.7026,
2026-09-08T03:47:00.465898+00:00,77.66251487517555,72.797503468984,4.865011406191542,-1.0143,0,836.7026,
2026-09-08T03:47:00.604446+00:00,77.66251487517555,72.797503468984,4.865011406191542,-1.0079,0,836.7026,
2026-09-08T03:47:00.763524+00:00,77.65908472206698,72.80769702317696,4.851387698890022,-1.3217,0,836.7026,
2026-09-08T03:47:00.950876+00:00,77.65908472206698,72.80769702317696,4.851387698890022,-1.3132,0,836.7026,
2026-09-08T03:47:01.091438+00:00,77.65908472206698,72.80769702317696,4.851387698890022,-1.3049,0,836.7026,
2026-09-08T03:47:01.288022+00:00,77.65908472206698,72.80769702317696,4.851387698890022,-1.2966,0,836.7026,
2026-09-08T03:47:01.423060+00:00,77.65908472206698,72.80769702317696,4.851387698890022,-1.2885,0,836.7026,
2026-09-08T03:47:01.583337+00:00,77.65908472206698,72.80769702317696,4.851387698890022,-1.2805,0,836.7026,
2026-09-08T03:47:01.734684+00:00,77.65915817418568,72.80769945956443,4.851458714621245,-1.2735,0,836.7026,
2026-09-08T03:47:01.884775+00:00,77.65915817418568,72.80769945956443,4.851458714621245,-1.2684,0,836.7026,
2026-09-08T03:47:02.042219+00:00,77.65915817418568,72.80769945956443,4.851458714621245,-1.2634,0,836.7026,
2026-09-08T03:47:02.193274+00:00,77.65915817418568,72.80769945956443,4.851458714621245,-1.2586,0,836.7026,
2026-09-08T03:47:02.350774+00:00,77.65915817418568,72.80769945956443,4.851458714621245,-1.254,0,836.7026,
2026-09-08T03:47:02.484380+00:00,77.65915817418568,72.80769945956443,4.851458714621245,-1.2495,0,836.7026,
2026-09-08T03:47:02.649333+00:00,77.65915817418568,72.80769945956443,4.851458714621245,-1.244,0,836.7026,
2026-09-08T03:47:02.801711+00:00,77.66022603374101,72.81094354228132,4.8492824914596895,-1.2921,0,836.7026,
2026-09-08T03:47:02.966521+00:00,77.66022603374101,72.81094354228132,4.8492824914596895,-1.2867,0,836.7026,
2026-09-08T03:47:03.109427+00:00,77.66022603374101,72.81094354228132,4.8492824914596895,-1.2815,0,836.7026,
2026-09-08T03:47:03.257705+00:00,77.66022603374101,72.81094354228132,4.8492824914596895,-1.2764,0,836.7026,
2026-09-08T03:47:03.415131+00:00,77.66022603374101,72.81094354228132,4.8492824914596895,-1.2714,0,836.7026,
2026-09-08T03:47:03.564484+00:00,77.66022603374101,72.81094354228132,4.8492824914596895,-1.2666,0,836.7026,
2026-09-08T03:47:03.734454+00:00,77.65988478456428,72.81677470339865,4.843110081165634,-1.416,0,836.7026,
2026-09-08T03:47:03.884801+00:00,77.65988478456428,72.81677470339865,4.843110081165634,-1.409,0,836.7026,
2026-09-08T03:47:04.040476+00:00,77.65988478456428,72.81677470339865,4.843110081165634,-1.4021,0,836.7026,
2026-09-08T03:47:04.184689+00:00,77.65988478456428,72.81677470339865,4.843110081165634,-1.3954,0,836.7026,
2026-09-08T03:47:04.343494+00:00,77.65988478456428,72.81677470339865,4.843110081165634,-1.3889,0,836.7026,
2026-09-08T03:47:04.482068+00:00,77.65988478456428,72.81677470339865,4.843110081165634,-1.3825,0,836.7026,
2026-09-08T03:47:04.637211+00:00,77.65988478456428,72.81677470339865,4.843110081165634,-1.3732,0,836.7026,
2026-09-08T03:47:04.791097+00:00,77.66288339759907,72.81488807032322,4.847995327275854,-1.2389,0,836.7026,
2026-09-08T03:47:04.936396+00:00,77.66288339759907,72.81488807032322,4.847995327275854,-1.2309,0,836.7026,
2026-09-08T03:47:05.102455+00:00,77.66288339759907,72.81488807032322,4.847995327275854,-1.2229,0,836.7026,
2026-09-08T03:47:05.250593+00:00,77.66288339759907,72.81488807032322,4.847995327275854,-1.2151,0,836.7026,
2026-09-08T03:47:05.392230+00:00,77.66288339759907,72.81488807032322,4.847995327275854,-1.2073,0,836.7026,
2026-09-08T03:47:05.551101+00:00,77.66288339759907,72.81488807032322,4.847995327275854,-1.1993,0,836.7026,
2026-09-08T03:47:05.701686+00:00,77.65997236591724,72.82070229260017,4.839270073317067,-1.4153,0,836.7026,
2026-09-08T03:47:05.844692+00:00,77.65997236591724,72.82070229260017,4.839270073317067,-1.4053,0,836.7026,
2026-09-08T03:47:06.001037+00:00,77.65997236591724,72.82070229260017,4.839270073317067,-1.3955,0,836.7026,
2026-09-08T03:47:06.166290+00:00,77.65997236591724,72.82070229260017,4.839270073317067,-1.3858,0,836.7026,
2026-09-08T03:47:06.306438+00:00,77.65997236591724,72.82070229260017,4.839270073317067,-1.3763,0,836.7026,
2026-09-08T03:47:06.452564+00:00,77.65997236591724,72.82070229260017,4.839270073317067,-1.3668,0,836.7026,
2026-09-08T03:47:06.612193+00:00,77.65997236591724,72.82070229260017,4.839270073317067,-1.3571,0,836.7026,
2026-09-08T03:47:06.761640+00:00,77.65964917151341,72.82033124964934,4.839317921864065,-1.3464,0,836.7026,
2026-09-08T03:47:06.923259+00:00,77.65964917151341,72.82033124964934,4.839317921864065,-1.337,0,836.7026,
2026-09-08T03:47:07.088040+00:00,77.65964917151341,72.82033124964934,4.839317921864065,-1.3276,0,836.7026,
2026-09-08T03:47:07.225368+00:00,77.65964917151341,72.82033124964934,4.839317921864065,-1.3184,0,836.7026,
2026-09-08T03:47:07.403996+00:00,77.65964917151341,72.82033124964934,4.839317921864065,-1.3093,0,836.7026,
2026-09-08T03:47:07.544722+00:00,77.65964917151341,72.82033124964934,4.839317921864065,-1.3005,0,836.7026,
2026-09-08T03:47:07.714450+00:00,77.65607512643209,72.84166487479541,4.814410251636673,-1.922,0,836.7026,
2026-09-08T03:47:07.849542+00:00,77.65607512643209,72.84166487479541,4.814410251636673,-1.9048,0,836.7026,
2026-09-08T03:47:08.012865+00:00,77.65607512643209,72.84166487479541,4.814410251636673,-1.888,0,836.7026,
2026-09-08T03:47:08.184086+00:00,77.65607512643209,72.84166487479541,4.814410251636673,-1.8715,0,836.7026,
2026-09-08T03:47:08.320212+00:00,77.65607512643209,72.84166487479541,4.814410251636673,-1.8553,0,836.7026,
2026-09-08T03:47:08.483207+00:00,77.65607512643209,72.84166487479541,4.814410251636673,-1.8395,0,836.7026,
2026-09-08T03:47:08.626947+00:00,77.65607512643209,72.84166487479541,4.814410251636673,-1.8231,0,836.7026,
2026-09-08T03:47:08.780914+00:00,77.6572477650442,72.83050253912694,4.826745225917264,-1.5025,0,836.7026,
2026-09-08T03:47:08.932461+00:00,77.6572477650442,72.83050253912694,4.826745225917264,-1.4912,0,836.7026,
2026-09-08T03:47:09.162085+00:00,77.6572477650442,72.83050253912694,4.826745225917264,-1.4801,0,836.7026,
2026-09-08T03:47:09.312083+00:00,77.6572477650442,72.83050253912694,4.826745225917264,-1.4692,0,836.7026,
2026-09-08T03:47:09.470935+00:00,77.6572477650442,72.83050253912694,4.826745225917264,-1.4584,0,836.7026,
2026-09-08T03:47:09.626663+00:00,77.6572477650442,72.83050253912694,4.826745225917264,-1.4478,0,836.7026,
2026-09-08T03:47:09.768565+00:00,77.6576403569537,72.83070549478404,4.826934862169665,-1.4326,0,836.7026,
2026-09-08T03:47:09.935894+00:00,77.6576403569537,72.83070549478404,4.826934862169665,-1.4223,0,836.7026,
2026-09-08T03:47:10.093000+00:00,77.6576403569537,72.83070549478404,4.826934862169665,-1.4122,0,836.7026,
2026-09-08T03:47:10.271188+00:00,77.6576403569537,72.83070549478404,4.826934862169665,-1.4021,0,836.7026,
2026-09-08T03:47:10.413432+00:00,77.6576403569537,72.83070549478404,4.826934862169665,-1.3922,0,836.7026,
2026-09-08T03:47:10.566275+00:00,77.6576403569537,72.83070549478404,4.826934862169665,-1.3824,0,836.7026,
2026-09-08T03:47:10.710421+00:00,77.65667087297213,72.82903923318801,4.827631639784116,-1.3555,0,836.7026,
2026-09-08T03:47:10.873222+00:00,77.65667087297213,72.82903923318801,4.827631639784116,-1.3459,0,836.7026,
2026-09-08T03:47:11.053004+00:00,77.65667087297213,72.82903923318801,4.827631639784116,-1.3364,0,836.7026,
2026-09-08T03:47:11.197266+00:00,77.65667087297213,72.82903923318801,4.827631639784116,-1.327,0,836.7026,
2026-09-08T03:47:11.346485+00:00,77.65667087297213,72.82903923318801,4.827631639784116,-1.3177,0,836.7026,
2026-09-08T03:47:11.494229+00:00,77.65667087297213,72.82903923318801,4.827631639784116,-1.3086,0,836.7026,
2026-09-08T03:47:11.643709+00:00,77.65667087297213,72.82903923318801,4.827631639784116,-1.3004,0,836.7026,
2026-09-08T03:47:11.868781+00:00,77.65801016970286,72.82187781134732,4.836132358355542,-1.0851,0,836.7026,
2026-09-08T03:47:12.009319+00:00,77.65801016970286,72.82187781134732,4.836132358355542,-1.0785,0,836.7026,
2026-09-08T03:47:12.179048+00:00,77.65801016970286,72.82187781134732,4.836132358355542,-1.0719,0,836.7026,
2026-09-08T03:47:12.324688+00:00,77.65801016970286,72.82187781134732,4.836132358355542,-1.0654,0,836.7026,
2026-09-08T03:47:12.476509+00:00,77.65801016970286,72.82187781134732,4.836132358355542,-1.059,0,836.7026,
2026-09-08T03:47:12.633406+00:00,77.65801016970286,72.82187781134732,4.836132358355542,-1.0526,0,836.7026,
2026-09-08T03:47:12.781451+00:00,77.65396616897073,72.82442088616729,4.829545282803437,-1.2097,0,836.7026,
2026-09-08T03:47:12.920519+00:00,77.65396616897073,72.82442088616729,4.829545282803437,-1.2034,0,836.7026,
2026-09-08T03:47:13.085396+00:00,77.65396616897073,72.82442088616729,4.829545282803437,-1.1971,0,836.7026,
2026-09-08T03:47:13.229564+00:00,77.65396616897073,72.82442088616729,4.829545282803437,-1.191,0,836.7026,
2026-09-08T03:47:13.376369+00:00,77.65396616897073,72.82442088616729,4.829545282803437,-1.1849,0,836.7026,
2026-09-08T03:47:13.531654+00:00,77.65396616897073,72.82442088616729,4.829545282803437,-1.179,0,836.7026,
2026-09-08T03:47:13.688269+00:00,77.65603774621296,72.82412519670173,4.83191254951123,-1.1146,0,836.7026,
2026-09-08T03:47:13.831399+00:00,77.65603774621296,72.82412519670173,4.83191254951123,-1.1103,0,836.7026,
2026-09-08T03:47:13.980746+00:00,77.65603774621296,72.82412519670173,4.83191254951123,-1.1061,0,836.7026,
2026-09-08T03:47:14.147568+00:00,77.65603774621296,72.82412519670173,4.83191254951123,-1.102,0,836.7026,
2026-09-08T03:47:14.298497+00:00,77.65603774621296,72.82412519670173,4.83191254951123,-1.0981,0,836.7026,
2026-09-08T03:47:14.444105+00:00,77.65603774621296,72.82412519670173,4.83191254951123,-1.0944,0,836.7026,
2026-09-08T03:47:14.593246+00:00,77.65603774621296,72.82412519670173,4.83191254951123,-1.0895,0,836.7026,
2026-09-08T03:47:14.748881+00:00,77.65698619654394,72.83006883843758,4.826917358106357,-1.2165,0,836.7026,
2026-09-08T03:47:14.886217+00:00,77.65698619654394,72.83006883843758,4.826917358106357,-1.2115,0,836.7026,
2026-09-08T03:47:15.044847+00:00,77.65698619654394,72.83006883843758,4.826917358106357,-1.2066,0,836.7026,
2026-09-08T03:47:15.196071+00:00,77.65698619654394,72.83006883843758,4.826917358106357,-1.2019,0,836.7026,
2026-09-08T03:47:15.433143+00:00,77.65698619654394,72.83006883843758,4.826917358106357,-1.1973,0,836.7026,
2026-09-08T03:47:15.573034+00:00,77.65698619654394,72.83006883843758,4.826917358106357,-1.1929,0,836.7026,
2026-09-08T03:47:15.726350+00:00,77.6591207685564,72.81756569811738,4.841555070439028,-0.7879,0,836.7026,
2026-09-08T03:47:15.881494+00:00,77.6591207685564,72.81756569811738,4.841555070439028,-0.7827,0,836.7026,
2026-09-08T03:47:16.030176+00:00,77.6591207685564,72.81756569811738,4.841555070439028,-0.7775,0,836.7026,
2026-09-08T03:47:16.188895+00:00,77.6591207685564,72.81756569811738,4.841555070439028,-0.7724,0,836.7026,
2026-09-08T03:47:16.332204+00:00,77.6591207685564,72.81756569811738,4.841555070439028,-0.7673,0,836.7026,
2026-09-08T03:47:16.525309+00:00,77.6591207685564,72.81756569811738,4.841555070439028,-0.7623,0,836.7026,
2026-09-08T03:47:16.667432+00:00,77.6591207685564,72.81756569811738,4.841555070439028,-0.7575,0,836.7026,
2026-09-08T03:47:16.834134+00:00,77.65775290121684,72.79859635700869,4.8591565442081475,-0.2544,0,836.7026,
2026-09-08T03:47:16.982451+00:00,77.65775290121684,72.79859635700869,4.8591565442081475,-0.2483,0,836.7026,
2026-09-08T03:47:17.135157+00:00,77.65775290121684,72.79859635700869,4.8591565442081475,-0.2422,0,836.7026,
2026-09-08T03:47:17.314361+00:00,77.65775290121684,72.79859635700869,4.8591565442081475,-0.2361,0,836.7026,
2026-09-08T03:47:17.453758+00:00,77.65775290121684,72.79859635700869,4.8591565442081475,-0.2298,0,836.7026,
2026-09-08T03:47:17.607039+00:00,77.65775290121684,72.79859635700869,4.8591565442081475,-0.2235,0,836.7026,
2026-09-08T03:47:17.772127+00:00,77.65552860711777,72.79752034632196,4.858008260795813,-0.2506,0,836.7026,
2026-09-08T03:47:17.910661+00:00,77.65552860711777,72.79752034632196,4.858008260795813,-0.2436,0,836.7026,
2026-09-08T03:47:18.058518+00:00,77.65552860711777,72.79752034632196,4.858008260795813,-0.2365,0,836.7026,
2026-09-08T03:47:18.212551+00:00,77.65552860711777,72.79752034632196,4.858008260795813,-0.2293,0,836.7026,
2026-09-08T03:47:18.388015+00:00,77.65552860711777,72.79752034632196,4.858008260795813,-0.222,0,836.7026,
2026-09-08T03:47:18.531870+00:00,77.65552860711777,72.79752034632196,4.858008260795813,-0.2144,0,836.7026,
2026-09-08T03:47:18.678798+00:00,77.65552860711777,72.79752034632196,4.858008260795813,-0.2072,0,836.7026,
2026-09-08T03:47:18.830138+00:00,77.65622231588023,72.7996898085406,4.856532507339622,-0.2483,0,836.7026,
2026-09-08T03:47:18.981821+00:00,77.65622231588023,72.7996898085406,4.856532507339622,-0.2412,0,836.7026,
2026-09-08T03:47:19.132863+00:00,77.65622231588023,72.7996898085406,4.856532507339622,-0.2341,0,836.7026,
2026-09-08T03:47:19.289791+00:00,77.65622231588023,72.7996898085406,4.856532507339622,-0.2267,0,836.7026,
2026-09-08T03:47:19.447779+00:00,77.65622231588023,72.7996898085406,4.856532507339622,-0.2193,0,836.7026,
2026-09-08T03:47:19.606944+00:00,77.65622231588023,72.7996898085406,4.856532507339622,-0.2117,0,836.7026,
2026-09-08T03:47:19.746843+00:00,77.65560700364584,72.77325973733959,4.882347266306255,0.7201,0,836.7026,
2026-09-08T03:47:19.942949+00:00,77.65560700364584,72.77325973733959,4.882347266306255,0.7353,0,836.7026,
2026-09-08T03:47:20.080413+00:00,77.65560700364584,72.77325973733959,4.882347266306255,0.7509,0,836.7026,
2026-09-08T03:47:20.261987+00:00,77.65560700364584,72.77325973733959,4.882347266306255,0.767,0,836.7026,
2026-09-08T03:47:20.430411+00:00,77.65560700364584,72.77325973733959,4.882347266306255,0.7837,0,836.7026,
2026-09-08T03:47:20.591154+00:00,77.65560700364584,72.77325973733959,4.882347266306255,0.801,0,836.7026,
2026-09-08T03:47:20.735325+00:00,77.65925296295994,72.77344433925583,4.885808623704108,0.9456,0,836.7026,
2026-09-08T03:47:20.880678+00:00,77.65925296295994,72.77344433925583,4.885808623704108,0.9582,0,836.7026,
2026-09-08T03:47:21.036320+00:00,77.65925296295994,72.77344433925583,4.885808623704108,0.9711,0,836.7026,
2026-09-08T03:47:21.210572+00:00,77.65925296295994,72.77344433925583,4.885808623704108,0.9843,0,836.7026,
2026-09-08T03:47:21.351408+00:00,77.65925296295994,72.77344433925583,4.885808623704108,0.9979,0,836.7026,
2026-09-08T03:47:21.499242+00:00,77.65925296295994,72.77344433925583,4.885808623704108,1.0118,0,836.7026,
2026-09-08T03:47:21.648660+00:00,77.65925296295994,72.77344433925583,4.885808623704108,1.0205,0,836.7026,
2026-09-08T03:47:21.804743+00:00,77.66138350882036,72.79827921469843,4.863104294121939,0.1108,0,836.7026,
2026-09-08T03:47:21.954082+00:00,77.66138350882036,72.79827921469843,4.863104294121939,0.1181,0,836.7026,
2026-09-08T03:47:22.110512+00:00,77.66138350882036,72.79827921469843,4.863104294121939,0.1256,0,836.7026,
2026-09-08T03:47:22.284167+00:00,77.66138350882036,72.79827921469843,4.863104294121939,0.1332,0,836.7026,
2026-09-08T03:47:22.433890+00:00,77.66138350882036,72.79827921469843,4.863104294121939,0.1409,0,836.7026,
2026-09-08T03:47:22.575506+00:00,77.66138350882036,72.79827921469843,4.863104294121939,0.1496,0,836.7026,
2026-09-08T03:47:22.732437+00:00,77.66368109818707,72.78234042150196,4.881340676685113,0.9328,0,836.7026,
2026-09-08T03:47:22.895533+00:00,77.66368109818707,72.78234042150196,4.881340676685113,0.9453,0,836.7026,
2026-09-08T03:47:23.037954+00:00,77.66368109818707,72.78234042150196,4.881340676685113,0.9581,0,836.7026,
2026-09-08T03:47:23.190452+00:00,77.66368109818707,72.78234042150196,4.881340676685113,0.9712,0,836.7026,
2026-09-08T03:47:23.369205+00:00,77.66368109818707,72.78234042150196,4.881340676685113,0.9846,0,836.7026,
2026-09-08T03:47:23.514252+00:00,77.66368109818707,72.78234042150196,4.881340676685113,0.9984,0,836.7026,
2026-09-08T03:47:23.702678+00:00,77.66368109818707,72.78234042150196,4.881340676685113,1.0058,0,836.7026,
2026-09-08T03:47:23.866119+00:00,77.663385619544,72.78526045289622,4.878125166647777,0.8699,0,836.7026,
2026-09-08T03:47:24.011913+00:00,77.663385619544,72.78526045289622,4.878125166647777,0.8777,0,836.7026,
2026-09-08T03:47:24.179554+00:00,77.663385619544,72.78526045289622,4.878125166647777,0.8856,0,836.7026,
2026-09-08T03:47:24.346698+00:00,77.663385619544,72.78526045289622,4.878125166647777,0.8936,0,836.7026,
2026-09-08T03:47:24.501929+00:00,77.663385619544,72.78526045289622,4.878125166647777,0.9,0,836.7026,
2026-09-08T03:47:24.642980+00:00,77.663385619544,72.78526045289622,4.878125166647777,0.9065,0,836.7026,
2026-09-08T03:47:24.798731+00:00,77.66210475643001,72.7740979134695,4.8880068429605075,1.3645,0,836.7026,
2026-09-08T03:47:24.948529+00:00,77.66210475643001,72.7740979134695,4.8880068429605075,1.369,0,836.7026,
2026-09-08T03:47:25.106054+00:00,77.66210475643001,72.7740979134695,4.8880068429605075,1.3735,0,836.7026,
2026-09-08T03:47:25.247483+00:00,77.66210475643001,72.7740979134695,4.8880068429605075,1.3781,0,836.7026,
2026-09-08T03:47:25.399610+00:00,77.66210475643001,72.7740979134695,4.8880068429605075,1.3826,0,836.7026,
2026-09-08T03:47:25.548462+00:00,77.66210475643001,72.7740979134695,4.8880068429605075,1.39,0,836.7026,
2026-09-08T03:47:25.703564+00:00,77.66210475643001,72.7740979134695,4.8880068429605075,1.3974,0,836.7026,
2026-09-08T03:47:25.853999+00:00,77.66016718798193,72.76976338568308,4.890403802298849,1.5163,0,836.7026,
2026-09-08T03:47:26.003436+00:00,77.66016718798193,72.76976338568308,4.890403802298849,1.5231,0,836.7026,
2026-09-08T03:47:26.162993+00:00,77.66016718798193,72.76976338568308,4.890403802298849,1.5299,0,836.7026,
2026-09-08T03:47:26.305107+00:00,77.66016718798193,72.76976338568308,4.890403802298849,1.5369,0,836.7026,
2026-09-08T03:47:26.461176+00:00,77.66016718798193,72.76976338568308,4.890403802298849,1.5439,0,836.7026,
2026-09-08T03:47:26.642338+00:00,77.66016718798193,72.76976338568308,4.890403802298849,1.5494,0,836.7026,
2026-09-08T03:47:26.782097+00:00,77.66046860501156,72.76184276047735,4.898625844534209,1.9422,0,836.7026,
2026-09-08T03:47:26.946544+00:00,77.66046860501156,72.76184276047735,4.898625844534209,1.9431,0,836.7026,
2026-09-08T03:47:27.084884+00:00,77.66046860501156,72.76184276047735,4.898625844534209,1.944,0,836.7026,
2026-09-08T03:47:27.239711+00:00,77.66046860501156,72.76184276047735,4.898625844534209,1.9448,0,836.7026,
2026-09-08T03:47:27.406969+00:00,77.66046860501156,72.76184276047735,4.898625844534209,1.9457,0,836.7026,
2026-09-08T03:47:27.564804+00:00,77.66046860501156,72.76184276047735,4.898625844534209,1.939,0,836.7026,
2026-09-08T03:47:27.708490+00:00,77.66046860501156,72.76184276047735,4.898625844534209,1.9323,0,836.7026,
2026-09-08T03:47:27.862728+00:00,77.66236886889578,72.7497728085143,4.912596060381489,2.5726,0,836.7026,
2026-09-08T03:47:28.016161+00:00,77.66236886889578,72.7497728085143,4.912596060381489,2.5499,0,836.7026,
2026-09-08T03:47:28.164001+00:00,77.66236886889578,72.7497728085143,4.912596060381489,2.5276,0,836.7026,
2026-09-08T03:47:28.309085+00:00,77.66236886889578,72.7497728085143,4.912596060381489,2.4966,0,836.7026,
2026-09-08T03:47:28.462378+00:00,77.66236886889578,72.7497728085143,4.912596060381489,2.4667,0,836.7026,
2026-09-08T03:47:28.611834+00:00,77.66236886889578,72.7497728085143,4.912596060381489,2.4375,0,836.7026,
2026-09-08T03:47:28.768630+00:00,77.66198017290367,72.75326989295156,4.908710279952103,2.2391,0,836.7026,
2026-09-08T03:47:28.935220+00:00,77.66198017290367,72.75326989295156,4.908710279952103,2.2165,0,836.7026,
2026-09-08T03:47:29.105093+00:00,77.66198017290367,72.75326989295156,4.908710279952103,2.1945,0,836.7026,
2026-09-08T03:47:29.264557+00:00,77.66198017290367,72.75326989295156,4.908710279952103,2.173,0,836.7026,
2026-09-08T03:47:29.419039+00:00,77.66198017290367,72.75326989295156,4.908710279952103,2.1517,0,836.7026,
2026-09-08T03:47:29.584908+00:00,77.66198017290367,72.75326989295156,4.908710279952103,2.1309,0,836.7026,
2026-09-08T03:47:29.751413+00:00,77.66194730618386,72.75342597787952,4.908521328304346,2.1026,0,836.7026,
2026-09-08T03:47:29.890981+00:00,77.66194730618386,72.75342597787952,4.908521328304346,2.0829,0,836.7026,
2026-09-08T03:47:30.052682+00:00,77.66194730618386,72.75342597787952,4.908521328304346,2.0636,0,836.7026,
2026-09-08T03:47:30.197827+00:00,77.66194730618386,72.75342597787952,4.908521328304346,2.0448,0,836.7026,
2026-09-08T03:47:30.355241+00:00,77.66194730618386,72.75342597787952,4.908521328304346,2.0233,0,836.7026,
2026-09-08T03:47:30.514799+00:00,77.66194730618386,72.75342597787952,4.908521328304346,2.0023,0,836.7026,
2026-09-08T03:47:30.664718+00:00,77.66194730618386,72.75342597787952,4.908521328304346,1.9818,0,836.7026,
2026-09-08T03:47:30.803066+00:00,77.66407351668974,72.7462053393561,4.917868177333645,2.3364,0,836.7026,
2026-09-08T03:47:30.955251+00:00,77.66407351668974,72.7462053393561,4.917868177333645,2.3071,0,836.7026,
2026-09-08T03:47:31.113386+00:00,77.66407351668974,72.7462053393561,4.917868177333645,2.2787,0,836.7026,
2026-09-08T03:47:31.271450+00:00,77.66407351668974,72.7462053393561,4.917868177333645,2.2511,0,836.7026,
2026-09-08T03:47:31.423417+00:00,77.66407351668974,72.7462053393561,4.917868177333645,2.2243,0,836.7026,
2026-09-08T03:47:31.562215+00:00,77.66407351668974,72.7462053393561,4.917868177333645,2.1981,0,836.7026,
2026-09-08T03:47:31.734767+00:00,77.66277481018662,72.75058911864778,4.912185691538838,1.9557,0,836.7026,
2026-09-08T03:47:31.871036+00:00,77.66277481018662,72.75058911864778,4.912185691538838,1.9361,0,836.7026,
2026-09-08T03:47:32.031232+00:00,77.66277481018662,72.75058911864778,4.912185691538838,1.9169,0,836.7026,
2026-09-08T03:47:32.178968+00:00,77.66277481018662,72.75058911864778,4.912185691538838,1.8981,0,836.7026,
2026-09-08T03:47:32.344270+00:00,77.66277481018662,72.75058911864778,4.912185691538838,1.8802,0,836.7026,
2026-09-08T03:47:32.491694+00:00,77.66277481018662,72.75058911864778,4.912185691538838,1.8626,0,836.7026,
2026-09-08T03:47:32.642990+00:00,77.66277481018662,72.75058911864778,4.912185691538838,1.8454,0,836.7026,
2026-09-08T03:47:32.784068+00:00,77.66443533819957,72.7505165934525,4.913918744747065,1.8926,0,836.7026,
2026-09-08T03:47:32.949899+00:00,77.66443533819957,72.7505165934525,4.913918744747065,1.8749,0,836.7026,
2026-09-08T03:47:33.147602+00:00,77.66443533819957,72.7505165934525,4.913918744747065,1.8574,0,836.7026,
2026-09-08T03:47:33.303611+00:00,77.66443533819957,72.7505165934525,4.913918744747065,1.8404,0,836.7026,
2026-09-08T03:47:33.444122+00:00,77.66443533819957,72.7505165934525,4.913918744747065,1.8236,0,836.7026,
2026-09-08T03:47:33.593582+00:00,77.66443533819957,72.7505165934525,4.913918744747065,1.8071,0,836.7026,
2026-09-08T03:47:33.746695+00:00,77.66528110398447,72.73663216275935,4.92864894122512,2.3201,0,836.7026,
2026-09-08T03:47:33.931719+00:00,77.66528110398447,72.73663216275935,4.92864894122512,2.2923,0,836.7026,
2026-09-08T03:47:34.070381+00:00,77.66528110398447,72.73663216275935,4.92864894122512,2.2653,0,836.7026,
2026-09-08T03:47:34.236905+00:00,77.66528110398447,72.73663216275935,4.92864894122512,2.2391,0,836.7026,
2026-09-08T03:47:34.387461+00:00,77.66528110398447,72.73663216275935,4.92864894122512,2.2136,0,836.7026,
2026-09-08T03:47:34.526526+00:00,77.66528110398447,72.73663216275935,4.92864894122512,2.1887,0,836.7026,
2026-09-08T03:47:34.681545+00:00,77.66528110398447,72.73663216275935,4.92864894122512,2.1645,0,836.7026,
2026-09-08T03:47:34.832608+00:00,77.66234880096081,72.73741079575272,4.924938005208091,2.014,0,836.7026,
2026-09-08T03:47:34.980757+00:00,77.66234880096081,72.73741079575272,4.924938005208091,1.9939,0,836.7026,
2026-09-08T03:47:35.147310+00:00,77.66234880096081,72.73741079575272,4.924938005208091,1.9743,0,836.7026,
2026-09-08T03:47:35.305981+00:00,77.66234880096081,72.73741079575272,4.924938005208091,1.9547,0,836.7026,
2026-09-08T03:47:35.470478+00:00,77.66234880096081,72.73741079575272,4.924938005208091,1.9356,0,836.7026,
2026-09-08T03:47:35.637911+00:00,77.66234880096081,72.73741079575272,4.924938005208091,1.9164,0,836.7026,
2026-09-08T03:47:35.787361+00:00,77.6626932588877,72.7425825481282,4.920110710759502,1.7369,0,836.7026,
2026-09-08T03:47:35.935365+00:00,77.6626932588877,72.7425825481282,4.920110710759502,1.7216,0,836.7026,
2026-09-08T03:47:36.094489+00:00,77.6626932588877,72.7425825481282,4.920110710759502,1.7065,0,836.7026,
2026-09-08T03:47:36.261326+00:00,77.6626932588877,72.7425825481282,4.920110710759502,1.6917,0,836.7026,
2026-09-08T03:47:36.412492+00:00,77.6626932588877,72.7425825481282,4.920110710759502,1.6772,0,836.7026,
2026-09-08T03:47:36.564517+00:00,77.6626932588877,72.7425825481282,4.920110710759502,1.6629,0,836.7026,
2026-09-08T03:47:36.715314+00:00,77.6626932588877,72.7425825481282,4.920110710759502,1.6492,0,836.7026,
2026-09-08T03:47:36.867628+00:00,77.65823337099397,72.7361625480987,4.9220708228952645,1.6992,0,836.7026,
2026-09-08T03:47:37.119629+00:00,77.65823337099397,72.7361625480987,4.9220708228952645,1.6849,0,836.7026,
2026-09-08T03:47:37.277000+00:00,77.65823337099397,72.7361625480987,4.9220708228952645,1.6708,0,836.7026,
2026-09-08T03:47:37.418477+00:00,77.65823337099397,72.7361625480987,4.9220708228952645,1.657,0,836.7026,
2026-09-08T03:47:37.570812+00:00,77.65823337099397,72.7361625480987,4.9220708228952645,1.6434,0,836.7026,
2026-09-08T03:47:37.735443+00:00,77.65823337099397,72.7361625480987,4.9220708228952645,1.632,0,836.7026,
2026-09-08T03:47:37.874697+00:00,77.65979262685852,72.74553533593483,4.914257290923686,1.3742,0,836.7026,
2026-09-08T03:47:38.033519+00:00,77.65979262685852,72.74553533593483,4.914257290923686,1.3667,0,836.7026,
2026-09-08T03:47:38.183198+00:00,77.65979262685852,72.74553533593483,4.914257290923686,1.3593,0,836.7026,
2026-09-08T03:47:38.358591+00:00,77.65979262685852,72.74553533593483,4.914257290923686,1.3519,0,836.7026,
2026-09-08T03:47:38.503188+00:00,77.65979262685852,72.74553533593483,4.914257290923686,1.3447,0,836.7026,
2026-09-08T03:47:38.649446+00:00,77.65979262685852,72.74553533593483,4.914257290923686,1.3366,0,836.7026,
2026-09-08T03:47:38.803617+00:00,77.6583045305125,72.73927243213484,4.919032098377656,1.4769,0,836.7026,
2026-09-08T03:47:38.974655+00:00,77.6583045305125,72.73927243213484,4.919032098377656,1.467,0,836.7026,
2026-09-08T03:47:39.116540+00:00,77.6583045305125,72.73927243213484,4.919032098377656,1.4573,0,836.7026,
2026-09-08T03:47:39.289034+00:00,77.6583045305125,72.73927243213484,4.919032098377656,1.4477,0,836.7026,
2026-09-08T03:47:39.447418+00:00,77.6583045305125,72.73927243213484,4.919032098377656,1.4382,0,836.7026,
2026-09-08T03:47:39.595806+00:00,77.6583045305125,72.73927243213484,4.919032098377656,1.4288,0,836.7026,
2026-09-08T03:47:39.753198+00:00,77.65955120481516,72.72686032453497,4.932690880280191,1.8328,0,836.7026,
2026-09-08T03:47:39.903418+00:00,77.65955120481516,72.72686032453497,4.932690880280191,1.8163,0,836.7026,
2026-09-08T03:47:40.049256+00:00,77.65955120481516,72.72686032453497,4.932690880280191,1.8002,0,836.7026,
2026-09-08T03:47:40.197169+00:00,77.65955120481516,72.72686032453497,4.932690880280191,1.7843,0,836.7026,
2026-09-08T03:47:40.349922+00:00,77.65955120481516,72.72686032453497,4.932690880280191,1.7687,0,836.7026,
2026-09-08T03:47:40.502742+00:00,77.65955120481516,72.72686032453497,4.932690880280191,1.7534,0,836.7026,
2026-09-08T03:47:40.647857+00:00,77.65955120481516,72.72686032453497,4.932690880280191,1.7385,0,836.7026,
2026-09-08T03:47:40.795934+00:00,77.66160730643614,72.71591322266947,4.945694083766668,2.1014,0,836.7026,
2026-09-08T03:47:40.951003+00:00,77.66160730643614,72.71591322266947,4.945694083766668,2.079,0,836.7026,
2026-09-08T03:47:41.110355+00:00,77.66160730643614,72.71591322266947,4.945694083766668,2.057,0,836.7026,
2026-09-08T03:47:41.256739+00:00,77.66160730643614,72.71591322266947,4.945694083766668,2.0356,0,836.7026,
2026-09-08T03:47:41.413068+00:00,77.66160730643614,72.71591322266947,4.945694083766668,2.0147,0,836.7026,
2026-09-08T03:47:41.604172+00:00,77.66160730643614,72.71591322266947,4.945694083766668,1.9943,0,836.7026,
2026-09-08T03:47:41.748432+00:00,77.6621265196004,72.70652596396701,4.955600555633396,2.2487,0,836.7026,
2026-09-08T03:47:41.901573+00:00,77.6621265196004,72.70652596396701,4.955600555633396,2.222,0,836.7026,
2026-09-08T03:47:42.049358+00:00,77.6621265196004,72.70652596396701,4.955600555633396,2.1961,0,836.7026,
2026-09-08T03:47:42.204380+00:00,77.6621265196004,72.70652596396701,4.955600555633396,2.1709,0,836.7026,
2026-09-08T03:47:42.390703+00:00,77.6621265196004,72.70652596396701,4.955600555633396,2.1463,0,836.7026,
2026-09-08T03:47:42.549050+00:00,77.6621265196004,72.70652596396701,4.955600555633396,2.1223,0,836.7026,
2026-09-08T03:47:42.688761+00:00,77.6621265196004,72.70652596396701,4.955600555633396,2.0999,0,836.7026,
2026-09-08T03:47:42.843253+00:00,77.66230283511594,72.69305159609523,4.969251239020707,2.435,0,836.7026,
2026-09-08T03:47:43.000976+00:00,77.66230283511594,72.69305159609523,4.969251239020707,2.4035,0,836.7026,
2026-09-08T03:47:43.183870+00:00,77.66230283511594,72.69305159609523,4.969251239020707,2.373,0,836.7026,
2026-09-08T03:47:43.328084+00:00,77.66230283511594,72.69305159609523,4.969251239020707,2.3435,0,836.7026,
2026-09-08T03:47:43.546696+00:00,77.66230283511594,72.69305159609523,4.969251239020707,2.3148,0,836.7026,
2026-09-08T03:47:43.687219+00:00,77.66230283511594,72.69305159609523,4.969251239020707,2.2869,0,836.7026,
2026-09-08T03:47:43.861497+00:00,77.66403022813621,72.69171679458982,4.97231343354639,2.3359,0,836.7026,
2026-09-08T03:47:44.000095+00:00,77.66403022813621,72.69171679458982,4.97231343354639,2.3078,0,836.7026,
2026-09-08T03:47:44.169352+00:00,77.66403022813621,72.69171679458982,4.97231343354639,2.2805,0,836.7026,
2026-09-08T03:47:44.317501+00:00,77.66403022813621,72.69171679458982,4.97231343354639,2.254,0,836.7026,
2026-09-08T03:47:44.453096+00:00,77.66403022813621,72.69171679458982,4.97231343354639,2.2282,0,836.7026,
2026-09-08T03:47:44.633941+00:00,77.66403022813621,72.69171679458982,4.97231343354639,2.2023,0,836.7026,
2026-09-08T03:47:44.827500+00:00,77.65940615187371,72.7083682270866,4.951037924787116,1.6743,0,836.7026,
2026-09-08T03:47:44.970009+00:00,77.65940615187371,72.7083682270866,4.951037924787116,1.6606,0,836.7026,
2026-09-08T03:47:45.128595+00:00,77.65940615187371,72.7083682270866,4.951037924787116,1.6472,0,836.7026,
2026-09-08T03:47:45.280557+00:00,77.65940615187371,72.7083682270866,4.951037924787116,1.6339,0,836.7026,
2026-09-08T03:47:45.486032+00:00,77.65940615187371,72.7083682270866,4.951037924787116,1.6208,0,836.7026,
2026-09-08T03:47:45.632319+00:00,77.65940615187371,72.7083682270866,4.951037924787116,1.6082,0,836.7026,
2026-09-08T03:47:45.778813+00:00,77.65710856277211,72.71530331272186,4.941805250050251,1.3817,0,836.7026,
2026-09-08T03:47:45.930064+00:00,77.65710856277211,72.71530331272186,4.941805250050251,1.3725,0,836.7026,
2026-09-08T03:47:46.074552+00:00,77.65710856277211,72.71530331272186,4.941805250050251,1.3634,0,836.7026,
2026-09-08T03:47:46.267223+00:00,77.65710856277211,72.71530331272186,4.941805250050251,1.3544,0,836.7026,
2026-09-08T03:47:46.409335+00:00,77.65710856277211,72.71530331272186,4.941805250050251,1.3455,0,836.7026,
2026-09-08T03:47:46.567459+00:00,77.65710856277211,72.71530331272186,4.941805250050251,1.336,0,836.7026,
2026-09-08T03:47:46.715165+00:00,77.65710856277211,72.71530331272186,4.941805250050251,1.3266,0,836.7026,
2026-09-08T03:47:46.884366+00:00,77.65692710064963,72.71452990631784,4.9423971943317895,1.3308,0,836.7026,
2026-09-08T03:47:47.028007+00:00,77.65692710064963,72.71452990631784,4.9423971943317895,1.3214,0,836.7026,
2026-09-08T03:47:47.177144+00:00,77.65692710064963,72.71452990631784,4.9423971943317895,1.3122,0,836.7026,
2026-09-08T03:47:47.325392+00:00,77.65692710064963,72.71452990631784,4.9423971943317895,1.303,0,836.7026,
2026-09-08T03:47:47.482590+00:00,77.65692710064963,72.71452990631784,4.9423971943317895,1.294,0,836.7026,
2026-09-08T03:47:47.635765+00:00,77.65692710064963,72.71452990631784,4.9423971943317895,1.2848,0,836.7026,
2026-09-08T03:47:47.786771+00:00,77.65679757637695,72.7274630425527,4.929334533824246,0.9818,0,836.7026,
2026-09-08T03:47:47.963170+00:00,77.65679757637695,72.7274630425527,4.929334533824246,0.9753,0,836.7026,
2026-09-08T03:47:48.102919+00:00,77.65679757637695,72.7274630425527,4.929334533824246,0.9689,0,836.7026,
2026-09-08T03:47:48.251066+00:00,77.65679757637695,72.7274630425527,4.929334533824246,0.9626,0,836.7026,
2026-09-08T03:47:48.405924+00:00,77.65679757637695,72.7274630425527,4.929334533824246,0.9563,0,836.7026,
2026-09-08T03:47:48.554621+00:00,77.65679757637695,72.7274630425527,4.929334533824246,0.95,0,836.7026,
2026-09-08T03:47:48.729987+00:00,77.65679757637695,72.7274630425527,4.929334533824246,0.9437,0,836.7026,
2026-09-08T03:47:48.868492+00:00,77.65760522271252,72.74087774866419,4.916727474048329,0.6538,0,836.7026,
2026-09-08T03:47:49.018676+00:00,77.65760522271252,72.74087774866419,4.916727474048329,0.6492,0,836.7026,
2026-09-08T03:47:49.173551+00:00,77.65760522271252,72.74087774866419,4.916727474048329,0.6446,0,836.7026,
2026-09-08T03:47:49.327307+00:00,77.65760522271252,72.74087774866419,4.916727474048329,0.6399,0,836.7026,
2026-09-08T03:47:49.484022+00:00,77.65760522271252,72.74087774866419,4.916727474048329,0.6353,0,836.7026,
2026-09-08T03:47:49.633139+00:00,77.65760522271252,72.74087774866419,4.916727474048329,0.6306,0,836.7026,
2026-09-08T03:47:49.830327+00:00,77.65696283433527,72.73570772073424,4.921255113601035,0.7283,0,836.7026,
2026-09-08T03:47:50.025283+00:00,77.65696283433527,72.73570772073424,4.921255113601035,0.7232,0,836.7026,
2026-09-08T03:47:50.233752+00:00,77.65696283433527,72.73570772073424,4.921255113601035,0.7181,0,836.7026,
2026-09-08T03:47:50.383491+00:00,77.65696283433527,72.73570772073424,4.921255113601035,0.7131,0,836.7026,
2026-09-08T03:47:50.564762+00:00,77.65696283433527,72.73570772073424,4.921255113601035,0.708,0,836.7026,
2026-09-08T03:47:50.705651+00:00,77.65696283433527,72.73570772073424,4.921255113601035,0.7029,0,836.7026,
2026-09-08T03:47:50.861141+00:00,77.6581286765979,72.73612542447539,4.922003252122508,0.7147,0,836.7026,
2026-09-08T03:47:51.012115+00:00,77.6581286765979,72.73612542447539,4.922003252122508,0.7095,0,836.7026,
2026-09-08T03:47:51.157736+00:00,77.6581286765979,72.73612542447539,4.922003252122508,0.7043,0,836.7026,
2026-09-08T03:47:51.311118+00:00,77.6581286765979,72.73612542447539,4.922003252122508,0.6992,0,836.7026,
2026-09-08T03:47:51.472240+00:00,77.6581286765979,72.73612542447539,4.922003252122508,0.694,0,836.7026,
2026-09-08T03:47:51.614620+00:00,77.6581286765979,72.73612542447539,4.922003252122508,0.6889,0,836.7026,
2026-09-08T03:47:51.772380+00:00,77.65618044382923,72.7425521912255,4.913628252603729,0.4924,0,836.7026,
2026-09-08T03:47:51.917127+00:00,77.65618044382923,72.7425521912255,4.913628252603729,0.488,0,836.7026,
2026-09-08T03:47:52.104034+00:00,77.65618044382923,72.7425521912255,4.913628252603729,0.4836,0,836.7026,
2026-09-08T03:47:52.247190+00:00,77.65618044382923,72.7425521912255,4.913628252603729,0.4792,0,836.7026,
2026-09-08T03:47:52.411000+00:00,77.65618044382923,72.7425521912255,4.913628252603729,0.4749,0,836.7026,
2026-09-08T03:47:52.589494+00:00,77.65618044382923,72.7425521912255,4.913628252603729,0.4705,0,836.7026,
2026-09-08T03:47:52.742847+00:00,77.65618044382923,72.7425521912255,4.913628252603729,0.4658,0,836.7026,
2026-09-08T03:47:52.882710+00:00,77.65902871533378,72.73381680114173,4.925211914192047,0.729,0,836.7026,
2026-09-08T03:47:53.047137+00:00,77.65902871533378,72.73381680114173,4.925211914192047,0.7236,0,836.7026,
2026-09-08T03:47:53.184615+00:00,77.65902871533378,72.73381680114173,4.925211914192047,0.7183,0,836.7026,
2026-09-08T03:47:53.345007+00:00,77.65902871533378,72.73381680114173,4.925211914192047,0.713,0,836.7026,
2026-09-08T03:47:53.494741+00:00,77.65902871533378,72.73381680114173,4.925211914192047,0.7077,0,836.7026,
2026-09-08T03:47:53.643667+00:00,77.65902871533378,72.73381680114173,4.925211914192047,0.7024,0,836.7026,
2026-09-08T03:47:53.802787+00:00,77.66033840012824,72.72931602552877,4.931022374599465,0.8329,0,836.7026,
2026-09-08T03:47:53.963389+00:00,77.66033840012824,72.72931602552877,4.931022374599465,0.8272,0,836.7026,
2026-09-08T03:47:54.099888+00:00,77.66033840012824,72.72931602552877,4.931022374599465,0.8215,0,836.7026,
2026-09-08T03:47:54.270762+00:00,77.66033840012824,72.72931602552877,4.931022374599465,0.8159,0,836.7026,
2026-09-08T03:47:54.412128+00:00,77.66033840012824,72.72931602552877,4.931022374599465,0.8102,0,836.7026,
2026-09-08T03:47:54.562948+00:00,77.66033840012824,72.72931602552877,4.931022374599465,0.8046,0,836.7026,
2026-09-08T03:47:54.754675+00:00,77.66033840012824,72.72931602552877,4.931022374599465,0.7997,0,836.7026,
2026-09-08T03:47:54.894070+00:00,77.65726643013033,72.7450977876546,4.912168642475734,0.3447,0,836.7026,
2026-09-08T03:47:55.044974+00:00,77.65726643013033,72.7450977876546,4.912168642475734,0.3391,0,836.7026,
2026-09-08T03:47:55.196818+00:00,77.65726643013033,72.7450977876546,4.912168642475734,0.3334,0,836.7026,
2026-09-08T03:47:55.346971+00:00,77.65726643013033,72.7450977876546,4.912168642475734,0.3277,0,836.7026,
2026-09-08T03:47:55.498524+00:00,77.65726643013033,72.7450977876546,4.912168642475734,0.322,0,836.7026,
2026-09-08T03:47:55.655359+00:00,77.65726643013033,72.7450977876546,4.912168642475734,0.3163,0,836.7026,
2026-09-08T03:47:55.817678+00:00,77.65816607813038,72.74777293384307,4.910393144287312,0.2667,0,836.7026,
2026-09-08T03:47:55.964318+00:00,77.65816607813038,72.74777293384307,4.910393144287312,0.2611,0,836.7026,
2026-09-08T03:47:56.109530+00:00,77.65816607813038,72.74777293384307,4.910393144287312,0.2556,0,836.7026,
2026-09-08T03:47:56.264015+00:00,77.65816607813038,72.74777293384307,4.910393144287312,0.2499,0,836.7026,
2026-09-08T03:47:56.412992+00:00,77.65816607813038,72.74777293384307,4.910393144287312,0.2443,0,836.7026,
2026-09-08T03:47:56.596429+00:00,77.65816607813038,72.74777293384307,4.910393144287312,0.2386,0,836.7026,
2026-09-08T03:47:56.740611+00:00,77.65816607813038,72.74777293384307,4.910393144287312,0.2328,0,836.7026,
2026-09-08T03:47:56.892017+00:00,77.65893242166702,72.74532714650024,4.913605275166773,0.3102,0,836.7026,
2026-09-08T03:47:57.047911+00:00,77.65893242166702,72.74532714650024,4.913605275166773,0.3046,0,836.7026,
2026-09-08T03:47:57.186560+00:00,77.65893242166702,72.74532714650024,4.913605275166773,0.2989,0,836.7026,
2026-09-08T03:47:57.344717+00:00,77.65893242166702,72.74532714650024,4.913605275166773,0.2932,0,836.7026,
2026-09-08T03:47:57.484047+00:00,77.65893242166702,72.74532714650024,4.913605275166773,0.2874,0,836.7026,
2026-09-08T03:47:57.654715+00:00,77.65893242166702,72.74532714650024,4.913605275166773,0.2817,0,836.7026,
2026-09-08T03:47:57.797761+00:00,77.65822157562745,72.74664069350021,4.9115808821272395,0.2213,0,836.7026,
2026-09-08T03:47:57.951484+00:00,77.65822157562745,72.74664069350021,4.9115808821272395,0.2152,0,836.7026,
2026-09-08T03:47:58.095592+00:00,77.65822157562745,72.74664069350021,4.9115808821272395,0.2091,0,836.7026,
2026-09-08T03:47:58.249014+00:00,77.65822157562745,72.74664069350021,4.9115808821272395,0.2029,0,836.7026,
2026-09-08T03:47:58.403509+00:00,77.65822157562745,72.74664069350021,4.9115808821272395,0.1967,0,836.7026,
2026-09-08T03:47:58.560949+00:00,77.65822157562745,72.74664069350021,4.9115808821272395,0.1903,0,836.7026,
2026-09-08T03:47:58.722863+00:00,77.65822157562745,72.74664069350021,4.9115808821272395,0.1844,0,836.7026,
2026-09-08T03:47:58.861216+00:00,77.65581813254882,72.75069676374132,4.9051213688074995,-0.0043,0,836.7026,
2026-09-08T03:47:59.012512+00:00,77.65581813254882,72.75069676374132,4.9051213688074995,-0.0109,0,836.7026,
2026-09-08T03:47:59.172182+00:00,77.65581813254882,72.75069676374132,4.9051213688074995,-0.0176,0,836.7026,
2026-09-08T03:47:59.335206+00:00,77.65581813254882,72.75069676374132,4.9051213688074995,-0.0244,0,836.7026,
2026-09-08T03:47:59.481098+00:00,77.65581813254882,72.75069676374132,4.9051213688074995,-0.0313,0,836.7026,
2026-09-08T03:47:59.627288+00:00,77.65581813254882,72.75069676374132,4.9051213688074995,-0.039,0,836.7026,
2026-09-08T03:47:59.779759+00:00,77.65843943512799,72.75672513839812,4.901714296729864,-0.1475,0,836.7026,
2026-09-08T03:47:59.933371+00:00,77.65843943512799,72.75672513839812,4.901714296729864,-0.156,0,836.7026,
2026-09-08T03:48:00.093169+00:00,77.65843943512799,72.75672513839812,4.901714296729864,-0.1647,0,836.7026,
2026-09-08T03:48:00.246793+00:00,77.65843943512799,72.75672513839812,4.901714296729864,-0.1735,0,836.7026,
2026-09-08T03:48:00.384985+00:00,77.65843943512799,72.75672513839812,4.901714296729864,-0.1826,0,836.7026,
2026-09-08T03:48:00.548227+00:00,77.65843943512799,72.75672513839812,4.901714296729864,-0.1915,0,836.7026,
2026-09-08T03:48:00.684576+00:00,77.65843943512799,72.75672513839812,4.901714296729864,-0.2005,0,836.7026,
2026-09-08T03:48:00.843897+00:00,77.65854963833452,72.7665049956826,4.892044642651925,-0.5145,0,836.7026,
2026-09-08T03:48:00.999347+00:00,77.65854963833452,72.7665049956826,4.892044642651925,-0.5258,0,836.7026,
2026-09-08T03:48:01.145300+00:00,77.65854963833452,72.7665049956826,4.892044642651925,-0.5373,0,836.7026,
2026-09-08T03:48:01.296535+00:00,77.65854963833452,72.7665049956826,4.892044642651925,-0.5492,0,836.7026,
2026-09-08T03:48:01.451067+00:00,77.65854963833452,72.7665049956826,4.892044642651925,-0.5613,0,836.7026,
2026-09-08T03:48:01.598984+00:00,77.65854963833452,72.7665049956826,4.892044642651925,-0.5752,0,836.7026,
2026-09-08T03:48:01.746164+00:00,77.65854963833452,72.7665049956826,4.892044642651925,-0.5895,0,836.7026,
2026-09-08T03:48:01.943271+00:00,77.65830473710427,72.75005433067983,4.908250406424443,-0.0536,0,836.7026,
2026-09-08T03:48:02.102017+00:00,77.65830473710427,72.75005433067983,4.908250406424443,-0.0637,0,836.7026,
2026-09-08T03:48:02.244416+00:00,77.65830473710427,72.75005433067983,4.908250406424443,-0.0741,0,836.7026,
2026-09-08T03:48:02.410544+00:00,77.65830473710427,72.75005433067983,4.908250406424443,-0.0849,0,836.7026,
2026-09-08T03:48:02.548135+00:00,77.65830473710427,72.75005433067983,4.908250406424443,-0.0937,0,836.7026,
2026-09-08T03:48:02.704410+00:00,77.65830473710427,72.75005433067983,4.908250406424443,-0.1028,0,836.7026,
2026-09-08T03:48:02.864099+00:00,77.65759495172979,72.75335556364229,4.904239388087504,-0.2589,0,836.7026,
2026-09-08T03:48:03.003377+00:00,77.65759495172979,72.75335556364229,4.904239388087504,-0.2695,0,836.7026,
2026-09-08T03:48:03.164417+00:00,77.65759495172979,72.75335556364229,4.904239388087504,-0.2804,0,836.7026,
2026-09-08T03:48:03.322595+00:00,77.65759495172979,72.75335556364229,4.904239388087504,-0.2916,0,836.7026,
2026-09-08T03:48:03.469551+00:00,77.65759495172979,72.75335556364229,4.904239388087504,-0.3031,0,836.7026,
2026-09-08T03:48:03.633530+00:00,77.65759495172979,72.75335556364229,4.904239388087504,-0.311,0,836.7026,
2026-09-08T03:48:03.775504+00:00,77.65929679267059,72.75335319096301,4.905943601707577,-0.2528,0,836.7026,
2026-09-08T03:48:03.935773+00:00,77.65929679267059,72.75335319096301,4.905943601707577,-0.2608,0,836.7026,
2026-09-08T03:48:04.080307+00:00,77.65929679267059,72.75335319096301,4.905943601707577,-0.2689,0,836.7026,
2026-09-08T03:48:04.225939+00:00,77.65929679267059,72.75335319096301,4.905943601707577,-0.2771,0,836.7026,
2026-09-08T03:48:04.384290+00:00,77.65929679267059,72.75335319096301,4.905943601707577,-0.2855,0,836.7026,
2026-09-08T03:48:04.543423+00:00,77.65929679267059,72.75335319096301,4.905943601707577,-0.2942,0,836.7026,
2026-09-08T03:48:04.698089+00:00,77.65929679267059,72.75335319096301,4.905943601707577,-0.3032,0,836.7026,
2026-09-08T03:48:04.845301+00:00,77.65525819791596,72.75087277384165,4.904385424074306,-0.3762,0,836.7026,
2026-09-08T03:48:05.001437+00:00,77.65525819791596,72.75087277384165,4.904385424074306,-0.3859,0,836.7026,
2026-09-08T03:48:05.158639+00:00,77.65525819791596,72.75087277384165,4.904385424074306,-0.3957,0,836.7026,
2026-09-08T03:48:05.305584+00:00,77.65525819791596,72.75087277384165,4.904385424074306,-0.4058,0,836.7026,
2026-09-08T03:48:05.510725+00:00,77.65525819791596,72.75087277384165,4.904385424074306,-0.4161,0,836.7026,
2026-09-08T03:48:05.668232+00:00,77.65525819791596,72.75087277384165,4.904385424074306,-0.4271,0,836.7026,
2026-09-08T03:48:05.865525+00:00,77.65674718612024,72.75332617545378,4.903421010666463,-0.4802,0,836.7026,
2026-09-08T03:48:06.030109+00:00,77.65674718612024,72.75332617545378,4.903421010666463,-0.4921,0,836.7026,
2026-09-08T03:48:06.165657+00:00,77.65674718612024,72.75332617545378,4.903421010666463,-0.5042,0,836.7026,
2026-09-08T03:48:06.321319+00:00,77.65674718612024,72.75332617545378,4.903421010666463,-0.5168,0,836.7026,
2026-09-08T03:48:06.469793+00:00,77.65674718612024,72.75332617545378,4.903421010666463,-0.5297,0,836.7026,
2026-09-08T03:48:06.620530+00:00,77.65674718612024,72.75332617545378,4.903421010666463,-0.5346,0,836.7026,
2026-09-08T03:48:06.781089+00:00,77.65619353110534,72.75382962615042,4.902363904954925,-0.5876,0,836.7026,
2026-09-08T03:48:06.925090+00:00,77.65619353110534,72.75382962615042,4.902363904954925,-0.5926,0,836.7026,
2026-09-08T03:48:07.088671+00:00,77.65619353110534,72.75382962615042,4.902363904954925,-0.5975,0,836.7026,
2026-09-08T03:48:07.226920+00:00,77.65619353110534,72.75382962615042,4.902363904954925,-0.6026,0,836.7026,
2026-09-08T03:48:07.374919+00:00,77.65619353110534,72.75382962615042,4.902363904954925,-0.6076,0,836.7026,
2026-09-08T03:48:07.531796+00:00,77.65619353110534,72.75382962615042,4.902363904954925,-0.6118,0,836.7026,
2026-09-08T03:48:07.682827+00:00,77.65619353110534,72.75382962615042,4.902363904954925,-0.6159,0,836.7026,
2026-09-08T03:48:07.835780+00:00,77.65707962550687,72.74205862823173,4.9150209972751355,-0.0317,0,836.7026,
2026-09-08T03:48:07.985062+00:00,77.65707962550687,72.74205862823173,4.9150209972751355,-0.0363,0,836.7026,
2026-09-08T03:48:08.185385+00:00,77.65707962550687,72.74205862823173,4.9150209972751355,-0.041,0,836.7026,
2026-09-08T03:48:08.329052+00:00,77.65707962550687,72.74205862823173,4.9150209972751355,-0.0458,0,836.7026,
2026-09-08T03:48:08.482244+00:00,77.65707962550687,72.74205862823173,4.9150209972751355,-0.0505,0,836.7026,
2026-09-08T03:48:08.628477+00:00,77.65707962550687,72.74205862823173,4.9150209972751355,-0.0593,0,836.7026,
2026-09-08T03:48:08.787628+00:00,77.65686799126621,72.74244085287476,4.914427138391446,-0.0969,0,836.7026,
2026-09-08T03:48:08.983091+00:00,77.65686799126621,72.74244085287476,4.914427138391446,-0.1064,0,836.7026,
2026-09-08T03:48:09.125594+00:00,77.65686799126621,72.74244085287476,4.914427138391446,-0.1161,0,836.7026,
2026-09-08T03:48:09.273431+00:00,77.65686799126621,72.74244085287476,4.914427138391446,-0.126,0,836.7026,
2026-09-08T03:48:09.425525+00:00,77.65686799126621,72.74244085287476,4.914427138391446,-0.1363,0,836.7026,
2026-09-08T03:48:09.576346+00:00,77.65686799126621,72.74244085287476,4.914427138391446,-0.1426,0,836.7026,
2026-09-08T03:48:09.730158+00:00,77.65686799126621,72.74244085287476,4.914427138391446,-0.1491,0,836.7026,
2026-09-08T03:48:09.880613+00:00,77.65805162637987,72.75845405501383,4.899597571366044,-0.9156,0,836.7026,
2026-09-08T03:48:10.034250+00:00,77.65805162637987,72.75845405501383,4.899597571366044,-0.9227,0,836.7026,
2026-09-08T03:48:10.181970+00:00,77.65805162637987,72.75845405501383,4.899597571366044,-0.9299,0,836.7026,
2026-09-08T03:48:10.344453+00:00,77.65805162637987,72.75845405501383,4.899597571366044,-0.9373,0,836.7026,
2026-09-08T03:48:10.515866+00:00,77.65805162637987,72.75845405501383,4.899597571366044,-0.9447,0,836.7026,
2026-09-08T03:48:10.722743+00:00,77.65805162637987,72.75845405501383,4.899597571366044,-0.9539,0,836.7026,
2026-09-08T03:48:10.885091+00:00,77.65860549290443,72.75577894414539,4.9028265487590375,-0.7931,0,836.7026,
2026-09-08T03:48:11.063546+00:00,77.65860549290443,72.75577894414539,4.9028265487590375,-0.8026,0,836.7026,
2026-09-08T03:48:11.205927+00:00,77.65860549290443,72.75577894414539,4.9028265487590375,-0.8122,0,836.7026,
2026-09-08T03:48:11.361273+00:00,77.65860549290443,72.75577894414539,4.9028265487590375,-0.822,0,836.7026,
2026-09-08T03:48:11.509457+00:00,77.65860549290443,72.75577894414539,4.9028265487590375,-0.832,0,836.7026,
2026-09-08T03:48:11.666780+00:00,77.65860549290443,72.75577894414539,4.9028265487590375,-0.8375,0,836.7026,
2026-09-08T03:48:11.831136+00:00,77.66034839936324,72.75353450327673,4.906813896086518,-0.6258,0,836.7026,
2026-09-08T03:48:12.028147+00:00,77.66034839936324,72.75353450327673,4.906813896086518,-0.6317,0,836.7026,
2026-09-08T03:48:12.176874+00:00,77.66034839936324,72.75353450327673,4.906813896086518,-0.6377,0,836.7026,
2026-09-08T03:48:12.316518+00:00,77.66034839936324,72.75353450327673,4.906813896086518,-0.6437,0,836.7026,
2026-09-08T03:48:12.474661+00:00,77.66034839936324,72.75353450327673,4.906813896086518,-0.6498,0,836.7026,
2026-09-08T03:48:12.633533+00:00,77.66034839936324,72.75353450327673,4.906813896086518,-0.656,0,836.7026,
2026-09-08T03:48:12.806243+00:00,77.6613580327935,72.77063330169713,4.89072473109637,-1.5555,0,836.7026,
2026-09-08T03:48:12.947812+00:00,77.6613580327935,72.77063330169713,4.89072473109637,-1.5557,0,836.7026,
2026-09-08T03:48:13.099833+00:00,77.6613580327935,72.77063330169713,4.89072473109637,-1.5559,0,836.7026,
2026-09-08T03:48:13.283418+00:00,77.6613580327935,72.77063330169713,4.89072473109637,-1.5561,0,836.7026,
2026-09-08T03:48:13.422407+00:00,77.6613580327935,72.77063330169713,4.89072473109637,-1.5563,0,836.7026,
2026-09-08T03:48:13.582062+00:00,77.6613580327935,72.77063330169713,4.89072473109637,-1.5565,0,836.7026,
2026-09-08T03:48:13.725137+00:00,77.6613580327935,72.77063330169713,4.89072473109637,-1.552,0,836.7026,
2026-09-08T03:48:13.878351+00:00,77.66422322283901,72.76783462947847,4.896388593360541,-1.2348,0,836.7026,
2026-09-08T03:48:14.031509+00:00,77.66422322283901,72.76783462947847,4.896388593360541,-1.2338,0,836.7026,
2026-09-08T03:48:14.184714+00:00,77.66422322283901,72.76783462947847,4.896388593360541,-1.2328,0,836.7026,
2026-09-08T03:48:14.410970+00:00,77.66422322283901,72.76783462947847,4.896388593360541,-1.2318,0,836.7026,
2026-09-08T03:48:14.546060+00:00,77.66422322283901,72.76783462947847,4.896388593360541,-1.2308,0,836.7026,
2026-09-08T03:48:14.710116+00:00,77.66422322283901,72.76783462947847,4.896388593360541,-1.2297,0,836.7026,
2026-09-08T03:48:14.853466+00:00,77.66367036479251,72.76532472035656,4.898345644435949,-1.1161,0,836.7026,
2026-09-08T03:48:15.012231+00:00,77.66367036479251,72.76532472035656,4.898345644435949,-1.1113,0,836.7026,
2026-09-08T03:48:15.160026+00:00,77.66367036479251,72.76532472035656,4.898345644435949,-1.1066,0,836.7026,
2026-09-08T03:48:15.316565+00:00,77.66367036479251,72.76532472035656,4.898345644435949,-1.1019,0,836.7026,
2026-09-08T03:48:15.458626+00:00,77.66367036479251,72.76532472035656,4.898345644435949,-1.0973,0,836.7026,
2026-09-08T03:48:15.627083+00:00,77.66367036479251,72.76532472035656,4.898345644435949,-1.0926,0,836.7026,
2026-09-08T03:48:15.772232+00:00,77.66367036479251,72.76532472035656,4.898345644435949,-1.0891,0,836.7026,
2026-09-08T03:48:15.919662+00:00,77.66721691191961,72.75278986846742,4.914427043452193,-0.2066,0,836.7026,
2026-09-08T03:48:16.064636+00:00,77.66721691191961,72.75278986846742,4.914427043452193,-0.2077,0,836.7026,
2026-09-08T03:48:16.248264+00:00,77.66721691191961,72.75278986846742,4.914427043452193,-0.2089,0,836.7026,
2026-09-08T03:48:16.390555+00:00,77.66721691191961,72.75278986846742,4.914427043452193,-0.21,0,836.7026,
2026-09-08T03:48:16.544189+00:00,77.66721691191961,72.75278986846742,4.914427043452193,-0.2111,0,836.7026,
2026-09-08T03:48:16.687132+00:00,77.66721691191961,72.75278986846742,4.914427043452193,-0.2123,0,836.7026,
2026-09-08T03:48:16.851836+00:00,77.6621620857477,72.77671750956982,4.885444576177875,-1.7953,0,836.7026,
2026-09-08T03:48:17.022877+00:00,77.6621620857477,72.77671750956982,4.885444576177875,-1.7824,0,836.7026,
2026-09-08T03:48:17.162851+00:00,77.6621620857477,72.77671750956982,4.885444576177875,-1.7697,0,836.7026,
2026-09-08T03:48:17.362063+00:00,77.6621620857477,72.77671750956982,4.885444576177875,-1.7571,0,836.7026,
2026-09-08T03:48:17.510013+00:00,77.6621620857477,72.77671750956982,4.885444576177875,-1.7448,0,836.7026,
2026-09-08T03:48:17.654115+00:00,77.6621620857477,72.77671750956982,4.885444576177875,-1.7326,0,836.7026,
2026-09-08T03:48:17.813058+00:00,77.6621620857477,72.77671750956982,4.885444576177875,-1.7183,0,836.7026,
2026-09-08T03:48:17.989282+00:00,77.66450333176738,72.77581187584994,4.888691455917439,-1.5341,0,836.7026,
2026-09-08T03:48:18.135319+00:00,77.66450333176738,72.77581187584994,4.888691455917439,-1.523,0,836.7026,
2026-09-08T03:48:18.280414+00:00,77.66450333176738,72.77581187584994,4.888691455917439,-1.5121,0,836.7026,
2026-09-08T03:48:18.449073+00:00,77.66450333176738,72.77581187584994,4.888691455917439,-1.5013,0,836.7026,
2026-09-08T03:48:18.588559+00:00,77.66450333176738,72.77581187584994,4.888691455917439,-1.4906,0,836.7026,
2026-09-08T03:48:18.744023+00:00,77.66450333176738,72.77581187584994,4.888691455917439,-1.4812,0,836.7026,
2026-09-08T03:48:18.900475+00:00,77.66466407526346,72.78534947889628,4.8793145963671805,-1.9513,0,836.7026,
2026-09-08T03:48:19.043368+00:00,77.66466407526346,72.78534947889628,4.8793145963671805,-1.9336,0,836.7026,
2026-09-08T03:48:19.193666+00:00,77.66466407526346,72.78534947889628,4.8793145963671805,-1.9163,0,836.7026,
2026-09-08T03:48:19.387109+00:00,77.66466407526346,72.78534947889628,4.8793145963671805,-1.8993,0,836.7026,
2026-09-08T03:48:19.525494+00:00,77.66466407526346,72.78534947889628,4.8793145963671805,-1.8827,0,836.7026,
2026-09-08T03:48:19.733661+00:00,77.66466407526346,72.78534947889628,4.8793145963671805,-1.8663,0,836.7026,
2026-09-08T03:48:19.876638+00:00,77.66526209418187,72.77295391279743,4.892308181384436,-1.2075,0,836.7026,
2026-09-08T03:48:20.049701+00:00,77.66526209418187,72.77295391279743,4.892308181384436,-1.201,0,836.7026,
2026-09-08T03:48:20.197037+00:00,77.66526209418187,72.77295391279743,4.892308181384436,-1.1946,0,836.7026,
2026-09-08T03:48:20.362985+00:00,77.66526209418187,72.77295391279743,4.892308181384436,-1.1882,0,836.7026,
2026-09-08T03:48:20.501962+00:00,77.66526209418187,72.77295391279743,4.892308181384436,-1.1819,0,836.7026,
2026-09-08T03:48:20.660144+00:00,77.66526209418187,72.77295391279743,4.892308181384436,-1.1756,0,836.7026,
2026-09-08T03:48:20.849629+00:00,77.66353851334223,72.78831131066308,4.875227202679156,-2.0,0,836.7026,
2026-09-08T03:48:20.999219+00:00,77.66353851334223,72.78831131066308,4.875227202679156,-1.9795,0,836.7026,
2026-09-08T03:48:21.161136+00:00,77.66353851334223,72.78831131066308,4.875227202679156,-1.9594,0,836.7026,
2026-09-08T03:48:21.356428+00:00,77.66353851334223,72.78831131066308,4.875227202679156,-1.9398,0,836.7026,
2026-09-08T03:48:21.496081+00:00,77.66353851334223,72.78831131066308,4.875227202679156,-1.9205,0,836.7026,
2026-09-08T03:48:21.647077+00:00,77.66353851334223,72.78831131066308,4.875227202679156,-1.9017,0,836.7026,
2026-09-08T03:48:21.805504+00:00,77.66353851334223,72.78831131066308,4.875227202679156,-1.8833,0,836.7026,
2026-09-08T03:48:21.953574+00:00,77.66441081929179,72.78410988716449,4.880300932127298,-1.6282,0,836.7026,
2026-09-08T03:48:22.103353+00:00,77.66441081929179,72.78410988716449,4.880300932127298,-1.6147,0,836.7026,
2026-09-08T03:48:22.259043+00:00,77.66441081929179,72.78410988716449,4.880300932127298,-1.6014,0,836.7026,
2026-09-08T03:48:22.404746+00:00,77.66441081929179,72.78410988716449,4.880300932127298,-1.5883,0,836.7026,
2026-09-08T03:48:22.579907+00:00,77.66441081929179,72.78410988716449,4.880300932127298,-1.5754,0,836.7026,
2026-09-08T03:48:22.727525+00:00,77.66441081929179,72.78410988716449,4.880300932127298,-1.5627,0,836.7026,
2026-09-08T03:48:22.879612+00:00,77.66352528226159,72.78515675076456,4.878368531497031,-1.6389,0,836.7026,
2026-09-08T03:48:23.015968+00:00,77.66352528226159,72.78515675076456,4.878368531497031,-1.6255,0,836.7026,
2026-09-08T03:48:23.180297+00:00,77.66352528226159,72.78515675076456,4.878368531497031,-1.6123,0,836.7026,
2026-09-08T03:48:23.323735+00:00,77.66352528226159,72.78515675076456,4.878368531497031,-1.5992,0,836.7026,
2026-09-08T03:48:23.477659+00:00,77.66352528226159,72.78515675076456,4.878368531497031,-1.5864,0,836.7026,
2026-09-08T03:48:23.643275+00:00,77.66352528226159,72.78515675076456,4.878368531497031,-1.5738,0,836.7026,
2026-09-08T03:48:23.784894+00:00,77.66352528226159,72.78515675076456,4.878368531497031,-1.5613,0,836.7026,
2026-09-08T03:48:24.031845+00:00,77.66234690356715,72.78973810209283,4.872608801474328,-1.8046,0,836.7026,
2026-09-08T03:48:24.174117+00:00,77.66234690356715,72.78973810209283,4.872608801474328,-1.7881,0,836.7026,
2026-09-08T03:48:24.364166+00:00,77.66234690356715,72.78973810209283,4.872608801474328,-1.7719,0,836.7026,
2026-09-08T03:48:24.503472+00:00,77.66234690356715,72.78973810209283,4.872608801474328,-1.7559,0,836.7026,
2026-09-08T03:48:24.654253+00:00,77.66234690356715,72.78973810209283,4.872608801474328,-1.7403,0,836.7026,
2026-09-08T03:48:24.810626+00:00,77.66234690356715,72.78973810209283,4.872608801474328,-1.725,0,836.7026,
2026-09-08T03:48:24.956891+00:00,77.66114286352604,72.81176872907395,4.849374134452091,-2.7006,0,836.7026,
2026-09-08T03:48:25.118004+00:00,77.66114286352604,72.81176872907395,4.849374134452091,-2.6593,0,836.7026,
2026-09-08T03:48:25.272167+00:00,77.66114286352604,72.81176872907395,4.849374134452091,-2.6195,0,836.7026,
2026-09-08T03:48:25.418385+00:00,77.66114286352604,72.81176872907395,4.849374134452091,-2.5812,0,836.7026,
2026-09-08T03:48:25.562176+00:00,77.66114286352604,72.81176872907395,4.849374134452091,-2.5442,0,836.7026,
2026-09-08T03:48:25.713114+00:00,77.66114286352604,72.81176872907395,4.849374134452091,-2.5085,0,836.7026,
2026-09-08T03:48:25.868214+00:00,77.66123695657865,72.79318593258797,4.868051023990674,-1.7287,0,836.7026,
2026-09-08T03:48:26.032103+00:00,77.66123695657865,72.79318593258797,4.868051023990674,-1.7136,0,836.7026,
2026-09-08T03:48:26.175946+00:00,77.66123695657865,72.79318593258797,4.868051023990674,-1.6988,0,836.7026,
2026-09-08T03:48:26.345391+00:00,77.66123695657865,72.79318593258797,4.868051023990674,-1.6843,0,836.7026,
2026-09-08T03:48:26.506095+00:00,77.66123695657865,72.79318593258797,4.868051023990674,-1.67,0,836.7026,
2026-09-08T03:48:26.683419+00:00,77.66123695657865,72.79318593258797,4.868051023990674,-1.6559,0,836.7026,
2026-09-08T03:48:27.329011+00:00,77.66123695657865,72.79318593258797,4.868051023990674,-1.6422,0,836.7026,
2026-09-08T03:48:27.466874+00:00,77.66053481207852,72.80067808279807,4.859856729280452,-1.9482,0,836.7026,
2026-09-08T03:48:27.625773+00:00,77.66053481207852,72.80067808279807,4.859856729280452,-1.9293,0,836.7026,
2026-09-08T03:48:27.770205+00:00,77.66053481207852,72.80067808279807,4.859856729280452,-1.9108,0,836.7026,
2026-09-08T03:48:27.930237+00:00,77.6594128413858,72.78344925070049,4.875963590685316,-1.2716,0,836.7026,
2026-09-08T03:48:28.158977+00:00,77.6594128413858,72.78344925070049,4.875963590685316,-1.2627,0,836.7026,
2026-09-08T03:48:28.300218+00:00,77.6594128413858,72.78344925070049,4.875963590685316,-1.2539,0,836.7026,
2026-09-08T03:48:28.483314+00:00,77.6594128413858,72.78344925070049,4.875963590685316,-1.2461,0,836.7026,
2026-09-08T03:48:28.620309+00:00,77.6594128413858,72.78344925070049,4.875963590685316,-1.2384,0,836.7026,
2026-09-08T03:48:28.829334+00:00,77.6594128413858,72.78344925070049,4.875963590685316,-1.2307,0,836.7026,
2026-09-08T03:48:28.969546+00:00,77.66211427600024,72.7861467848539,4.875967491146341,-1.223,0,836.7026,
2026-09-08T03:48:29.116516+00:00,77.66211427600024,72.7861467848539,4.875967491146341,-1.2156,0,836.7026,
2026-09-08T03:48:29.272101+00:00,77.66211427600024,72.7861467848539,4.875967491146341,-1.2082,0,836.7026,
2026-09-08T03:48:29.424029+00:00,77.66211427600024,72.7861467848539,4.875967491146341,-1.2023,0,836.7026,
2026-09-08T03:48:29.599607+00:00,77.66211427600024,72.7861467848539,4.875967491146341,-1.1965,0,836.7026,
2026-09-08T03:48:29.737961+00:00,77.66211427600024,72.7861467848539,4.875967491146341,-1.1908,0,836.7026,
2026-09-08T03:48:29.903307+00:00,77.66278456452486,72.79714198437735,4.865642580147508,-1.5928,0,836.7026,
2026-09-08T03:48:30.044564+00:00,77.66278456452486,72.79714198437735,4.865642580147508,-1.5847,0,836.7026,
2026-09-08T03:48:30.205036+00:00,77.66278456452486,72.79714198437735,4.865642580147508,-1.5768,0,836.7026,
2026-09-08T03:48:30.348920+00:00,77.66278456452486,72.79714198437735,4.865642580147508,-1.5692,0,836.7026,
2026-09-08T03:48:30.492265+00:00,77.66278456452486,72.79714198437735,4.865642580147508,-1.5666,0,836.7026,
2026-09-08T03:48:30.650998+00:00,77.66278456452486,72.79714198437735,4.865642580147508,-1.5643,0,836.7026,
2026-09-08T03:48:30.794436+00:00,77.66278456452486,72.79714198437735,4.865642580147508,-1.5625,0,836.7026,
2026-09-08T03:48:30.947242+00:00,77.66534327318752,72.80111561889598,4.86422765429154,-1.6189,0,836.7026,
2026-09-08T03:48:31.103768+00:00,77.66534327318752,72.80111561889598,4.86422765429154,-1.6176,0,836.7026,
2026-09-08T03:48:31.254188+00:00,77.66534327318752,72.80111561889598,4.86422765429154,-1.6167,0,836.7026,
2026-09-08T03:48:31.409505+00:00,77.66534327318752,72.80111561889598,4.86422765429154,-1.618,0,836.7026,
2026-09-08T03:48:31.560761+00:00,77.66534327318752,72.80111561889598,4.86422765429154,-1.6198,0,836.7026,
2026-09-08T03:48:32.168693+00:00,77.66534327318752,72.80111561889598,4.86422765429154,-1.6222,0,836.7026,
2026-09-08T03:48:32.307433+00:00,77.66648500378606,72.81065169206009,4.8558333117259735,-1.9886,0,836.7026,
2026-09-08T03:48:32.480720+00:00,77.66648500378606,72.81065169206009,4.8558333117259735,-1.9912,0,836.7026,
2026-09-08T03:48:32.660625+00:00,77.66648500378606,72.81065169206009,4.8558333117259735,-1.9945,0,836.7026,
2026-09-08T03:48:32.810003+00:00,77.66648500378606,72.81065169206009,4.8558333117259735,-1.9844,0,836.7026,
2026-09-08T03:48:32.956060+00:00,77.66613052458476,72.81767681897377,4.848453705610993,-2.2997,0,836.7026,
2026-09-08T03:48:33.128333+00:00,77.66613052458476,72.81767681897377,4.848453705610993,-2.2846,0,836.7026,
2026-09-08T03:48:33.271305+00:00,77.66613052458476,72.81767681897377,4.848453705610993,-2.2701,0,836.7026,
2026-09-08T03:48:33.421148+00:00,77.66613052458476,72.81767681897377,4.848453705610993,-2.2561,0,836.7026,
2026-09-08T03:48:33.577074+00:00,77.66613052458476,72.81767681897377,4.848453705610993,-2.2426,0,836.7026,
2026-09-08T03:48:33.717763+00:00,77.66613052458476,72.81767681897377,4.848453705610993,-2.2243,0,836.7026,
2026-09-08T03:48:33.878824+00:00,77.66613052458476,72.81767681897377,4.848453705610993,-2.2065,0,836.7026,
2026-09-08T03:48:34.027266+00:00,77.66639693742542,72.81385611573423,4.852540821691193,-2.0097,0,836.7026,
2026-09-08T03:48:34.212872+00:00,77.66639693742542,72.81385611573423,4.852540821691193,-1.9963,0,836.7026,
2026-09-08T03:48:34.393957+00:00,77.66639693742542,72.81385611573423,4.852540821691193,-1.9831,0,836.7026,
2026-09-08T03:48:34.575469+00:00,77.66639693742542,72.81385611573423,4.852540821691193,-1.9704,0,836.7026,
2026-09-08T03:48:34.712804+00:00,77.66639693742542,72.81385611573423,4.852540821691193,-1.9579,0,836.7026,
2026-09-08T03:48:34.926045+00:00,77.66867669681758,72.81095136370023,4.857725333117358,-1.717,0,836.7026,
2026-09-08T03:48:35.064634+00:00,77.66867669681758,72.81095136370023,4.857725333117358,-1.7084,0,836.7026,
2026-09-08T03:48:35.214544+00:00,77.66867669681758,72.81095136370023,4.857725333117358,-1.7001,0,836.7026,
2026-09-08T03:48:35.377365+00:00,77.66867669681758,72.81095136370023,4.857725333117358,-1.692,0,836.7026,
2026-09-08T03:48:35.517519+00:00,77.66867669681758,72.81095136370023,4.857725333117358,-1.6842,0,836.7026,
2026-09-08T03:48:35.679082+00:00,77.66867669681758,72.81095136370023,4.857725333117358,-1.6766,0,836.7026,
2026-09-08T03:48:35.824718+00:00,77.66867669681758,72.81095136370023,4.857725333117358,-1.665,0,836.7026,
2026-09-08T03:48:35.982401+00:00,77.66539915948012,72.81211340508817,4.853285754391948,-1.8525,0,836.7026,
2026-09-08T03:48:36.130030+00:00,77.66539915948012,72.81211340508817,4.853285754391948,-1.8385,0,836.7026,
2026-09-08T03:48:36.281986+00:00,77.66539915948012,72.81211340508817,4.853285754391948,-1.8247,0,836.7026,
2026-09-08T03:48:36.443999+00:00,77.66539915948012,72.81211340508817,4.853285754391948,-1.8112,0,836.7026,
2026-09-08T03:48:36.579648+00:00,77.66539915948012,72.81211340508817,4.853285754391948,-1.798,0,836.7026,
2026-09-08T03:48:36.735979+00:00,77.66539915948012,72.81211340508817,4.853285754391948,-1.785,0,836.7026,
2026-09-08T03:48:36.890716+00:00,77.66539915948012,72.81211340508817,4.853285754391948,-1.7696,0,836.7026,
2026-09-08T03:48:37.065909+00:00,77.66893672605839,72.81718197034743,4.851754755710957,-1.8222,0,836.7026,
2026-09-08T03:48:37.203297+00:00,77.66893672605839,72.81718197034743,4.851754755710957,-1.8061,0,836.7026,
2026-09-08T03:48:37.356093+00:00,77.66893672605839,72.81718197034743,4.851754755710957,-1.7904,0,836.7026,
2026-09-08T03:48:37.507634+00:00,77.66893672605839,72.81718197034743,4.851754755710957,-1.775,0,836.7026,
2026-09-08T03:48:37.660322+00:00,77.66893672605839,72.81718197034743,4.851754755710957,-1.7598,0,836.7026,
2026-09-08T03:48:37.813691+00:00,77.66893672605839,72.81718197034743,4.851754755710957,-1.7457,0,836.7026,
2026-09-08T03:48:37.963072+00:00,77.75219218381656,72.75317680930311,4.999015374513448,4.5888,0,836.7026,
2026-09-08T03:48:38.272787+00:00,77.96572820791019,72.53964078520949,5.426087422700704,13.7806,-1,836.7026,sell 5x BTC-MINI; buy 5x ETH-MINI
2026-09-08T03:48:38.417188+00:00,78.32352952607883,72.18183946704085,6.141690059037984,15.2351,-1,818.7306316036138,
2026-09-08T03:48:38.561906+00:00,78.50416617044223,72.00120282267744,6.502963347764791,12.9657,-1,816.9355811017904,
2026-09-08T03:48:38.714124+00:00,78.69299368509067,71.812375308029,6.880618377061666,11.7331,-1,815.0121123927984,
2026-09-08T03:48:38.883402+00:00,78.90562640079273,71.59974259232695,7.305883808465779,10.9817,-1,812.9137934583578,
2026-09-08T03:48:39.023301+00:00,79.07943140754246,71.42915020267665,7.650281204865806,10.1426,-1,811.1846539189846,
2026-09-08T03:48:39.170871+00:00,79.26797848233723,71.24060312788188,8.027375354455344,9.5803,-1,809.2986914327175,
2026-09-08T03:48:39.325415+00:00,79.45719014892124,71.05139146129787,8.405798687623374,9.1095,-1,807.4154171159298,
2026-09-08T03:48:39.480856+00:00,79.6508557725861,70.85772583763301,8.793129934953086,8.7187,-1,805.4775926282437,
2026-09-08T03:48:39.625863+00:00,79.83226221093678,70.67631939928233,9.155942811654441,8.3343,-1,803.6383452823193,
2026-09-08T03:48:39.785564+00:00,80.03306370267414,70.47551790754497,9.557545795129172,8.0559,-1,801.647758763078,
2026-09-08T03:48:39.936380+00:00,80.17443178337412,70.33793303610513,9.83649874726899,7.6421,-1,800.2671262636551,
2026-09-08T03:48:40.087128+00:00,80.17443178337412,70.33793303610513,9.83649874726899,6.9702,-1,800.2671262636551,
2026-09-08T03:48:40.246889+00:00,80.17443178337412,70.33793303610513,9.83649874726899,6.446,-1,800.2671262636551,
2026-09-08T03:48:40.388994+00:00,80.17443178337412,70.33793303610513,9.83649874726899,6.0221,-1,800.2671262636551,
2026-09-08T03:48:40.547971+00:00,80.17443178337412,70.33793303610513,9.83649874726899,5.6699,-1,800.2671262636551,
2026-09-08T03:48:40.714100+00:00,80.17443178337412,70.33793303610513,9.83649874726899,5.3712,-1,800.2671262636551,
2026-09-08T03:48:40.888673+00:00,80.17443178337412,70.33793303610513,9.83649874726899,5.1136,-1,800.2671262636551,
2026-09-08T03:48:41.040650+00:00,80.17185958118799,70.34287515892836,9.828984422259623,4.8812,-1,800.3046978887019,
2026-09-08T03:48:41.185032+00:00,80.17185958118799,70.34287515892836,9.828984422259623,4.6828,-1,800.3046978887019,
2026-09-08T03:48:41.340908+00:00,80.17185958118799,70.34287515892836,9.828984422259623,4.5056,-1,800.3046978887019,
2026-09-08T03:48:41.477922+00:00,80.17185958118799,70.34287515892836,9.828984422259623,4.3461,-1,800.3046978887019,
2026-09-08T03:48:41.683802+00:00,80.17185958118799,70.34287515892836,9.828984422259623,4.2014,-1,800.3046978887019,
2026-09-08T03:48:41.823667+00:00,80.17185958118799,70.34287515892836,9.828984422259623,4.0694,-1,800.3046978887019,
2026-09-08T03:48:41.993389+00:00,80.17133853127096,70.34797628727864,9.823362243992321,3.9437,-1,800.3328087800384,
2026-09-08T03:48:42.131902+00:00,80.17133853127096,70.34797628727864,9.823362243992321,3.8324,-1,800.3328087800384,
2026-09-08T03:48:42.284760+00:00,80.17133853127096,70.34797628727864,9.823362243992321,3.7293,-1,800.3328087800384,
2026-09-08T03:48:42.443189+00:00,80.17133853127096,70.34797628727864,9.823362243992321,3.6335,-1,800.3328087800384,
2026-09-08T03:48:42.620565+00:00,80.17133853127096,70.34797628727864,9.823362243992321,3.544,-1,800.3328087800384,
2026-09-08T03:48:42.756425+00:00,80.17133853127096,70.34797628727864,9.823362243992321,3.4603,-1,800.3328087800384,
2026-09-08T03:48:42.919206+00:00,80.17133853127096,70.34797628727864,9.823362243992321,3.3817,-1,800.3328087800384,
2026-09-08T03:48:43.064664+00:00,80.17304643722089,70.33892193674063,9.834124500480257,3.3153,-1,800.2789974975988,
2026-09-08T03:48:43.215247+00:00,80.17304643722089,70.33892193674063,9.834124500480257,3.2451,-1,800.2789974975988,
2026-09-08T03:48:43.372513+00:00,80.17304643722089,70.33892193674063,9.834124500480257,3.1786,-1,800.2789974975988,
2026-09-08T03:48:43.534382+00:00,80.17304643722089,70.33892193674063,9.834124500480257,3.1157,-1,800.2789974975988,
2026-09-08T03:48:43.677558+00:00,80.17304643722089,70.33892193674063,9.834124500480257,3.0559,-1,800.2789974975988,
2026-09-08T03:48:43.825742+00:00,80.17304643722089,70.33892193674063,9.834124500480257,2.999,-1,800.2789974975988,
2026-09-08T03:48:43.989860+00:00,80.1715821622308,70.33985134032282,9.831730821907982,2.9433,-1,800.29096589046,
2026-09-08T03:48:44.127398+00:00,80.1715821622308,70.33985134032282,9.831730821907982,2.8916,-1,800.29096589046,
2026-09-08T03:48:44.284978+00:00,80.1715821622308,70.33985134032282,9.831730821907982,2.8422,-1,800.29096589046,
2026-09-08T03:48:44.437120+00:00,80.1715821622308,70.33985134032282,9.831730821907982,2.7949,-1,800.29096589046,
2026-09-08T03:48:44.614059+00:00,80.1715821622308,70.33985134032282,9.831730821907982,2.7495,-1,800.29096589046,
2026-09-08T03:48:44.750694+00:00,80.1715821622308,70.33985134032282,9.831730821907982,2.706,-1,800.29096589046,
2026-09-08T03:48:44.901315+00:00,80.1715821622308,70.33985134032282,9.831730821907982,2.6642,-1,800.29096589046,
2026-09-08T03:48:45.054449+00:00,80.17494530156864,70.34663665871584,9.828308642852804,2.6219,-1,800.3080767857359,
2026-09-08T03:48:45.205466+00:00,80.17494530156864,70.34663665871584,9.828308642852804,2.5832,-1,800.3080767857359,
2026-09-08T03:48:45.358231+00:00,80.17494530156864,70.34663665871584,9.828308642852804,2.5459,-1,800.3080767857359,
2026-09-08T03:48:45.513168+00:00,80.17494530156864,70.34663665871584,9.828308642852804,2.5099,-1,800.3080767857359,
2026-09-08T03:48:45.664914+00:00,80.17494530156864,70.34663665871584,9.828308642852804,2.4751,-1,800.3080767857359,
2026-09-08T03:48:45.814878+00:00,80.17494530156864,70.34663665871584,9.828308642852804,2.4415,-1,800.3080767857359,
2026-09-08T03:48:45.962383+00:00,80.17547729875928,70.34077879022246,9.834698508536817,2.4125,-1,800.2761274573159,
2026-09-08T03:48:46.118324+00:00,80.17547729875928,70.34077879022246,9.834698508536817,2.3809,-1,800.2761274573159,
2026-09-08T03:48:46.268681+00:00,80.17547729875928,70.34077879022246,9.834698508536817,2.3502,-1,800.2761274573159,
2026-09-08T03:48:46.412677+00:00,80.17547729875928,70.34077879022246,9.834698508536817,2.3205,-1,800.2761274573159,
2026-09-08T03:48:46.570893+00:00,80.17547729875928,70.34077879022246,9.834698508536817,2.2917,-1,800.2761274573159,
2026-09-08T03:48:46.715597+00:00,80.17547729875928,70.34077879022246,9.834698508536817,2.2637,-1,800.2761274573159,
2026-09-08T03:48:46.868550+00:00,80.17547729875928,70.34077879022246,9.834698508536817,2.2364,-1,800.2761274573159,
2026-09-08T03:48:47.017802+00:00,80.17481834018338,70.33624532710148,9.838573013081898,2.212,-1,800.2567549345905,
2026-09-08T03:48:47.169300+00:00,80.17481834018338,70.33624532710148,9.838573013081898,2.1862,-1,800.2567549345905,
2026-09-08T03:48:47.322011+00:00,80.17481834018338,70.33624532710148,9.838573013081898,2.1611,-1,800.2567549345905,
2026-09-08T03:48:47.549184+00:00,80.17481834018338,70.33624532710148,9.838573013081898,2.1366,-1,800.2567549345905,
2026-09-08T03:48:47.710840+00:00,80.17481834018338,70.33624532710148,9.838573013081898,2.1128,-1,800.2567549345905,
2026-09-08T03:48:47.883756+00:00,80.17481834018338,70.33624532710148,9.838573013081898,2.0895,-1,800.2567549345905,
2026-09-08T03:48:48.044543+00:00,80.12468796177086,70.38551355029503,9.73917441147583,2.0161,-1,800.7556910540405,
2026-09-08T03:48:48.232485+00:00,80.05197370112458,70.45822781094131,9.593745890183271,1.9212,-1,801.4822205841571,
2026-09-08T03:48:48.369852+00:00,80.00326529631108,70.5069362157548,9.49632908055628,1.853,-1,801.9715304400269,
2026-09-08T03:48:48.519671+00:00,79.94976927613024,70.56043223593565,9.38933704019459,1.7816,-1,802.5045543423751,
2026-09-08T03:48:48.670503+00:00,79.89471663807635,70.61548487398954,9.279231764086802,1.7102,-1,803.046319691627,
2026-09-08T03:48:48.825482+00:00,79.84162609977898,70.66857541228691,9.173050687492065,1.6422,-1,803.5874396077254,
2026-09-08T03:48:48.982236+00:00,79.78360971851652,70.71295520596834,9.070654512548174,1.5773,-1,804.0998011006764,
2026-09-08T03:48:49.129414+00:00,79.73137876434629,70.76518616013857,8.96619260420772,1.5126,-1,804.6225661921637,
2026-09-08T03:48:49.282413+00:00,79.67649744707138,70.82006747741347,8.85642996965791,1.4463,-1,805.1678022347313,
2026-09-08T03:48:49.454222+00:00,79.61501985405816,70.8815450704267,8.733474783631465,1.3745,-1,805.7852441954749,
2026-09-08T03:48:49.598735+00:00,79.56488476949723,70.93168015498763,8.633204614509594,1.3149,-1,806.2823264970234,
2026-09-08T03:48:49.749532+00:00,79.51252634653667,70.98403857794818,8.52848776858849,1.2539,-1,806.8131629089083,
2026-09-08T03:48:49.902381+00:00,79.455942550308,71.04062237417686,8.415320176131132,1.1895,-1,807.3726929967879,
2026-09-08T03:48:50.045570+00:00,79.40647044497652,71.0895607132723,8.316909731704214,1.133,-1,807.8688477214729,
2026-09-08T03:48:50.197948+00:00,79.35154765989876,71.14448349835007,8.207064161548686,1.0715,-1,808.4174505749754,
2026-09-08T03:48:50.346260+00:00,79.29857633089092,71.1974548273579,8.101121503533022,1.0125,-1,808.9474942450847,
2026-09-08T03:48:50.502543+00:00,79.24434802507427,71.25168313317455,7.992664891899722,0.9528,-1,809.4905027769275,
2026-09-08T03:48:50.668001+00:00,79.1841956136134,71.31183554463543,7.872360068977969,0.8877,-1,810.0901612661548,
2026-09-08T03:48:50.803706+00:00,79.13489422773388,71.36113693051495,7.7737572972189355,0.8337,-1,810.5828200515663,
2026-09-08T03:48:50.969706+00:00,79.07476122334484,71.42534827264527,7.6494129506995705,0.7675,-1,811.2071456556448,
2026-09-08T03:48:51.116070+00:00,79.02063441572328,71.47947508026682,7.541159335456456,0.7095,-1,811.7435721317147,
2026-09-08T03:48:51.264994+00:00,78.96703034083642,71.53307915515369,7.43395118568273,0.6523,-1,812.2828068380484,
2026-09-08T03:48:51.433478+00:00,78.90763882524085,71.59247067074925,7.315168154491602,0.5897,-1,812.8807052872648,
2026-09-08T03:48:51.570727+00:00,78.85826966036527,71.64183983562484,7.21642982474043,0.5372,-1,813.3748916545724,
2026-09-08T03:48:51.730821+00:00,78.80142283735414,71.69868665863596,7.102736178718175,0.4776,-1,813.9392693030621,
2026-09-08T03:48:51.880365+00:00,78.74652908825333,71.75358040773678,6.992948680516548,0.42,-1,814.4747020845541,
2026-09-08T03:48:52.031364+00:00,78.69404699599217,71.80840915028816,6.885637845704011,0.3639,-1,815.0276884076864,
2026-09-08T03:48:52.210862+00:00,78.64180531298588,71.86065083329444,6.781154479691438,0.3093,-1,815.555549696302,
2026-09-08T03:48:52.496504+00:00,78.58016108241577,71.92229506386455,6.657866018551218,0.2456,0,816.1618626183711,buy 5x BTC-MINI; sell 5x ETH-MINI
2026-09-08T03:48:52.635143+00:00,78.47861668603952,72.02465199160001,6.453964694439506,0.1423,0,815.2960882290431,
2026-09-08T03:48:52.805735+00:00,78.42797343729991,72.07836693112617,6.349606506173743,0.0883,0,815.5649426427568,
2026-09-08T03:48:53.013543+00:00,78.35587278811134,72.15566297452419,6.200209813587151,0.0122,0,815.9511069551296,
2026-09-08T03:48:53.156356+00:00,78.3053332614104,72.20926790090599,6.0960653605044115,-0.0415,0,816.2188348410571,
2026-09-08T03:48:53.316031+00:00,78.25361321413783,72.26412495057552,5.989488263562308,-0.0962,0,816.4956511580704,
2026-09-08T03:48:53.465261+00:00,78.19993874501446,72.32105496464085,5.878883780373613,-0.1528,0,816.7782193233046,
2026-09-08T03:48:53.605262+00:00,78.1536554345084,72.37014552037685,5.7835099141315425,-0.2017,0,817.0227737748382,
2026-09-08T03:48:53.796218+00:00,78.08893087537753,72.43879585119285,5.650135024184678,-0.2694,0,817.3666146634066,
2026-09-08T03:48:53.949252+00:00,78.0400811350651,72.49395244173375,5.54612869333134,-0.3223,0,817.6424470028169,
2026-09-08T03:48:54.087018+00:00,77.99141679364207,72.54556844626889,5.445848347373186,-0.3733,0,817.901849822859,
2026-09-08T03:48:54.235097+00:00,77.94053792246945,72.59953329955563,5.341004622913815,-0.4263,0,818.1704011043794,
2026-09-08T03:48:54.401878+00:00,77.88909620670465,72.65409513593454,5.23500107077011,-0.4798,0,818.4533200855227,
2026-09-08T03:48:54.591760+00:00,77.82228949989982,72.72495390398896,5.097335595910863,-0.5488,0,818.7964904218373,
2026-09-08T03:48:54.735413+00:00,77.77446962606558,72.77567422101211,4.998795405053471,-0.5981,0,819.0492273138564,
2026-09-08T03:48:54.881955+00:00,77.72440728496666,72.82877301881027,4.895634266156392,-0.6495,0,819.3169598830059,
2026-09-08T03:48:55.035957+00:00,77.72272995694236,72.8216864276237,4.901043529318656,-0.6468,0,819.2792121381185,
2026-09-08T03:48:55.185523+00:00,77.72576398387244,72.8216864276237,4.904077556248737,-0.6453,0,819.2792121381185,
2026-09-08T03:48:55.370084+00:00,77.72946875368905,72.8216864276237,4.907782326065345,-0.6435,0,819.2792121381185,
2026-09-08T03:48:55.511416+00:00,77.73246463957354,72.8216864276237,4.910778211949832,-0.642,0,819.2792121381185,
2026-09-08T03:48:55.664165+00:00,77.73545748702928,72.8216864276237,4.913771059405576,-0.6405,0,819.2792121381185,
2026-09-08T03:48:55.818257+00:00,77.7386353329205,72.8216864276237,4.916948905296792,-0.639,0,819.2792121381185,
2026-09-08T03:48:55.970686+00:00,77.74430675386708,72.83037222646423,4.913934527402844,-0.6405,0,819.3226411323212,
2026-09-08T03:48:56.115170+00:00,77.74733467472399,72.83037222646423,4.916962448259753,-0.639,0,819.3226411323212,
2026-09-08T03:48:56.276986+00:00,77.75060912706796,72.83037222646423,4.920236900603726,-0.6374,0,819.3226411323212,
2026-09-08T03:48:56.422328+00:00,77.75353628310967,72.83037222646423,4.923164056645433,-0.6359,0,819.3226411323212,
2026-09-08T03:48:56.577519+00:00,77.75677782401141,72.83037222646423,4.926405597547173,-0.6343,0,819.3226411323212,
2026-09-08T03:48:56.742668+00:00,77.75990134825005,72.83037222646423,4.929529121785819,-0.6328,0,819.3226411323212,
2026-09-08T03:48:56.905625+00:00,77.76293482982112,72.83037222646423,4.932562603356885,-0.6314,0,819.3226411323212,
2026-09-08T03:48:57.051360+00:00,77.7648538111048,72.8282502227747,4.936603588330101,-0.6294,0,819.3120311138736,
2026-09-08T03:48:57.231853+00:00,77.76868620466773,72.8282502227747,4.940435981893032,-0.6275,0,819.3120311138736,
2026-09-08T03:48:57.370712+00:00,77.77149760826008,72.8282502227747,4.943247385485378,-0.6262,0,819.3120311138736,
2026-09-08T03:48:57.561733+00:00,77.77520139935204,72.8282502227747,4.946951176577343,-0.6244,0,819.3120311138736,
2026-09-08T03:48:57.703016+00:00,77.77820518807286,72.8282502227747,4.949954965298161,-0.623,0,819.3120311138736,
2026-09-08T03:48:58.026505+00:00,77.78139433555566,72.8282502227747,4.9531441127809614,-0.6215,0,819.3120311138736,
2026-09-08T03:48:58.167260+00:00,77.78555178596113,72.82562248575526,4.9599293002058715,-0.6182,0,819.2988924287763,
2026-09-08T03:48:58.335056+00:00,77.78901885228959,72.82562248575526,4.963396366534326,-0.6167,0,819.2988924287763,
2026-09-08T03:48:58.474122+00:00,77.79192195897292,72.82562248575526,4.96629947321766,-0.6154,0,819.2988924287763,
2026-09-08T03:48:58.667031+00:00,77.79580212014177,72.82562248575526,4.970179634386511,-0.6136,0,819.2988924287763,
2026-09-08T03:48:58.809329+00:00,77.79864940543526,72.82562248575526,4.973026919679995,-0.6124,0,819.2988924287763,
2026-09-08T03:48:58.963003+00:00,77.8041657451753,72.8378185053935,4.966347239781797,-0.6158,0,819.3598725269675,
2026-09-08T03:48:59.107875+00:00,77.80711366868279,72.8378185053935,4.9692951632892886,-0.6145,0,819.3598725269675,
2026-09-08T03:48:59.261197+00:00,77.810219614832,72.8378185053935,4.9724011094384934,-0.6131,0,819.3598725269675,
2026-09-08T03:48:59.421450+00:00,77.81341299371637,72.8378185053935,4.975594488322869,-0.6117,0,819.3598725269675,
2026-09-08T03:48:59.563377+00:00,77.81641399721083,72.8378185053935,4.97859549181733,-0.6104,0,819.3598725269675,
2026-09-08T03:48:59.748973+00:00,77.8196478300473,72.8378185053935,4.981829324653802,-0.609,0,819.3598725269675,
2026-09-08T03:48:59.884535+00:00,77.82305652348485,72.8378185053935,4.985238018091351,-0.6075,0,819.3598725269675,
2026-09-08T03:49:00.077721+00:00,77.82567035713626,72.8369431732181,4.988727183918158,-0.6059,0,819.3554958660906,
2026-09-08T03:49:00.222380+00:00,77.82850523551232,72.8369431732181,4.991562062294221,-0.6047,0,819.3554958660906,
2026-09-08T03:49:00.382335+00:00,77.83159272223298,72.8369431732181,4.994649549014881,-0.6033,0,819.3554958660906,
2026-09-08T03:49:00.517526+00:00,77.83471340768321,72.8369431732181,4.997770234465108,-0.602,0,819.3554958660906,
2026-09-08T03:49:00.674230+00:00,77.83787461525543,72.8369431732181,5.000931442037327,-0.6006,0,819.3554958660906,
2026-09-08T03:49:00.830248+00:00,77.84096069475507,72.8369431732181,5.004017521536966,-0.5993,0,819.3554958660906,
2026-09-08T03:49:00.982308+00:00,77.84270465885346,72.85247444305823,4.990230215795236,-0.6064,0,819.4331522152911,
2026-09-08T03:49:01.126817+00:00,77.84561737262003,72.85247444305823,4.993142929561799,-0.6052,0,819.4331522152911,
2026-09-08T03:49:01.298740+00:00,77.84902217550537,72.85247444305823,4.996547732447141,-0.6037,0,819.4331522152911,
2026-09-08T03:49:01.488730+00:00,77.85261928074146,72.85247444305823,5.000144837683237,-0.6022,0,819.4331522152911,
2026-09-08T03:49:01.635769+00:00,77.85599126470082,72.85247444305823,5.003516821642592,-0.6007,0,819.4331522152911,
2026-09-08T03:49:01.777202+00:00,77.85896362710884,72.85247444305823,5.006489184050608,-0.5995,0,819.4331522152911,
2026-09-08T03:49:01.931390+00:00,77.86206634492748,72.85247444305823,5.009591901869257,-0.5983,0,819.4331522152911,
2026-09-08T03:49:02.096843+00:00,77.86726630578985,72.84298030171198,5.024286004077879,-0.5912,0,819.3856815085599,
2026-09-08T03:49:02.271744+00:00,77.87088018568471,72.84298030171198,5.0278998839727365,-0.5897,0,819.3856815085599,
2026-09-08T03:49:02.415534+00:00,77.87387710385589,72.84298030171198,5.030896802143914,-0.5885,0,819.3856815085599,
2026-09-08T03:49:02.562517+00:00,77.87680910482807,72.84298030171198,5.033828803116094,-0.5874,0,819.3856815085599,
2026-09-08T03:49:02.752482+00:00,77.88073306027295,72.84298030171198,5.03775275856097,-0.5857,0,819.3856815085599,
2026-09-08T03:49:02.888677+00:00,77.88352313643269,72.84298030171198,5.040542834720711,-0.5847,0,819.3856815085599,
2026-09-08T03:49:03.048828+00:00,77.88393489105766,72.84887908259712,5.035055808460541,-0.5877,0,819.4151754129856,
2026-09-08T03:49:03.195229+00:00,77.88706583607423,72.84887908259712,5.038186753477106,-0.5865,0,819.4151754129856,
2026-09-08T03:49:03.383537+00:00,77.89088599314442,72.84887908259712,5.0420069105473,-0.5849,0,819.4151754129856,
2026-09-08T03:49:03.520770+00:00,77.89362583784416,72.84887908259712,5.044746755247033,-0.5839,0,819.4151754129856,
2026-09-08T03:49:03.684032+00:00,77.89699368778746,72.84887908259712,5.048114605190335,-0.5825,0,819.4151754129856,
2026-09-08T03:49:03.835843+00:00,77.90006089883929,72.84887908259712,5.051181816242163,-0.5813,0,819.4151754129856,
2026-09-08T03:49:03.977899+00:00,77.90303305186839,72.84887908259712,5.054153969271269,-0.5802,0,819.4151754129856,
2026-09-08T03:49:04.126728+00:00,77.90552326752191,72.85011036012008,5.055412907401831,-0.5799,0,819.4213318006005,
2026-09-08T03:49:04.311537+00:00,77.90924225075764,72.85011036012008,5.059131890637559,-0.5784,0,819.4213318006005,
2026-09-08T03:49:04.450286+00:00,77.91212135677537,72.85011036012008,5.062010996655289,-0.5773,0,819.4213318006005,
2026-09-08T03:49:04.602461+00:00,77.91519520465155,72.85011036012008,5.065084844531469,-0.5761,0,819.4213318006005,
2026-09-08T03:49:04.762338+00:00,77.91835522412022,72.85011036012008,5.068244864000135,-0.5748,0,819.4213318006005,
2026-09-08T03:49:04.910645+00:00,77.92148751792647,72.85011036012008,5.071377157806381,-0.5736,0,819.4213318006005,
2026-09-08T03:49:05.093006+00:00,77.92677926111011,72.84036616936513,5.086413091744987,-0.5665,0,819.3726108468256,
2026-09-08T03:49:05.234276+00:00,77.92962900538842,72.84036616936513,5.089262836023295,-0.5655,0,819.3726108468256,
2026-09-08T03:49:05.390771+00:00,77.93280022419384,72.84036616936513,5.092434054828715,-0.5644,0,819.3726108468256,
2026-09-08T03:49:05.538915+00:00,77.93588715094765,72.84036616936513,5.095520981582524,-0.5633,0,819.3726108468256,
2026-09-08T03:49:05.704001+00:00,77.93915800976532,72.84036616936513,5.098791840400196,-0.5621,0,819.3726108468256,
2026-09-08T03:49:05.892675+00:00,77.94319958259257,72.84036616936513,5.102833413227444,-0.5606,0,819.3726108468256,
2026-09-08T03:49:06.043444+00:00,77.94516484901614,72.8538643350836,5.091300513932538,-0.5669,0,819.440101675418,
2026-09-08T03:49:06.183536+00:00,77.94821962393489,72.8538643350836,5.09435528885129,-0.5658,0,819.440101675418,
2026-09-08T03:49:06.329337+00:00,77.95130598585258,72.8538643350836,5.097441650768985,-0.5647,0,819.440101675418,
2026-09-08T03:49:06.484943+00:00,77.95444570530604,72.8538643350836,5.100581370222443,-0.5636,0,819.440101675418,
2026-09-08T03:49:06.642527+00:00,77.95758311672228,72.8538643350836,5.103718781638676,-0.5625,0,819.440101675418,
2026-09-08T03:49:06.792355+00:00,77.96066969775742,72.8538643350836,5.106805362673825,-0.5615,0,819.440101675418,
2026-09-08T03:49:27.950893+00:00,78.40853935072339,72.84695140437304,5.561587946350343,,0,819.3440256174922,
2026-09-08T03:49:28.426205+00:00,78.4232891609096,72.85285471007639,5.570434450833218,,0,819.3676388403056,
2026-09-08T03:49:28.843355+00:00,78.43210708044126,72.85285471007639,5.57925237036487,,0,819.3676388403056,
2026-09-08T03:49:29.332091+00:00,78.43994203388034,72.86749075771218,5.572451276168167,,0,819.4261830308487,
2026-09-08T03:49:29.823910+00:00,78.45001457128598,72.86749075771218,5.5825238135738005,,0,819.4261830308487,
2026-09-08T03:49:30.323270+00:00,78.45881402477129,72.86425753553199,5.594556489239295,,0,819.413250142128,
2026-09-08T03:49:30.856535+00:00,78.469694764749,72.86425753553199,5.605437229217003,,0,819.413250142128,
2026-09-08T03:49:31.347713+00:00,78.47699388563301,72.86105009224656,5.61594379338645,,0,819.4004203689863,
2026-09-08T03:49:31.843777+00:00,78.48715164025285,72.86105009224656,5.6261015480062895,,0,819.4004203689863,
2026-09-08T03:49:32.347213+00:00,78.49895631776509,72.86701771248737,5.631938605277725,,0,819.4242908499496,
2026-09-08T03:49:32.843381+00:00,78.50923527842436,72.86701771248737,5.642217565936988,,0,819.4242908499496,
2026-09-08T03:49:33.350122+00:00,78.51876548623156,72.87518767749475,5.643577808736808,,0,819.456970709979,
2026-09-08T03:49:33.885715+00:00,78.52912058777297,72.87518767749475,5.653932910278215,,0,819.456970709979,
2026-09-08T03:49:34.364181+00:00,78.5410829882386,72.87330377440662,5.667779213831977,,0,819.4494350976265,
2026-09-08T03:49:34.867593+00:00,78.55127193057668,72.87330377440662,5.677968156170053,,0,819.4494350976265,
2026-09-08T03:49:35.365830+00:00,78.55763309273966,72.85749081839039,5.700142274349275,,0,819.3861832735616,
2026-09-08T03:49:35.871953+00:00,78.56798316918737,72.85749081839039,5.710492350796983,,0,819.3861832735616,
2026-09-08T03:49:36.392025+00:00,78.57947912661369,72.85607869773413,5.7234004288795575,,0,819.3805347909366,
2026-09-08T03:49:36.880131+00:00,78.58938462834615,72.85607869773413,5.733305930612019,,0,819.3805347909366,
2026-09-08T03:49:37.398928+00:00,78.6008394197673,72.8848761658253,5.715963253941993,,0,819.4957246633013,
2026-09-08T03:49:37.884781+00:00,78.61095440265925,72.8848761658253,5.726078236833942,,0,819.4957246633013,
2026-09-08T03:49:38.389775+00:00,78.61981373464884,72.88185166978037,5.737962064868469,,0,819.4836266791216,
2026-09-08T03:49:38.898344+00:00,78.63015517299941,72.88185166978037,5.748303503219034,,0,819.4836266791216,
2026-09-08T03:49:39.401606+00:00,78.64201112271448,72.8784145038984,5.763596618816081,,0,819.4698780155936,
2026-09-08T03:49:39.902757+00:00,78.65220174982235,72.8784145038984,5.773787245923955,,0,819.4698780155936,
2026-09-08T03:49:40.402972+00:00,78.6619539368165,72.87040252492298,5.791551411893522,,0,819.4378300996921,
2026-09-08T03:49:40.901402+00:00,78.67218726748237,72.87040252492298,5.801784742559391,,0,819.3747075747691,
2026-09-08T03:49:41.413299+00:00,78.68201302726513,72.85918716948903,5.822825857776095,,0,819.3410615084672,
2026-09-08T03:49:41.922136+00:00,78.69236759318609,72.85918716948903,5.833180423697058,,0,819.3410615084672,
2026-09-08T03:49:42.413438+00:00,78.70108033225937,72.86636854813464,5.834711784124721,,0,819.3626056444041,
2026-09-08T03:49:42.930169+00:00,78.71149834485773,72.86636854813464,5.845129796723086,,0,819.3626056444041,
2026-09-08T03:49:43.417018+00:00,78.72109002372919,72.87632907738492,5.844760946344266,,0,819.392487232155,
2026-09-08T03:49:43.920428+00:00,78.72263095919455,72.87632907738492,5.846301881809623,,0,819.392487232155,
2026-09-08T03:49:44.423207+00:00,78.64726877961492,72.88214541089863,5.765123368716289,,0,819.409936232696,
2026-09-08T03:49:44.934983+00:00,78.5706862842764,72.88214541089863,5.688540873377775,,0,819.409936232696,
2026-09-08T03:49:45.422148+00:00,78.50218372969185,72.8768948833603,5.625288846331557,,0,819.394184650081,
2026-09-08T03:49:45.927731+00:00,78.42654769725934,72.8768948833603,5.549652813899044,,0,819.394184650081,
2026-09-08T03:49:46.432954+00:00,78.35275759350458,72.88082656795983,5.471931025544748,,0,819.4059797038797,
2026-09-08T03:49:46.965069+00:00,78.27262240255716,72.88082656795983,5.391795834597332,,0,819.4059797038797,
2026-09-08T03:49:47.449182+00:00,78.20155744807856,72.89147908754731,5.31007836053125,,0,819.4379372626421,
2026-09-08T03:49:47.977313+00:00,78.12268191308725,72.89147908754731,5.231202825539938,,0,819.4379372626421,
2026-09-08T03:49:48.455614+00:00,78.05127487610864,72.89496462691818,5.156310249190454,,0,819.4483938807547,
2026-09-08T03:49:48.951221+00:00,77.97632511488408,72.89496462691818,5.081360487965895,,0,819.4483938807547,
2026-09-08T03:49:49.456012+00:00,77.89990212862818,72.8899687084199,5.009933420208284,,0,819.4334061252598,
2026-09-08T03:49:49.959550+00:00,77.82487989179974,72.8899687084199,4.934911183379839,,0,819.4334061252598,
2026-09-08T03:49:50.474175+00:00,77.74032770033847,72.90258340487725,4.837744295461221,,0,819.4712502146319,
2026-09-08T03:49:51.053184+00:00,77.68061657684142,72.90258340487725,4.778033171964168,,0,819.4712502146319,
2026-09-08T03:49:51.475809+00:00,77.6792793747064,72.89896067634524,4.780318698361157,,0,819.4603820290358,
2026-09-08T03:49:51.969532+00:00,77.6792793747064,72.89896067634524,4.780318698361157,,0,819.2770206763454,
2026-09-08T03:49:52.496271+00:00,77.67967244639381,72.9032046982861,4.776467748107706,,0,819.2812646982862,
2026-09-08T03:49:52.982028+00:00,77.67967244639381,72.9032046982861,4.776467748107706,,0,819.2812646982862,
2026-09-08T03:49:53.498691+00:00,77.68276018002992,72.8993586735097,4.783401506520221,,0,819.2774186735098,
2026-09-08T03:49:54.010798+00:00,77.68276018002992,72.8993586735097,4.783401506520221,,0,819.2774186735098,
2026-09-08T03:49:54.498899+00:00,77.68202508593072,72.88802656624665,4.793998519684067,,0,819.2660865662468,
2026-09-08T03:49:55.029638+00:00,77.68202508593072,72.88802656624665,4.793998519684067,,0,819.1853400000002,
2026-09-08T03:49:55.555536+00:00,77.67690009489472,72.89944997111255,4.777450123782174,,0,819.1853400000002,
2026-09-08T03:49:56.009657+00:00,77.67690009489472,72.89944997111255,4.777450123782174,,0,819.1853400000002,
2026-09-08T03:49:56.513494+00:00,77.67783550531156,72.8971782143941,4.7806572909174605,,0,819.1853400000002,
2026-09-08T03:49:57.014235+00:00,77.67783550531156,72.8971782143941,4.7806572909174605,,0,819.1853400000002,
2026-09-08T03:49:57.515773+00:00,77.67788484494642,72.9008885058701,4.7769963390763195,,0,819.1853400000002,
2026-09-08T03:49:58.041633+00:00,77.67788484494642,72.9008885058701,4.7769963390763195,,0,819.1853400000002,
2026-09-08T03:49:58.535741+00:00,77.67685559658761,72.89397876575707,4.782876830830546,,0,819.1853400000002,
2026-09-08T03:49:59.029997+00:00,77.67685559658761,72.89397876575707,4.782876830830546,,0,819.1853400000002,
2026-09-08T03:49:59.580317+00:00,77.67654302985092,72.90092122191565,4.775621807935266,,0,819.1853400000002,
2026-09-08T03:50:00.041012+00:00,77.67654302985092,72.90092122191565,4.775621807935266,,0,819.1853400000002,
2026-09-08T03:50:00.542278+00:00,77.67599516158809,72.89790459592683,4.778090565661259,,0,819.1853400000002,
2026-09-08T03:50:01.045698+00:00,77.67599516158809,72.89790459592683,4.778090565661259,,0,819.1853400000002,
2026-09-08T03:50:01.543635+00:00,77.67561393433512,72.89345007766687,4.782163856668248,,0,819.1853400000002,
2026-09-08T03:50:02.051726+00:00,77.67561393433512,72.89345007766687,4.782163856668248,,0,819.1853400000002,
2026-09-08T03:50:02.558433+00:00,77.67661643232353,72.90350820584187,4.773108226481654,,0,819.1853400000002,
2026-09-08T03:50:03.093471+00:00,77.67661643232353,72.90350820584187,4.773108226481654,,0,819.1853400000002,
2026-09-08T03:50:03.578567+00:00,77.68232514360841,72.89874269271223,4.783582450896176,,0,819.1853400000002,
2026-09-08T03:50:04.086931+00:00,77.68232514360841,72.89874269271223,4.783582450896176,,0,819.1853400000002,
2026-09-08T03:50:04.575798+00:00,77.68349998002142,72.88440528271578,4.799094697305648,,0,819.1082147172845,
2026-09-08T03:50:05.081134+00:00,77.68349998002142,72.88440528271578,4.799094697305648,,0,819.1082147172845,
2026-09-08T03:50:05.589103+00:00,77.68640082836413,72.89251023997281,4.793890588391321,,0,819.1001097600274,
2026-09-08T03:50:06.092915+00:00,77.68640082836413,72.89251023997281,4.793890588391321,,0,819.1001097600274,
2026-09-08T03:50:06.611670+00:00,77.68535785466378,72.90053028842482,4.78482756623896,,0,819.0920897115755,
2026-09-08T03:50:07.090057+00:00,77.68535785466378,72.90053028842482,4.78482756623896,,0,819.0920897115755,
2026-09-08T03:50:07.598146+00:00,77.68442874122867,72.91721633210425,4.767212409124426,,0,819.075403667896,
2026-09-08T03:50:08.100945+00:00,77.68442874122867,72.91721633210425,4.767212409124426,,0,819.075403667896,
2026-09-08T03:50:08.623754+00:00,77.68379645763879,72.92598241370646,4.757814043932328,,0,819.0666375862938,
2026-09-08T03:50:09.157398+00:00,77.68379645763879,72.92598241370646,4.757814043932328,,0,819.0666375862938,
2026-09-08T03:50:09.628075+00:00,77.68309043972516,72.91878683131075,4.764303608414409,,0,819.0738331686895,
2026-09-08T03:50:10.103410+00:00,77.68309043972516,72.91878683131075,4.764303608414409,,0,819.0738331686895,
2026-09-08T03:50:10.611868+00:00,77.68407197384246,72.92436338962558,4.759708584216881,,0,819.0682566103746,
2026-09-08T03:50:11.113144+00:00,77.68407197384246,72.92436338962558,4.759708584216881,,0,819.0682566103746,
2026-09-08T03:50:11.619566+00:00,77.68425809585649,72.91476203720136,4.769496058655136,,0,819.0778579627989,
2026-09-08T03:50:12.130716+00:00,77.68425809585649,72.91476203720136,4.769496058655136,,0,819.0778579627989,
2026-09-08T03:50:12.620685+00:00,77.68611557517735,72.88533190698028,4.80078366819707,,0,819.10728809302,
2026-09-08T03:50:13.177473+00:00,77.68611557517735,72.88533190698028,4.80078366819707,,0,819.10728809302,
2026-09-08T03:50:13.632048+00:00,77.68699925078003,72.89920063274845,4.787798618031587,,0,819.0934193672518,
2026-09-08T03:50:14.132100+00:00,77.68699925078003,72.89920063274845,4.787798618031587,,0,819.0934193672518,
2026-09-08T03:50:14.640523+00:00,77.6873643860026,72.90904970352368,4.778314682478921,,0,819.0835702964766,
2026-09-08T03:50:15.183165+00:00,77.6873643860026,72.90904970352368,4.778314682478921,,0,819.0835702964766,
2026-09-08T03:50:15.645231+00:00,77.68823686980791,72.9123432047158,4.775893665092113,,0,819.0802767952845,
2026-09-08T03:50:16.144091+00:00,77.68823686980791,72.9123432047158,4.775893665092113,,0,819.0802767952845,
2026-09-08T03:50:16.642736+00:00,77.68909273222602,72.91633476424614,4.772757967979871,,0,819.0762852357541,
2026-09-08T03:50:17.258063+00:00,77.68909273222602,72.91633476424614,4.772757967979871,,0,819.0762852357541,
2026-09-08T03:50:17.664006+00:00,77.68830537025728,72.90622336804122,4.7820820022160575,,0,819.086396631959,
2026-09-08T03:50:18.153237+00:00,77.68830537025728,72.90622336804122,4.7820820022160575,,0,819.086396631959,
2026-09-08T03:50:18.662421+00:00,77.68654085947668,72.91890966243434,4.767631197042334,,0,819.0737103375659,
2026-09-08T03:50:19.164104+00:00,77.68654085947668,72.91890966243434,4.767631197042334,,0,819.0737103375659,
2026-09-08T03:50:19.662648+00:00,77.68054298788577,72.92933111822369,4.751211869662086,,0,819.0632888817765,
2026-09-08T03:50:20.184310+00:00,77.68054298788577,72.92933111822369,4.751211869662086,,0,819.0632888817765,
2026-09-08T03:50:20.667807+00:00,77.68301052079347,72.93207763536265,4.750932885430828,,0,819.0605423646376,
2026-09-08T03:50:21.177598+00:00,77.68301052079347,72.93207763536265,4.750932885430828,,0,819.0605423646376,
2026-09-08T03:50:21.674102+00:00,77.68304062448206,72.94111696409145,4.741923660390611,,0,819.0515030359088,
2026-09-08T03:50:22.180336+00:00,77.68304062448206,72.94111696409145,4.741923660390611,,0,819.0515030359088,
2026-09-08T03:50:22.690602+00:00,77.68073303986135,72.93949710347853,4.741235936382822,,0,819.0531228965217,
2026-09-08T03:50:23.215072+00:00,77.68073303986135,72.93949710347853,4.741235936382822,,0,819.0531228965217,
2026-09-08T03:50:23.719562+00:00,77.6843535948117,72.93863585365158,4.745717741160121,,0,819.0539841463487,
2026-09-08T03:50:24.187385+00:00,77.6843535948117,72.93863585365158,4.745717741160121,,0,819.0539841463487,
2026-09-08T03:50:24.687749+00:00,77.68147111912393,72.93443643192823,4.747034687195693,,0,819.0581835680721,
2026-09-08T03:50:25.189930+00:00,77.68147111912393,72.93443643192823,4.747034687195693,,0,819.0581835680721,
2026-09-08T03:50:25.698357+00:00,77.68188986365274,72.93474428671817,4.747145576934571,,0,819.0578757132821,
2026-09-08T03:50:26.198873+00:00,77.68188986365274,72.93474428671817,4.747145576934571,,0,819.0578757132821,
2026-09-08T03:50:26.701462+00:00,77.68163830253107,72.93343199128643,4.748206311244644,,0,819.0591880087138,
2026-09-08T03:50:27.206324+00:00,77.68163830253107,72.93343199128643,4.748206311244644,,0,819.0591880087138,
2026-09-08T03:50:27.724815+00:00,77.6818511096892,72.94404903630746,4.737802073381744,,0,819.0485709636928,
2026-09-08T03:50:28.215819+00:00,77.6818511096892,72.94404903630746,4.737802073381744,,0,819.0485709636928,
2026-09-08T03:50:28.728088+00:00,77.68527617254469,72.92971004745912,4.755566125085565,,0,819.0629099525411,
2026-09-08T03:50:29.215558+00:00,77.68527617254469,72.92971004745912,4.755566125085565,,0,819.0629099525411,
2026-09-08T03:50:29.736253+00:00,77.68341265836372,72.9276888916422,4.755723766721516,,0,819.064931108358,
2026-09-08T03:50:30.223652+00:00,77.68341265836372,72.9276888916422,4.755723766721516,,0,819.064931108358,
2026-09-08T03:50:30.729579+00:00,77.6824294390026,72.91967910108524,4.7627503379173675,,0,819.072940898915,
2026-09-08T03:50:31.232143+00:00,77.6824294390026,72.91967910108524,4.7627503379173675,,0,819.072940898915,
2026-09-08T03:50:31.740915+00:00,78.16626497377587,72.42183058112948,5.744434392646383,,0,819.57070984667,
2026-09-08T03:50:32.246057+00:00,78.80810388197136,71.77999167293399,7.028112209037374,,0,820.2107779008692,
2026-09-08T03:50:32.744434+00:00,79.42251932330431,71.156854229598,8.265665093706318,,0,820.8366023215917,
2026-09-08T03:50:33.246201+00:00,80.05363297171893,70.52574058118338,9.527892390535541,,0,821.4673675808576,
2026-09-08T03:50:33.745109+00:00,80.18911577968849,70.40012537781188,9.788990401876617,,0,821.5924946221884,
2026-09-08T03:50:34.274962+00:00,80.18911577968849,70.40012537781188,9.788990401876617,,0,821.5924946221884,
2026-09-08T03:50:34.752607+00:00,80.18787835453955,70.40498884011441,9.782889514425136,,0,821.5876311598859,
2026-09-08T03:50:35.259707+00:00,80.18787835453955,70.40498884011441,9.782889514425136,,0,821.5876311598859,
2026-09-08T03:50:35.794376+00:00,80.1848009601563,70.4166968991863,9.76810406096999,,0,821.575923100814,
2026-09-08T03:50:36.260541+00:00,80.1848009601563,70.4166968991863,9.76810406096999,,0,821.575923100814,
2026-09-08T03:50:36.765316+00:00,80.18275546914695,70.40977867260386,9.772976796543091,,0,821.5828413273964,
2026-09-08T03:50:37.273382+00:00,80.18275546914695,70.40977867260386,9.772976796543091,,0,821.5828413273964,
2026-09-08T03:50:37.775464+00:00,80.18526933437482,70.41220210176606,9.773067232608767,,0,821.5804178982341,
2026-09-08T03:50:38.319246+00:00,80.18526933437482,70.41220210176606,9.773067232608767,,0,821.5804178982341,
2026-09-08T03:50:38.785709+00:00,80.18288837976041,70.4099089078078,9.77297947195261,,0,821.5827110921924,
2026-09-08T03:50:39.292249+00:00,80.18288837976041,70.4099089078078,9.77297947195261,,0,821.5827110921924,
2026-09-08T03:50:39.846185+00:00,80.18380025807711,70.4060362362387,9.777764021838408,,0,821.5865837637616,
2026-09-08T03:50:40.301938+00:00,80.18380025807711,70.4060362362387,9.777764021838408,,0,821.5865837637616,
2026-09-08T03:50:40.806990+00:00,80.18042454672337,70.40803708172808,9.77238746499529,,0,821.5845829182722,
2026-09-08T03:50:41.300101+00:00,80.18042454672337,70.40803708172808,9.77238746499529,,0,821.5845829182722,
2026-09-08T03:50:41.811022+00:00,80.01303585864784,70.57346156843357,9.439574290214267,,0,821.418948623217,
2026-09-08T03:50:42.309029+00:00,79.83449474329575,70.75200268378566,9.082492059510088,,0,821.2404838018103,
2026-09-08T03:50:42.817979+00:00,79.65042073542735,70.93781762552972,8.712603109897628,,0,821.0545257237693,
2026-09-08T03:50:43.316411+00:00,79.47123163243705,71.11700672852001,8.354224903917043,,0,820.8751914408942,
2026-09-08T03:50:43.826250+00:00,79.28945779842665,71.28545801156345,8.003999786863204,,0,820.7070232799135,
2026-09-08T03:50:44.319994+00:00,79.11215697058284,71.46275883940726,7.649398131175587,,0,820.5303947924627,
2026-09-08T03:50:44.825906+00:00,78.93378616716693,71.65569469174444,7.278091475422485,,0,820.3366129799172,
2026-09-08T03:50:45.326691+00:00,78.75448969066656,71.83499116824481,6.919498522421748,,0,820.1572674573091,
2026-09-08T03:50:45.844981+00:00,78.56800869145154,72.02401857786445,6.5439901135870855,,0,819.968240814035,
2026-09-08T03:50:46.358060+00:00,78.392359082567,72.199668186749,6.192690895818004,,0,819.7844142993821,
2026-09-08T03:50:46.843331+00:00,78.21170489097719,72.3764535344806,5.835251356496585,,0,819.615592047043,
2026-09-08T03:50:47.346022+00:00,78.03023378158693,72.55792464387086,5.472309137716067,,0,819.434231461694,
2026-09-08T03:50:47.849038+00:00,77.85448820230125,72.73908465626793,5.1154035460333205,,0,819.25327734077,
2026-09-08T03:50:48.363318+00:00,77.67515017284852,72.91842268572067,4.756727487127847,,0,819.0741973142796,
2026-09-08T03:50:48.846998+00:00,77.67586926470608,72.91135756316929,4.76451170153679,,0,819.0812624368309,
2026-09-08T03:50:49.353708+00:00,77.67586926470608,72.91135756316929,4.76451170153679,,0,819.0812624368309,
2026-09-08T03:50:49.854490+00:00,77.6732269678744,72.90571254984438,4.767514418030018,,0,819.0869074501559,
2026-09-08T03:50:50.362654+00:00,77.6732269678744,72.90571254984438,4.767514418030018,,0,819.0869074501559,
2026-09-08T03:50:50.861952+00:00,77.67550834404867,72.90892978247373,4.766578561574931,,0,819.0836902175265,
2026-09-08T03:50:51.372989+00:00,77.67550834404867,72.90892978247373,4.766578561574931,,0,819.0836902175265,
2026-09-08T03:50:51.880824+00:00,77.68223783874696,72.91182084348327,4.7704169952636875,,0,819.080799156517,
2026-09-08T03:50:52.381658+00:00,77.68223783874696,72.91182084348327,4.7704169952636875,,0,819.080799156517,
2026-09-08T03:50:52.886030+00:00,77.68262437134636,72.91104614957165,4.771578221774718,,0,819.0815738504286,
2026-09-08T03:50:53.390564+00:00,77.68262437134636,72.91104614957165,4.771578221774718,,0,819.0815738504286,
2026-09-08T03:50:53.935049+00:00,77.68094967613526,72.90931620241957,4.771633473715681,,0,819.0833037975807,
2026-09-08T03:50:54.423496+00:00,77.68094967613526,72.90931620241957,4.771633473715681,,0,819.0833037975807,
2026-09-08T03:50:54.924995+00:00,77.67909799655817,72.9017631151754,4.777334881382771,,0,819.0908568848249,
2026-09-08T03:50:55.414531+00:00,77.67909799655817,72.9017631151754,4.777334881382771,,0,819.0908568848249,
2026-09-08T03:50:55.926319+00:00,77.67926126537664,72.92442145272071,4.754839812655931,,0,819.0681985472795,
2026-09-08T03:50:56.399379+00:00,77.67926126537664,72.92442145272071,4.754839812655931,,0,819.0681985472795,
2026-09-08T03:50:56.903901+00:00,77.67685027184582,72.91090851094387,4.765941760901953,,0,819.0817114890564,
2026-09-08T03:50:57.444564+00:00,77.67685027184582,72.91090851094387,4.765941760901953,,0,819.0817114890564,
2026-09-08T03:50:57.917910+00:00,77.67521728654152,72.90495688510084,4.77026040144068,,0,819.0876631148994,
2026-09-08T03:50:58.415420+00:00,77.67521728654152,72.90495688510084,4.77026040144068,,0,819.0876631148994,
2026-09-08T03:50:58.924991+00:00,77.67616688781166,72.89912827907473,4.77703860873693,,0,819.0934917209255,
2026-09-08T03:50:59.421514+00:00,77.67616688781166,72.89912827907473,4.77703860873693,,0,819.0934917209255,
2026-09-08T03:50:59.932615+00:00,77.6735635468865,72.88140491295387,4.79215863393263,,0,819.1112150870464,
2026-09-08T03:51:00.443980+00:00,77.6735635468865,72.88140491295387,4.79215863393263,,0,819.1112150870464,
2026-09-08T03:51:00.941711+00:00,77.67224399263893,72.8797704554613,4.792473537177628,,0,819.1128495445389,
2026-09-08T03:51:01.433593+00:00,77.67224399263893,72.8797704554613,4.792473537177628,,0,819.1128495445389,
2026-09-08T03:51:01.945480+00:00,77.67304538137147,72.88062229429345,4.792423087078021,,0,819.1119977057068,
2026-09-08T03:51:02.447735+00:00,77.67304538137147,72.88062229429345,4.792423087078021,,0,819.1119977057068,
2026-09-08T03:51:02.950359+00:00,77.67111350338403,72.88137242590672,4.789741077477316,,0,819.1112475740936,
2026-09-08T03:51:03.515413+00:00,77.67111350338403,72.88137242590672,4.789741077477316,,0,819.1112475740936,
2026-09-08T03:51:03.954000+00:00,77.67023792659478,72.87466321825113,4.795574708343651,,0,819.1179567817492,
2026-09-08T03:51:04.462788+00:00,77.67023792659478,72.87466321825113,4.795574708343651,,0,819.1179567817492,
2026-09-08T03:51:04.962324+00:00,77.668272860772,72.87686051603254,4.79141234473947,,0,819.1157594839677,
2026-09-08T03:51:05.471067+00:00,77.668272860772,72.87686051603254,4.79141234473947,,0,819.1157594839677,
2026-09-08T03:51:05.965687+00:00,77.66715537666954,72.87728445924483,4.789870917424707,,0,819.1153355407554,
2026-09-08T03:51:06.507793+00:00,77.66715537666954,72.87728445924483,4.789870917424707,,0,819.1153355407554,
2026-09-08T03:51:06.971837+00:00,77.66976880583455,72.87223390689005,4.797534898944505,,0,819.1203860931103,
2026-09-08T03:51:07.480994+00:00,77.66976880583455,72.87223390689005,4.797534898944505,,0,819.1203860931103,
2026-09-08T03:51:07.984313+00:00,77.67165759084467,72.87118369147306,4.80047389937161,,0,819.1214363085272,
2026-09-08T03:51:08.482861+00:00,77.67165759084467,72.87118369147306,4.80047389937161,,0,819.1214363085272,
2026-09-08T03:51:09.010228+00:00,77.67330398629065,72.86755602670482,4.80574795958583,,0,819.1250639732955,
2026-09-08T03:51:09.495684+00:00,77.67330398629065,72.86755602670482,4.80574795958583,,0,819.1250639732955,
2026-09-08T03:51:09.995785+00:00,77.67082441732366,72.87485627112915,4.795968146194511,,0,819.1177637288711,
2026-09-08T03:51:10.499164+00:00,77.67082441732366,72.87485627112915,4.795968146194511,,0,819.1177637288711,
2026-09-08T03:51:11.005731+00:00,77.667293021801,72.86741135971398,4.799881662087017,,0,819.1252086402862,
2026-09-08T03:51:11.520525+00:00,77.667293021801,72.86741135971398,4.799881662087017,,0,819.1252086402862,
2026-09-08T03:51:12.010762+00:00,77.67045239814091,72.88537921304157,4.7850731850993355,,0,819.1072407869586,
2026-09-08T03:51:12.531768+00:00,77.67045239814091,72.88537921304157,4.7850731850993355,,0,819.1072407869586,
2026-09-08T03:51:13.017297+00:00,77.67039257552841,72.88519963489665,4.7851929406317595,,0,819.1074203651036,
2026-09-08T03:51:13.523187+00:00,77.67039257552841,72.88519963489665,4.7851929406317595,,0,819.1074203651036,
2026-09-08T03:51:14.035524+00:00,77.67308211007318,72.88774071540739,4.785341394665792,,0,819.1048792845929,
2026-09-08T03:51:14.530627+00:00,77.67308211007318,72.88774071540739,4.785341394665792,,0,819.1048792845929,
2026-09-08T03:51:15.040095+00:00,77.67208792248292,72.88953387408395,4.782554048398964,,0,819.1030861259163,
2026-09-08T03:51:15.561238+00:00,77.67208792248292,72.88953387408395,4.782554048398964,,0,819.1030861259163,
2026-09-08T03:51:16.075200+00:00,77.67020658357544,72.89456133629886,4.775645247276572,,0,819.0980586637014,
2026-09-08T03:51:16.551809+00:00,77.67020658357544,72.89456133629886,4.775645247276572,,0,819.0980586637014,
2026-09-08T03:51:17.048789+00:00,77.66965167433214,72.8627018272891,4.806949847043043,,0,819.1299181727112,
2026-09-08T03:51:17.557495+00:00,77.66965167433214,72.8627018272891,4.806949847043043,,0,819.1299181727112,
2026-09-08T03:51:18.083037+00:00,77.67046669214437,72.86501997935609,4.805446712788282,,0,819.1276000206442,
2026-09-08T03:51:18.565086+00:00,77.67046669214437,72.86501997935609,4.805446712788282,,0,819.1276000206442,
2026-09-08T03:51:19.085483+00:00,77.67416325620896,72.87235872548322,4.801804530725732,,0,819.120261274517,
2026-09-08T03:51:19.573021+00:00,77.67416325620896,72.87235872548322,4.801804530725732,,0,819.120261274517,
2026-09-08T03:51:20.090731+00:00,77.67821950662436,72.86820655997701,4.810012946647348,,0,819.1244134400232,
2026-09-08T03:51:20.586642+00:00,77.67821950662436,72.86820655997701,4.810012946647348,,0,819.1244134400232,
2026-09-08T03:51:21.085334+00:00,77.68354042492771,72.87055456107093,4.812985863856781,,0,819.1220654389293,
2026-09-08T03:51:21.588949+00:00,77.68354042492771,72.87055456107093,4.812985863856781,,0,819.1220654389293,
2026-09-08T03:51:22.087425+00:00,77.68660574531036,72.85141510842773,4.835190636882629,,0,819.1412048915726,
2026-09-08T03:51:22.591957+00:00,77.68660574531036,72.85141510842773,4.835190636882629,,0,819.1412048915726,
2026-09-08T03:51:23.100301+00:00,77.68727320369685,72.85212580808044,4.835147395616403,,0,819.1404941919199,
2026-09-08T03:51:23.600607+00:00,77.68727320369685,72.85212580808044,4.835147395616403,,0,819.1404941919199,
2026-09-08T03:51:24.104483+00:00,77.68783693175584,72.85455891937342,4.833278012382422,,0,819.1380610806268,
2026-09-08T03:51:24.604109+00:00,77.68783693175584,72.85455891937342,4.833278012382422,,0,819.1380610806268,
2026-09-08T03:51:25.113732+00:00,77.68842448428195,72.8494258662363,4.83899861804565,,0,819.1431941337639,
2026-09-08T03:51:25.619582+00:00,77.68842448428195,72.8494258662363,4.83899861804565,,0,819.1431941337639,
2026-09-08T03:51:26.117813+00:00,77.69093553146942,72.84990140075638,4.841034130713041,,0,819.1427185992438,
2026-09-08T03:51:26.618234+00:00,77.69093553146942,72.84990140075638,4.841034130713041,,0,819.1427185992438,
2026-09-08T03:51:27.134916+00:00,77.68863772895847,72.85412038432636,4.834517344632104,,0,819.1384996156739,
2026-09-08T03:51:27.640980+00:00,77.68863772895847,72.85412038432636,4.834517344632104,,0,819.1384996156739,
2026-09-08T03:51:28.128272+00:00,77.69106152664226,72.84665159354098,4.844409933101275,,0,819.1459684064592,
2026-09-08T03:51:28.630611+00:00,77.69106152664226,72.84665159354098,4.844409933101275,,0,819.1459684064592,
2026-09-08T03:51:29.143084+00:00,77.69190033733824,72.84180146065891,4.850098876679326,,0,819.1508185393413,
2026-09-08T03:51:29.654024+00:00,77.69190033733824,72.84180146065891,4.850098876679326,,0,819.1508185393413,
2026-09-08T03:51:30.144169+00:00,77.69136319064924,72.83448274179084,4.856880448858405,,0,819.1581372582094,
2026-09-08T03:51:30.645581+00:00,77.69136319064924,72.83448274179084,4.856880448858405,,0,819.1581372582094,
2026-09-08T03:51:31.163793+00:00,77.69293140703755,72.83887164201994,4.85405976501761,,0,819.1537483579804,
2026-09-08T03:51:31.653837+00:00,77.69293140703755,72.83887164201994,4.85405976501761,,0,819.1537483579804,
2026-09-08T03:51:32.162912+00:00,77.69691663109981,72.84108401069689,4.855832620402921,,0,819.1515359893034,
2026-09-08T03:51:32.664579+00:00,77.69691663109981,72.84108401069689,4.855832620402921,,0,819.1515359893034,
2026-09-08T03:51:33.159638+00:00,77.69458991845794,72.86328103899652,4.831308879461417,,0,819.1293389610038,
2026-09-08T03:51:33.669097+00:00,77.69458991845794,72.86328103899652,4.831308879461417,,0,819.1293389610038,
2026-09-08T03:51:34.178081+00:00,77.69097479389154,72.87448529762003,4.816489496271515,,0,819.1181347023802,
2026-09-08T03:51:34.668150+00:00,77.69097479389154,72.87448529762003,4.816489496271515,,0,819.1181347023802,
2026-09-08T03:51:35.182463+00:00,77.68953513381955,72.85562705787024,4.83390807594931,,0,819.1369929421301,
2026-09-08T03:51:35.682676+00:00,77.68953513381955,72.85562705787024,4.83390807594931,,0,819.1369929421301,
2026-09-08T03:51:36.207054+00:00,77.6868325233909,72.85730578041694,4.829526742973968,,0,819.1353142195833,
2026-09-08T03:51:36.685820+00:00,77.6868325233909,72.85730578041694,4.829526742973968,,0,819.1353142195833,
2026-09-08T03:51:37.211807+00:00,77.68990171218273,72.86342810946451,4.826473602718224,,0,819.1291918905357,
2026-09-08T03:51:37.693850+00:00,77.68990171218273,72.86342810946451,4.826473602718224,,0,819.1291918905357,
2026-09-08T03:51:38.197033+00:00,77.68849301346054,72.87810541487957,4.810387598580974,,0,819.1145145851207,
2026-09-08T03:51:38.701493+00:00,77.68849301346054,72.87810541487957,4.810387598580974,,0,819.1145145851207,
2026-09-08T03:51:39.202756+00:00,77.69171551367135,72.875107091107,4.816608422564357,,0,819.1175129088932,
2026-09-08T03:51:39.710615+00:00,77.69171551367135,72.875107091107,4.816608422564357,,0,819.1175129088932,
2026-09-08T03:51:40.232008+00:00,77.69106807118247,72.88197341135734,4.809094659825135,,0,819.1106465886429,
2026-09-08T03:51:40.719252+00:00,77.69106807118247,72.88197341135734,4.809094659825135,,0,819.1106465886429,
2026-09-08T03:51:41.218267+00:00,77.69210810727951,72.88308221569683,4.809025891582678,,0,819.1095377843035,
2026-09-08T03:51:41.747118+00:00,77.69210810727951,72.88308221569683,4.809025891582678,,0,819.1095377843035,
2026-09-08T03:51:42.243972+00:00,77.6907012730929,72.89470624656471,4.795995026528189,,0,819.0979137534356,
2026-09-08T03:51:42.728455+00:00,77.6907012730929,72.89470624656471,4.795995026528189,,0,819.0979137534356,
2026-09-08T03:51:43.236017+00:00,77.691205776632,72.89461332965003,4.796592446981975,,0,819.0980066703503,
2026-09-08T03:51:43.740007+00:00,77.691205776632,72.89461332965003,4.796592446981975,,0,819.0980066703503,
2026-09-08T03:51:44.233843+00:00,77.69178199308148,72.89008539796367,4.801696595117804,,0,819.1025346020366,
2026-09-08T03:51:44.741873+00:00,77.69178199308148,72.89008539796367,4.801696595117804,,0,819.1025346020366,
2026-09-08T03:51:45.245732+00:00,77.69354194961643,72.89644569130654,4.797096258309892,,0,819.0961743086937,
2026-09-08T03:51:45.744425+00:00,77.69354194961643,72.89644569130654,4.797096258309892,,0,819.0961743086937,
2026-09-08T03:51:46.247708+00:00,77.69335483090266,72.88988037927594,4.803474451626727,,0,819.1027396207244,
2026-09-08T03:51:46.749207+00:00,77.69335483090266,72.88988037927594,4.803474451626727,,0,819.1027396207244,
2026-09-08T03:51:47.256137+00:00,77.69331924036264,72.89832320534869,4.794996035013952,,0,819.0942967946515,
2026-09-08T03:51:47.748545+00:00,77.69331924036264,72.89832320534869,4.794996035013952,,0,819.0942967946515,
2026-09-08T03:51:48.259819+00:00,77.69291854785837,72.89066907674955,4.802249471108823,,0,819.1019509232507,
2026-09-08T03:51:48.789746+00:00,77.69291854785837,72.89066907674955,4.802249471108823,,0,819.1019509232507,
2026-09-08T03:51:49.274104+00:00,77.69411394830837,72.89321809400711,4.80089585430126,,0,819.0994019059931,
2026-09-08T03:51:49.784144+00:00,77.69411394830837,72.89321809400711,4.80089585430126,,0,819.0994019059931,
2026-09-08T03:51:50.266834+00:00,77.69728175745541,72.8929149054783,4.8043668519771074,,0,819.0997050945219,
2026-09-08T03:51:50.773835+00:00,77.69728175745541,72.8929149054783,4.8043668519771074,,0,819.0997050945219,
2026-09-08T03:51:51.277233+00:00,77.69351806941455,72.88163810552122,4.8118799638933325,,0,819.110981894479,
2026-09-08T03:51:51.777031+00:00,77.69351806941455,72.88163810552122,4.8118799638933325,,0,819.110981894479,
2026-09-08T03:51:52.279505+00:00,77.69476527382305,72.88407676310176,4.810688510721292,,0,819.1085432368985,
2026-09-08T03:51:52.804964+00:00,77.69476527382305,72.88407676310176,4.810688510721292,,0,819.1085432368985,
2026-09-08T03:51:53.290833+00:00,77.69162323146877,72.8741443338115,4.817478897657267,,0,819.1184756661887,
2026-09-08T03:51:53.802351+00:00,77.69162323146877,72.8741443338115,4.817478897657267,,0,819.1184756661887,
2026-09-08T03:51:54.302605+00:00,77.69072852319893,72.87160996351942,4.819118559679509,,0,819.1210100364808,
2026-09-08T03:51:54.801445+00:00,77.69072852319893,72.87160996351942,4.819118559679509,,0,819.1210100364808,
2026-09-08T03:51:55.303313+00:00,77.69168834094222,72.87374904179244,4.817939299149785,,0,819.1188709582078,
2026-09-08T03:51:55.804549+00:00,77.69168834094222,72.87374904179244,4.817939299149785,,0,819.1188709582078,
2026-09-08T03:51:56.307573+00:00,77.69058103428578,72.86303795956267,4.82754307472311,,0,819.1295820404375,
2026-09-08T03:51:56.809792+00:00,77.69058103428578,72.86303795956267,4.82754307472311,,0,819.1295820404375,
2026-09-08T03:51:57.310052+00:00,77.69363925027274,72.85920846112904,4.8344307891436955,,0,819.1334115388712,
2026-09-08T03:51:57.813568+00:00,77.69363925027274,72.85920846112904,4.8344307891436955,,0,819.1334115388712,
2026-09-08T03:51:58.323610+00:00,77.69392927829865,72.85919063609627,4.834738642202382,-0.3851,0,819.133429363904,
2026-09-08T03:51:58.843510+00:00,77.69392927829865,72.85919063609627,4.834738642202382,-0.3832,0,819.133429363904,
2026-09-08T03:51:59.321567+00:00,77.69327887277039,72.86009062566401,4.833188247106378,-0.3824,0,819.1325293743363,
2026-09-08T03:51:59.870533+00:00,77.69327887277039,72.86009062566401,4.833188247106378,-0.3804,0,819.1325293743363,
2026-09-08T03:52:00.344067+00:00,77.69131955818165,72.87658533792676,4.814734220254891,-0.3928,0,819.1160346620735,
2026-09-08T03:52:00.838586+00:00,77.69131955818165,72.87658533792676,4.814734220254891,-0.3907,0,819.1160346620735,
2026-09-08T03:52:01.351370+00:00,77.69193283267686,72.87793889589759,4.813993936779269,-0.3892,0,819.1146811041027,
2026-09-08T03:52:01.844445+00:00,77.69193283267686,72.87793889589759,4.813993936779269,-0.387,0,819.1146811041027,
2026-09-08T03:52:02.346314+00:00,77.6929995067,72.87768501231,4.815314494390009,-0.3839,0,819.1149349876903,
2026-09-08T03:52:02.850189+00:00,77.6929995067,72.87768501231,4.815314494390009,-0.3817,0,819.1149349876903,
2026-09-08T03:52:03.363771+00:00,77.69349218854143,72.87596675856918,4.81752542997225,-0.3778,0,819.1166532414311,
2026-09-08T03:52:03.865308+00:00,77.69349218854143,72.87596675856918,4.81752542997225,-0.3756,0,819.1166532414311,
2026-09-08T03:52:04.360236+00:00,77.69301874147149,72.88853874930018,4.804479992171309,-0.3836,0,819.1040812507001,
2026-09-08T03:52:04.857718+00:00,77.69301874147149,72.88853874930018,4.804479992171309,-0.3813,0,819.1040812507001,
2026-09-08T03:52:05.360592+00:00,77.69299124979692,72.87531157985464,4.8176796699422795,-0.3687,0,819.1173084201456,
2026-09-08T03:52:05.865689+00:00,77.69299124979692,72.87531157985464,4.8176796699422795,-0.3665,0,819.1173084201456,
2026-09-08T03:52:06.365120+00:00,77.6918992756932,72.86806693665179,4.823832339041417,-0.3594,0,819.1245530633485,
2026-09-08T03:52:06.867863+00:00,77.6918992756932,72.86806693665179,4.823832339041417,-0.357,0,819.1245530633485,
2026-09-08T03:52:07.373317+00:00,77.69054206242882,72.8620533713412,4.828488691087614,-0.3511,0,819.130566628659,
2026-09-08T03:52:07.891122+00:00,77.69054206242882,72.8620533713412,4.828488691087614,-0.3487,0,819.130566628659,
2026-09-08T03:52:08.398702+00:00,77.69185289769109,72.86854060661875,4.823312291072341,-0.3504,0,819.1240793933815,
2026-09-08T03:52:08.919618+00:00,77.69185289769109,72.86854060661875,4.823312291072341,-0.3481,0,819.1240793933815,
2026-09-08T03:52:09.401118+00:00,77.6923961749801,72.8580289877809,4.834367187199206,-0.3371,0,819.1345910122194,
2026-09-08T03:52:09.889175+00:00,77.6923961749801,72.8580289877809,4.834367187199206,-0.3347,0,819.1345910122194,
2026-09-08T03:52:10.392472+00:00,77.69030501457583,72.86102527568656,4.829279738889269,-0.3363,0,819.1315947243137,
2026-09-08T03:52:10.901934+00:00,77.69030501457583,72.86102527568656,4.829279738889269,-0.3339,0,819.1315947243137,
2026-09-08T03:52:11.403989+00:00,77.69201051636338,72.85776745787628,4.834243058487104,-0.3275,0,819.134852542124,
2026-09-08T03:52:11.908930+00:00,77.69201051636338,72.85776745787628,4.834243058487104,-0.325,0,819.134852542124,
2026-09-08T03:52:12.428415+00:00,77.69086747948805,72.85365320023797,4.837214279250077,-0.3202,0,819.1389667997623,
2026-09-08T03:52:12.912016+00:00,77.69086747948805,72.85365320023797,4.837214279250077,-0.3177,0,819.1389667997623,
2026-09-08T03:52:13.419655+00:00,77.69018353634326,72.85266997124705,4.837513565096202,-0.3149,0,819.1399500287532,
2026-09-08T03:52:13.920994+00:00,77.69018353634326,72.85266997124705,4.837513565096202,-0.3123,0,819.1399500287532,
2026-09-08T03:52:14.421123+00:00,77.68791195743967,72.85985186945105,4.828060087988618,-0.3171,0,819.1327681305493,
2026-09-08T03:52:14.943366+00:00,77.68791195743967,72.85985186945105,4.828060087988618,-0.3146,0,819.1327681305493,
2026-09-08T03:52:15.469573+00:00,77.69009338007533,72.88196486662825,4.808128513447073,-0.3277,0,819.110655133372,
2026-09-08T03:52:15.931776+00:00,77.69009338007533,72.88196486662825,4.808128513447073,-0.3254,0,819.110655133372,
2026-09-08T03:52:16.444318+00:00,77.6929899851961,72.86576052079053,4.827229464405576,-0.3084,0,819.1268594792098,
2026-09-08T03:52:16.941266+00:00,77.6929899851961,72.86576052079053,4.827229464405576,-0.3065,0,819.1268594792098,
2026-09-08T03:52:17.448537+00:00,77.69094009340776,72.87603022166485,4.814909871742913,-0.3144,0,819.1165897783354,
2026-09-08T03:52:17.951563+00:00,77.69094009340776,72.87603022166485,4.814909871742913,-0.3128,0,819.1165897783354,
2026-09-08T03:52:18.467098+00:00,77.69147255127508,72.86869137322068,4.822781178054399,-0.3053,0,819.1239286267796,
2026-09-08T03:52:18.967361+00:00,77.69147255127508,72.86869137322068,4.822781178054399,-0.3042,0,819.1239286267796,
2026-09-08T03:52:19.465618+00:00,77.69249610473058,72.86247775649662,4.830018348233963,-0.2977,0,819.1301422435037,
2026-09-08T03:52:19.966548+00:00,77.69249610473058,72.86247775649662,4.830018348233963,-0.297,0,819.1301422435037,
2026-09-08T03:52:20.474835+00:00,77.69153256741087,72.86527830647286,4.826254260938015,-0.2994,0,819.1273416935273,
2026-09-08T03:52:20.975562+00:00,77.69153256741087,72.86527830647286,4.826254260938015,-0.2991,0,819.1273416935273,
2026-09-08T03:52:21.485809+00:00,77.69191067294332,72.85973886312807,4.83217180981525,-0.2945,0,819.1328811368721,
2026-09-08T03:52:22.113880+00:00,77.69191067294332,72.85973886312807,4.83217180981525,-0.2946,0,819.1328811368721,
2026-09-08T03:52:22.513264+00:00,77.68976481616362,72.86264057230603,4.8271242438575825,-0.2987,0,819.1299794276943,
2026-09-08T03:52:22.990625+00:00,77.68976481616362,72.86264057230603,4.8271242438575825,-0.2988,0,819.1299794276943,
2026-09-08T03:52:23.496559+00:00,77.68984119156609,72.86095597307634,4.828885218489745,-0.2976,0,819.1316640269239,
2026-09-08T03:52:24.002442+00:00,77.68984119156609,72.86095597307634,4.828885218489745,-0.2978,0,819.1316640269239,
2026-09-08T03:52:24.501895+00:00,77.6847530690491,72.85598470403599,4.828768365013104,-0.298,0,819.1366352959643,
2026-09-08T03:52:25.012355+00:00,77.6847530690491,72.85598470403599,4.828768365013104,-0.2981,0,819.1366352959643,
2026-09-08T03:52:25.511445+00:00,77.6858956406946,72.84663085319121,4.839264787503382,-0.29,0,819.145989146809,
2026-09-08T03:52:26.014399+00:00,77.6858956406946,72.84663085319121,4.839264787503382,-0.2901,0,819.145989146809,
2026-09-08T03:52:26.516690+00:00,77.68514979058425,72.85515488586006,4.829994904724188,-0.2976,0,819.1374651141402,
2026-09-08T03:52:27.025587+00:00,77.68514979058425,72.85515488586006,4.829994904724188,-0.2977,0,819.1374651141402,
2026-09-08T03:52:27.521530+00:00,77.68401694737655,72.8624693794848,4.821547567891741,-0.3044,0,819.1301506205155,
2026-09-08T03:52:28.025162+00:00,77.68401694737655,72.8624693794848,4.821547567891741,-0.3046,0,819.1301506205155,
2026-09-08T03:52:28.542919+00:00,77.68520993250674,72.86999485848222,4.815215074024522,-0.3096,0,819.122625141518,
2026-09-08T03:52:29.033317+00:00,77.68520993250674,72.86999485848222,4.815215074024522,-0.3097,0,819.122625141518,
2026-09-08T03:52:29.537409+00:00,77.6890290215223,72.87447027503323,4.81455874648907,-0.3103,0,819.118149724967,
2026-09-08T03:52:30.039028+00:00,78.26699857260873,72.2965007239468,5.970497848661921,0.5914,0,819.6942438159056,
2026-09-08T03:52:30.566058+00:00,78.9096258324215,71.65688451829205,7.252741314129452,1.5821,0,820.3369037327458,
2026-09-08T03:52:31.045258+00:00,79.52662837920876,71.03988197150478,8.486746407703976,2.508,0,820.9537909445454,
2026-09-08T03:52:31.593786+00:00,80.19390953056595,70.3608307229826,9.833078807583348,3.4628,0,821.6317892770177,
2026-09-08T03:52:32.051574+00:00,80.19390953056595,70.3608307229826,9.833078807583348,3.384,0,821.6317892770177,
2026-09-08T03:52:32.555238+00:00,80.1905017430982,70.35013231756574,9.840369425532458,3.315,0,821.6424876824345,
2026-09-08T03:52:33.061891+00:00,80.1905017430982,70.35013231756574,9.840369425532458,3.2448,0,821.6424876824345,
2026-09-08T03:52:33.563424+00:00,80.19194043765944,70.37138903931792,9.820551398341522,3.165,0,821.6212309606824,
2026-09-08T03:52:34.067148+00:00,80.19194043765944,70.37138903931792,9.820551398341522,3.1027,0,821.6212309606824,
2026-09-08T03:52:34.572669+00:00,80.19609336272521,70.37352014702361,9.822573215701595,3.0449,0,821.6190998529767,
2026-09-08T03:52:35.068927+00:00,80.19609336272521,70.37352014702361,9.822573215701595,2.9886,0,821.6190998529767,
2026-09-08T03:52:35.580458+00:00,80.19803621721915,70.36786463801135,9.8301715792078,2.9397,0,821.624755361989,
2026-09-08T03:52:36.081789+00:00,80.19803621721915,70.36786463801135,9.8301715792078,2.8882,0,821.624755361989,
2026-09-08T03:52:36.585016+00:00,80.20110911743899,70.36619224706591,9.834916870373078,2.842,0,821.6264277529343,
2026-09-08T03:52:37.095010+00:00,80.20110911743899,70.36619224706591,9.834916870373078,2.7947,0,821.6264277529343,
2026-09-08T03:52:37.596686+00:00,80.2010687444279,70.365932469846,9.835136274581899,2.7495,0,821.6266875301543,
2026-09-08T03:52:38.098858+00:00,80.2010687444279,70.365932469846,9.835136274581899,2.706,0,821.6266875301543,
2026-09-08T03:52:38.622979+00:00,80.20031918072748,70.36434749674306,9.835971683984411,2.6647,0,821.6282725032572,
2026-09-08T03:52:39.109059+00:00,80.20031918072748,70.36434749674306,9.835971683984411,2.6244,0,821.6282725032572,
2026-09-08T03:52:39.654491+00:00,80.17758204613885,70.3958601678489,9.781721878289957,2.554,0,821.5945340244165,
2026-09-08T03:52:40.117644+00:00,80.00900972247595,70.5644324915118,9.444577230964157,2.3221,0,821.427874158356,
2026-09-08T03:52:40.616333+00:00,79.82913726826273,70.75079141730284,9.078345850959892,2.0814,0,821.2414560536675,
2026-09-08T03:52:41.132076+00:00,79.64868556859712,70.93124311696845,8.71744245162867,1.8506,0,821.0603384849703,
2026-09-08T03:52:41.624366+00:00,79.4708648420758,71.11527794416709,8.355586897908708,1.6246,0,820.876968249561,
2026-09-08T03:52:42.130467+00:00,79.29145494645135,71.29468783979154,7.996767106659817,1.4044,0,820.697638820207,
2026-09-08T03:52:42.634023+00:00,79.11279948702153,71.48044301718527,7.632356469836267,1.184,0,820.5118557137796,
2026-09-08T03:52:43.147121+00:00,78.92842512053375,71.66481738367305,7.263607736860692,0.9636,0,820.3271350443057,
2026-09-08T03:52:43.634160+00:00,78.75348160084407,71.85503431113844,6.898447289705629,0.7469,0,820.1380396208066,
2026-09-08T03:52:44.160475+00:00,78.56708587055297,72.04143004142954,6.525655829123437,0.527,0,819.9506782952701,
2026-09-08T03:52:44.644291+00:00,78.3918126838342,72.21153252249279,6.180280161341415,0.3238,0,819.7807995870733,
2026-09-08T03:52:45.147118+00:00,78.21255835633264,72.39078684999436,5.82177150633828,0.1136,0,819.6014364385202,
2026-09-08T03:52:45.652159+00:00,78.03306308033606,72.56727375041376,5.465789329922302,-0.0946,0,819.4250067585598,
2026-09-08T03:52:46.155546+00:00,77.85381675688679,72.74652007386304,5.107296683023748,-0.3036,0,819.2457939840106,
2026-09-08T03:52:46.661813+00:00,77.70416628156408,72.89346791294287,4.8106983686212175,-0.4762,0,819.0991520870574,
2026-09-08T03:52:47.166163+00:00,77.70416628156408,72.89346791294287,4.8106983686212175,-0.4763,0,819.0991520870574,
2026-09-08T03:52:47.664165+00:00,77.70631345239713,72.9080586936847,4.798254758712432,-0.4836,0,819.0845613063155,
2026-09-08T03:52:48.177519+00:00,77.70631345239713,72.9080586936847,4.798254758712432,-0.4836,0,819.0845613063155,
2026-09-08T03:52:48.674430+00:00,77.70501927003421,72.92017117001733,4.784848100016887,-0.4914,0,819.0724488299829,
2026-09-08T03:52:49.179151+00:00,77.70501927003421,72.92017117001733,4.784848100016887,-0.4914,0,819.0724488299829,
2026-09-08T03:52:49.684202+00:00,77.70641311308695,72.91335323154551,4.7930598815414385,-0.4867,0,819.0792667684548,
2026-09-08T03:52:54.801773+00:00,77.70341062738453,72.89669147701261,4.806719150371919,,0,818.9780200000002,
2026-09-08T03:52:55.189972+00:00,77.70341062738453,72.89669147701261,4.806719150371919,,0,818.9780200000002,
2026-09-08T03:52:55.661186+00:00,77.70610543230943,72.9007180458298,4.805387386479623,,0,818.9780200000002,
2026-09-08T03:52:56.161139+00:00,77.70610543230943,72.9007180458298,4.805387386479623,,0,818.9780200000002,
2026-09-08T03:52:56.662036+00:00,77.70450372059715,72.89911491894183,4.805388801655312,,0,818.9780200000002,
2026-09-08T03:52:57.175460+00:00,77.70450372059715,72.89911491894183,4.805388801655312,,0,818.9780200000002,
2026-09-08T03:52:57.697316+00:00,77.70270743094542,72.90402765985279,4.798679771092637,,0,818.9780200000002,
2026-09-08T03:52:58.175153+00:00,77.70270743094542,72.90402765985279,4.798679771092637,,0,818.9780200000002,
2026-09-08T03:52:58.675750+00:00,77.70181867253106,72.91122965190989,4.790589020621169,,0,818.9780200000002,
2026-09-08T03:52:59.210555+00:00,77.70181867253106,72.91122965190989,4.790589020621169,,0,818.9780200000002,
2026-09-08T03:52:59.684900+00:00,77.70307127217005,72.91357596717086,4.789495304999193,,0,818.9780200000002,
2026-09-08T03:53:00.189981+00:00,77.70307127217005,72.91357596717086,4.789495304999193,,0,818.9780200000002,
2026-09-08T03:53:00.691119+00:00,77.7014496911839,72.92208186906052,4.779367822123376,,0,818.9780200000002,
2026-09-08T03:53:01.194947+00:00,77.7014496911839,72.92208186906052,4.779367822123376,,0,818.9780200000002,
2026-09-08T03:53:01.698214+00:00,77.70798144861986,72.92696350652672,4.781017942093143,,0,818.9780200000002,
2026-09-08T03:53:02.203019+00:00,77.70798144861986,72.92696350652672,4.781017942093143,,0,818.9780200000002,
2026-09-08T03:53:02.710092+00:00,77.7037757689902,72.93031784680669,4.7734579221835105,,0,818.9780200000002,
2026-09-08T03:53:03.295151+00:00,77.7037757689902,72.93031784680669,4.7734579221835105,,0,818.9780200000002,
2026-09-08T03:53:03.716468+00:00,77.70455123765605,72.93618049357083,4.768370744085217,,0,818.9780200000002,
2026-09-08T03:53:04.215324+00:00,77.70455123765605,72.93618049357083,4.768370744085217,,0,818.9780200000002,
2026-09-08T03:53:04.725834+00:00,77.70390457400926,72.93713660052978,4.766767973479475,,0,818.9780200000002,
2026-09-08T03:53:05.226094+00:00,77.70390457400926,72.93713660052978,4.766767973479475,,0,818.9780200000002,
2026-09-08T03:53:05.774094+00:00,77.70158176711915,72.9307196790542,4.770862088064945,,0,818.9780200000002,
2026-09-08T03:53:06.243721+00:00,77.70158176711915,72.9307196790542,4.770862088064945,,0,818.9780200000002,
2026-09-08T03:53:06.761582+00:00,77.70321770702894,72.9204987235346,4.782718983494334,,0,818.9780200000002,
2026-09-08T03:53:07.244646+00:00,77.70321770702894,72.9204987235346,4.782718983494334,,0,818.9780200000002,
2026-09-08T03:53:07.743107+00:00,77.7046142258233,72.91433952167269,4.790274704150619,,0,818.9780200000002,
2026-09-08T03:53:08.254424+00:00,77.7046142258233,72.91433952167269,4.790274704150619,,0,818.9780200000002,
2026-09-08T03:53:08.795482+00:00,77.706649654071,72.92198500333882,4.784664650732182,,0,818.9780200000002,
2026-09-08T03:53:09.256529+00:00,77.706649654071,72.92198500333882,4.784664650732182,,0,818.9780200000002,
2026-09-08T03:53:09.747236+00:00,77.70372286136505,72.9268971537351,4.776825707629953,,0,818.9780200000002,
2026-09-08T03:53:10.256227+00:00,77.70372286136505,72.9268971537351,4.776825707629953,,0,818.9780200000002,
2026-09-08T03:53:10.762952+00:00,77.70693239990185,72.92304098826472,4.7838914116371285,,0,818.9780200000002,
2026-09-08T03:53:11.257726+00:00,77.70693239990185,72.92304098826472,4.7838914116371285,,0,818.9780200000002,
2026-09-08T03:53:11.815964+00:00,77.70598509228395,72.92965480928837,4.776330282995588,,0,818.9780200000002,
2026-09-08T03:53:12.264984+00:00,77.70598509228395,72.92965480928837,4.776330282995588,,0,818.9780200000002,
2026-09-08T03:53:12.768700+00:00,77.70770032837211,72.93898524827269,4.768715080099426,,0,818.9780200000002,
2026-09-08T03:53:13.289544+00:00,77.70770032837211,72.93898524827269,4.768715080099426,,0,818.9780200000002,
2026-09-08T03:53:13.785543+00:00,77.70494646390264,72.9385357449671,4.766410718935546,,0,818.9780200000002,
2026-09-08T03:53:14.283811+00:00,77.70494646390264,72.9385357449671,4.766410718935546,,0,818.9780200000002,
2026-09-08T03:53:14.789198+00:00,77.70719727023732,72.93362343869084,4.7735738315464715,,0,818.9780200000002,
2026-09-08T03:53:15.319293+00:00,77.70812355453661,72.9338970857015,4.77422646883511,,0,818.9780200000002,
2026-09-08T03:53:15.791791+00:00,77.70812355453661,72.9338970857015,4.77422646883511,,0,818.9780200000002,
2026-09-08T03:53:16.298647+00:00,77.70812355453661,72.9338970857015,4.77422646883511,,0,818.9780200000002,
2026-09-08T03:53:16.798971+00:00,77.7077614829245,72.9349725018109,4.772788981113592,,0,818.9780200000002,
2026-09-08T03:53:17.353218+00:00,77.70822770156973,72.92821311335572,4.7800145882140015,,0,818.9780200000002,
2026-09-08T03:53:17.818842+00:00,77.70822770156973,72.92821311335572,4.7800145882140015,,0,818.9780200000002,
2026-09-08T03:53:19.362934+00:00,77.70822770156973,72.92821311335572,4.7800145882140015,,0,818.9780200000002,
2026-09-08T03:53:19.501609+00:00,77.70772548534516,72.94728680596309,4.7604386793820765,,0,818.9780200000002,
2026-09-08T03:53:20.020895+00:00,77.70772548534516,72.94728680596309,4.7604386793820765,,0,818.9780200000002,
2026-09-08T03:53:20.504163+00:00,77.70878666602745,72.93743938772808,4.771347278299373,,0,818.9780200000002,
2026-09-08T03:53:21.011482+00:00,77.70878666602745,72.93743938772808,4.771347278299373,,0,818.9780200000002,
2026-09-08T03:53:21.511961+00:00,77.70885006399338,72.93886861324748,4.769981450745902,,0,818.9780200000002,
2026-09-08T03:53:22.021133+00:00,77.70885006399338,72.93886861324748,4.769981450745902,,0,818.9780200000002,
2026-09-08T03:53:22.524413+00:00,77.71204509766378,72.9415771740688,4.770467923594978,,0,818.9780200000002,
2026-09-08T03:53:23.023989+00:00,77.71204509766378,72.9415771740688,4.770467923594978,,0,818.9780200000002,
2026-09-08T03:53:23.552499+00:00,77.70822414399264,72.93334569270729,4.774878451285346,,0,818.9780200000002,
2026-09-08T03:53:24.034425+00:00,77.70822414399264,72.93334569270729,4.774878451285346,,0,818.9780200000002,
2026-09-08T03:53:24.552724+00:00,77.70938480116494,72.92468484908362,4.784699952081326,,0,818.9780200000002,
2026-09-08T03:53:25.041010+00:00,77.70938480116494,72.92468484908362,4.784699952081326,,0,818.9780200000002,
2026-09-08T03:53:25.541844+00:00,77.70748327758007,72.92877600589043,4.77870727168964,,0,818.9780200000002,
2026-09-08T03:53:26.072531+00:00,77.70748327758007,72.92877600589043,4.77870727168964,,0,818.9780200000002,
2026-09-08T03:53:26.564188+00:00,77.708211059548,72.92893422570376,4.77927683384425,,0,818.9780200000002,
2026-09-08T03:53:27.048566+00:00,77.708211059548,72.92893422570376,4.77927683384425,,0,818.9780200000002,
2026-09-08T03:53:27.581488+00:00,77.7085494859384,72.9289789439941,4.7795705419443095,,0,818.9780200000002,
2026-09-08T03:53:28.076281+00:00,77.7085494859384,72.9289789439941,4.7795705419443095,,0,818.9780200000002,
2026-09-08T03:53:28.575315+00:00,77.70928914147521,72.91734902737696,4.791940114098253,,0,818.9780200000002,
2026-09-08T03:53:29.084265+00:00,77.70928914147521,72.91734902737696,4.791940114098253,,0,818.9780200000002,
2026-09-08T03:53:29.566400+00:00,77.7080986191251,72.91355733765558,4.79454128146952,,0,818.9780200000002,
2026-09-08T03:53:30.111403+00:00,77.7080986191251,72.91355733765558,4.79454128146952,,0,818.9780200000002,
2026-09-08T03:53:30.611842+00:00,77.71004988438162,72.91564164204759,4.794408242334029,,0,818.9780200000002,
2026-09-08T03:53:31.074127+00:00,77.71004988438162,72.91564164204759,4.794408242334029,,0,818.9780200000002,
2026-09-08T03:53:31.572005+00:00,77.71432098394281,72.91437399936532,4.799946984577488,,0,818.9780200000002,
2026-09-08T03:53:32.080018+00:00,77.71432098394281,72.91437399936532,4.799946984577488,,0,818.9780200000002,
2026-09-08T03:53:32.585998+00:00,77.71165103132535,72.91003261238804,4.801618418937309,,0,818.9780200000002,
2026-09-08T03:53:33.122789+00:00,77.71165103132535,72.91003261238804,4.801618418937309,,0,818.9780200000002,
2026-09-08T03:53:33.584100+00:00,77.712465303335,72.9118405179629,4.800624785372094,,0,818.9780200000002,
2026-09-08T03:53:34.094542+00:00,77.712465303335,72.9118405179629,4.800624785372094,,0,818.9780200000002,
2026-09-08T03:53:34.602087+00:00,77.70799411253765,72.90849631606402,4.799497796473631,,0,818.9780200000002,
2026-09-08T03:53:35.104831+00:00,77.70799411253765,72.90849631606402,4.799497796473631,,0,818.9780200000002,
2026-09-08T03:53:35.601475+00:00,77.70835299941645,72.91118588136027,4.79716711805618,,0,818.9780200000002,
2026-09-08T03:53:36.119283+00:00,77.70835299941645,72.91118588136027,4.79716711805618,,0,818.9780200000002,
2026-09-08T03:53:36.613528+00:00,77.7087538100729,72.91040600100446,4.798347809068446,,0,818.9780200000002,
2026-09-08T03:53:37.119316+00:00,77.7087538100729,72.91040600100446,4.798347809068446,,0,818.9780200000002,
2026-09-08T03:53:37.620720+00:00,77.70638831570479,72.90002687911014,4.806361436594642,,0,818.9780200000002,
2026-09-08T03:53:38.127084+00:00,77.70638831570479,72.90002687911014,4.806361436594642,,0,818.9780200000002,
2026-09-08T03:53:38.629530+00:00,77.70563660974489,72.88008711455647,4.825549495188412,,0,818.9780200000002,
2026-09-08T03:53:39.130776+00:00,77.70563660974489,72.88008711455647,4.825549495188412,,0,818.9780200000002,
2026-09-08T03:53:39.652564+00:00,77.70140354305758,72.87765605897688,4.823747484080698,,0,818.9780200000002,
2026-09-08T03:53:40.133705+00:00,77.70140354305758,72.87765605897688,4.823747484080698,,0,818.9780200000002,
2026-09-08T03:53:40.644852+00:00,77.70152851190703,72.86300317934199,4.838525332565041,,0,818.9780200000002,
2026-09-08T03:53:41.145183+00:00,77.70152851190703,72.86300317934199,4.838525332565041,,0,818.9780200000002,
2026-09-08T03:53:41.648800+00:00,77.70182062533237,72.88130473371723,4.820515891615145,,0,818.9780200000002,
2026-09-08T03:53:42.150274+00:00,77.70182062533237,72.88130473371723,4.820515891615145,,0,818.9780200000002,
2026-09-08T03:53:42.670054+00:00,77.70232049191763,72.8842271859168,4.818093306000833,,0,818.9780200000002,
2026-09-08T03:53:43.146012+00:00,77.70232049191763,72.8842271859168,4.818093306000833,,0,818.9780200000002,
2026-09-08T03:53:43.652729+00:00,77.70306219071634,72.89153900550178,4.811523185214554,,0,818.9780200000002,
2026-09-08T03:53:44.153686+00:00,77.70306219071634,72.89153900550178,4.811523185214554,,0,818.9780200000002,
2026-09-08T03:53:44.657186+00:00,77.7024715427313,72.87831595570064,4.82415558703066,,0,818.9780200000002,
2026-09-08T03:53:45.158839+00:00,77.7024715427313,72.87831595570064,4.82415558703066,,0,818.9780200000002,
2026-09-08T03:53:46.143973+00:00,77.70081172891054,72.88342546350299,4.817386265407549,,0,818.9780200000002,
2026-09-08T03:53:46.282691+00:00,77.70081172891054,72.88342546350299,4.817386265407549,,0,818.9780200000002,
2026-09-08T03:53:46.784089+00:00,77.70053812346974,72.87290814558163,4.827629977888108,,0,818.9780200000002,
2026-09-08T03:53:47.287373+00:00,77.70053812346974,72.87290814558163,4.827629977888108,,0,818.9780200000002,
2026-09-08T03:53:47.791254+00:00,77.7056528771701,72.87852527269014,4.827127604479955,,0,818.9780200000002,
2026-09-08T03:53:48.301783+00:00,77.7056528771701,72.87852527269014,4.827127604479955,,0,818.9780200000002,
2026-09-08T03:53:48.800884+00:00,77.70348786924508,72.86804107701231,4.835446792232773,,0,818.9780200000002,
2026-09-08T03:53:49.329907+00:00,77.70348786924508,72.86804107701231,4.835446792232773,,0,818.9780200000002,
2026-09-08T03:53:49.808107+00:00,77.70193684227391,72.87661644508505,4.825320397188861,,0,818.9780200000002,
2026-09-08T03:53:50.316123+00:00,77.70193684227391,72.87661644508505,4.825320397188861,,0,818.9780200000002,
2026-09-08T03:53:50.815624+00:00,77.70222803657217,72.87602026670673,4.826207769865434,,0,818.9780200000002,
2026-09-08T03:53:51.321975+00:00,77.70222803657217,72.87602026670673,4.826207769865434,,0,818.9780200000002,
2026-09-08T03:53:51.819440+00:00,77.70344251754372,72.87380996062002,4.829632556923698,,0,818.9780200000002,
2026-09-08T03:53:52.343340+00:00,77.70344251754372,72.87380996062002,4.829632556923698,,0,818.9780200000002,
2026-09-08T03:53:52.827971+00:00,77.70288430381481,72.86752520244382,4.835359101370997,,0,818.9780200000002,
2026-09-08T03:53:53.340977+00:00,77.70288430381481,72.86752520244382,4.835359101370997,,0,818.9780200000002,
2026-09-08T03:53:53.829715+00:00,77.70239361080397,72.88119224098715,4.821201369816819,,0,818.9780200000002,
2026-09-08T03:53:54.329638+00:00,77.70239361080397,72.88119224098715,4.821201369816819,,0,818.9780200000002,
2026-09-08T03:53:54.843866+00:00,77.7019038032139,72.86953275888143,4.8323710443324615,,0,818.9780200000002,
2026-09-08T03:53:55.335962+00:00,77.7019038032139,72.86953275888143,4.8323710443324615,,0,818.9780200000002,
2026-09-08T03:53:55.844910+00:00,77.69866157234658,72.85984444538208,4.8388171269645,,0,818.9780200000002,
2026-09-08T03:53:56.344290+00:00,77.69866157234658,72.85984444538208,4.8388171269645,,0,818.9780200000002,
2026-09-08T03:53:56.850359+00:00,77.70003576013104,72.85835058152634,4.841685178604706,,0,818.9780200000002,
2026-09-08T03:53:57.344453+00:00,77.70003576013104,72.85835058152634,4.841685178604706,,0,818.9780200000002,
2026-09-08T03:53:57.851594+00:00,77.7011728158127,72.85507390222944,4.846098913583262,,0,818.9780200000002,
2026-09-08T03:53:58.355275+00:00,77.7011728158127,72.85507390222944,4.846098913583262,,0,818.9780200000002,
2026-09-08T03:53:58.870312+00:00,77.69962086234452,72.8537682427902,4.8458526195543214,,0,818.9780200000002,
2026-09-08T03:53:59.364495+00:00,77.69962086234452,72.8537682427902,4.8458526195543214,,0,818.9780200000002,
2026-09-08T03:53:59.909369+00:00,77.70031377830342,72.8563927963222,4.843920981981228,,0,818.9780200000002,
2026-09-08T03:54:00.428337+00:00,77.70031377830342,72.8563927963222,4.843920981981228,,0,818.9780200000002,
2026-09-08T03:54:00.867903+00:00,77.7012118459234,72.85017892198185,4.8510329239415455,,0,818.9780200000002,
2026-09-08T03:54:01.373130+00:00,77.7012118459234,72.85017892198185,4.8510329239415455,,0,818.9780200000002,
2026-09-08T03:54:01.880850+00:00,77.70322603732387,72.85983270459407,4.8433933327298035,,0,818.9780200000002,
2026-09-08T03:54:02.381661+00:00,77.70322603732387,72.85983270459407,4.8433933327298035,,0,818.9780200000002,
2026-09-08T03:54:02.885967+00:00,77.7051930373968,72.87584681462458,4.829346222772216,,0,818.9780200000002,
2026-09-08T03:54:03.394568+00:00,77.7051930373968,72.87584681462458,4.829346222772216,,0,818.9780200000002,
2026-09-08T03:54:03.896573+00:00,77.70477215661977,72.8753820017172,4.829390154902569,,0,818.9780200000002,
2026-09-08T03:54:04.412022+00:00,77.70477215661977,72.8753820017172,4.829390154902569,,0,818.9780200000002,
2026-09-08T03:54:04.908357+00:00,77.70926861110694,72.88083304756778,4.828435563539159,,0,818.9780200000002,
2026-09-08T03:54:05.403854+00:00,77.70926861110694,72.88083304756778,4.828435563539159,,0,818.9780200000002,
2026-09-08T03:54:05.951952+00:00,77.70757880568378,72.8774749978783,4.830103807805486,,0,818.9780200000002,
2026-09-08T03:54:06.417894+00:00,77.70757880568378,72.8774749978783,4.830103807805486,,0,818.9780200000002,
2026-09-08T03:54:06.916865+00:00,77.70892423629884,72.86809712123718,4.840827115061657,,0,818.9780200000002,
2026-09-08T03:54:07.432089+00:00,77.70892423629884,72.86809712123718,4.840827115061657,,0,818.9780200000002,
2026-09-08T03:54:07.928836+00:00,77.70981031203594,72.86270998848516,4.847100323550777,,0,818.9780200000002,
2026-09-08T03:54:08.436047+00:00,77.70981031203594,72.86270998848516,4.847100323550777,,0,818.9780200000002,
2026-09-08T03:54:08.939684+00:00,77.71053066375592,72.86398229079383,4.84654837296209,,0,818.9780200000002,
2026-09-08T03:54:09.441843+00:00,77.71053066375592,72.86398229079383,4.84654837296209,,0,818.9780200000002,
2026-09-08T03:54:09.941879+00:00,77.71259538414054,72.85319594181934,4.859399442321205,,0,818.9780200000002,
2026-09-08T03:54:10.444678+00:00,77.71259538414054,72.85319594181934,4.859399442321205,,0,818.9780200000002,
2026-09-08T03:54:10.948580+00:00,77.71419727465076,72.86603669110512,4.848160583545635,,0,818.9780200000002,
2026-09-08T03:54:11.450196+00:00,77.71419727465076,72.86603669110512,4.848160583545635,,0,818.9780200000002,
2026-09-08T03:54:11.962413+00:00,77.71500226515123,72.87051636848014,4.844485896671088,,0,818.9780200000002,
2026-09-08T03:54:12.460638+00:00,77.71500226515123,72.87051636848014,4.844485896671088,,0,818.9780200000002,
2026-09-08T03:54:12.962854+00:00,77.71726720073275,72.85938306091127,4.857884139821479,,0,818.9780200000002,
2026-09-08T03:54:13.466835+00:00,77.71726720073275,72.85938306091127,4.857884139821479,,0,818.9780200000002,
2026-09-08T03:54:13.965452+00:00,77.71617342987325,72.84494299828454,4.871230431588714,,0,818.9780200000002,
2026-09-08T03:54:14.857023+00:00,77.71543978815372,72.85605049550067,4.859389292653049,,0,818.9780200000002,
2026-09-08T03:54:15.012182+00:00,77.71543978815372,72.85605049550067,4.859389292653049,,0,818.9780200000002,
2026-09-08T03:54:15.502804+00:00,77.71543978815372,72.85605049550067,4.859389292653049,,0,818.9780200000002,
2026-09-08T03:54:16.010114+00:00,77.71418603440807,72.85568804710294,4.858497987305128,,0,818.9780200000002,
2026-09-08T03:54:16.507254+00:00,77.71418603440807,72.85568804710294,4.858497987305128,,0,818.9780200000002,
2026-09-08T03:54:17.010595+00:00,77.71264608421482,72.8537549233665,4.85889116084833,,0,818.9780200000002,
2026-09-08T03:54:17.514638+00:00,77.71264608421482,72.8537549233665,4.85889116084833,,0,818.9780200000002,
2026-09-08T03:54:18.052779+00:00,77.7141527404385,72.85072900101571,4.863423739422785,,0,818.9780200000002,
2026-09-08T03:54:18.523651+00:00,77.7141527404385,72.85072900101571,4.863423739422785,,0,818.9780200000002,
2026-09-08T03:54:19.028326+00:00,77.71669820037584,72.84631591798592,4.870382282389926,,0,818.9780200000002,
2026-09-08T03:54:19.575067+00:00,77.71669820037584,72.84631591798592,4.870382282389926,,0,818.9780200000002,
2026-09-08T03:54:20.035544+00:00,77.71083783202923,72.84870647272545,4.862131359303774,,0,818.9780200000002,
2026-09-08T03:54:20.528201+00:00,77.71083783202923,72.84870647272545,4.862131359303774,,0,818.9780200000002,
2026-09-08T03:54:21.035050+00:00,77.70929698313326,72.85668535716911,4.852611625964144,,0,818.9780200000002,
2026-09-08T03:54:21.536493+00:00,77.70929698313326,72.85668535716911,4.852611625964144,,0,818.9780200000002,
2026-09-08T03:54:22.045263+00:00,77.71240182388115,72.87018372020769,4.84221810367346,,0,818.9780200000002,
2026-09-08T03:54:22.549157+00:00,77.71240182388115,72.87018372020769,4.84221810367346,,0,818.9780200000002,
2026-09-08T03:54:23.047600+00:00,77.7129900583726,72.85303970517195,4.859950353200645,,0,818.9780200000002,
2026-09-08T03:54:23.555540+00:00,77.7129900583726,72.85303970517195,4.859950353200645,,0,818.9780200000002,
2026-09-08T03:54:24.053159+00:00,77.71242546479172,72.84572432612181,4.86670113866991,,0,818.9780200000002,
2026-09-08T03:54:24.561170+00:00,77.71242546479172,72.84572432612181,4.86670113866991,,0,818.9780200000002,
2026-09-08T03:54:25.066109+00:00,77.71174489037486,72.84815709005045,4.86358780032441,,0,818.9780200000002,
2026-09-08T03:54:25.576986+00:00,77.71174489037486,72.84815709005045,4.86358780032441,,0,818.9780200000002,
2026-09-08T03:54:26.082191+00:00,77.71256678083749,72.84314720999558,4.869419570841913,,0,818.9780200000002,
2026-09-08T03:54:26.580638+00:00,77.71256678083749,72.84314720999558,4.869419570841913,,0,818.9780200000002,
2026-09-08T03:54:27.077313+00:00,77.71150771357573,72.84733988539692,4.864167828178807,,0,818.9780200000002,
2026-09-08T03:54:27.609853+00:00,77.71150771357573,72.84733988539692,4.864167828178807,,0,818.9780200000002,
2026-09-08T03:54:28.087359+00:00,77.7111487049241,72.84957007874473,4.861578626179366,,0,818.9780200000002,
2026-09-08T03:54:28.591030+00:00,77.7111487049241,72.84957007874473,4.861578626179366,,0,818.9780200000002,
2026-09-08T03:54:29.094545+00:00,77.71000275996697,72.85014226036603,4.859860499600941,,0,818.9780200000002,
2026-09-08T03:54:29.597636+00:00,77.71000275996697,72.85014226036603,4.859860499600941,,0,818.9780200000002,
2026-09-08T03:54:30.096655+00:00,77.70893286534951,72.84824494443758,4.8606879209119285,,0,818.9780200000002,
2026-09-08T03:54:30.643182+00:00,77.70893286534951,72.84824494443758,4.8606879209119285,,0,818.9780200000002,
2026-09-08T03:54:31.109971+00:00,77.70852570075256,72.8418313521946,4.866694348557957,,0,818.9780200000002,
2026-09-08T03:54:31.610809+00:00,77.70852570075256,72.8418313521946,4.866694348557957,,0,818.9780200000002,
2026-09-08T03:54:32.114388+00:00,77.71114997863359,72.85257321564862,4.858576762984967,,0,818.9780200000002,
2026-09-08T03:54:32.620167+00:00,77.71114997863359,72.85257321564862,4.858576762984967,,0,818.9780200000002,
2026-09-08T03:54:33.174427+00:00,77.7145126256913,72.84977951247585,4.8647331132154505,,0,818.9780200000002,
2026-09-08T03:54:34.096676+00:00,77.7145126256913,72.84977951247585,4.8647331132154505,,0,818.9780200000002,
2026-09-08T03:54:34.251023+00:00,77.71313685187233,72.84599858662486,4.867138265247476,,0,818.9780200000002,
2026-09-08T03:54:34.746829+00:00,77.71444217714406,72.83994782689659,4.874494350247474,,0,818.9780200000002,
2026-09-08T03:54:35.243202+00:00,77.71444217714406,72.83994782689659,4.874494350247474,,0,818.9780200000002,
2026-09-08T03:54:35.745402+00:00,77.71444217714406,72.83994782689659,4.874494350247474,,0,818.9780200000002,
2026-09-08T03:54:36.276400+00:00,77.71426334396875,72.84996109171541,4.864302252253339,,0,818.9780200000002,
2026-09-08T03:54:36.747962+00:00,77.71426334396875,72.84996109171541,4.864302252253339,,0,818.9780200000002,
2026-09-08T03:54:37.248540+00:00,77.7149875213784,72.8492415281191,4.86574599325931,,0,818.9780200000002,
2026-09-08T03:54:37.759561+00:00,77.71207691396874,72.84031804320485,4.871758870763898,,0,818.9780200000002,
2026-09-08T03:54:38.258040+00:00,77.71207691396874,72.84031804320485,4.871758870763898,,0,818.9780200000002,
2026-09-08T03:54:38.756635+00:00,77.7122380355548,72.83640376805623,4.8758342674985755,,0,818.9780200000002,
2026-09-08T03:54:39.263440+00:00,77.7122380355548,72.83640376805623,4.8758342674985755,,0,818.9780200000002,
2026-09-08T03:54:39.765882+00:00,77.70983008613504,72.844770017887,4.865060068248042,,0,818.9780200000002,
2026-09-08T03:54:40.276613+00:00,77.78413949479975,72.7704606092223,5.013678885577448,,0,818.9780200000002,
2026-09-08T03:54:40.779517+00:00,78.40645890095243,72.1517425453714,6.254716355581024,,0,818.9780200000002,
2026-09-08T03:54:41.317938+00:00,79.07142202713499,71.48677941918885,7.584642607946137,,0,818.9780200000002,
2026-09-08T03:54:41.781428+00:00,79.66922707959341,70.88362552140302,8.785601558190393,,0,818.9780200000002,
2026-09-08T03:54:42.282583+00:00,80.20793803139853,70.3449145695979,9.863023461800623,,0,818.9780200000002,
2026-09-08T03:54:42.808636+00:00,80.20906962233667,70.33811182301812,9.870957799318546,,0,818.9780200000002,
2026-09-08T03:54:43.288606+00:00,80.20906962233667,70.33811182301812,9.870957799318546,,0,818.9780200000002,
2026-09-08T03:54:43.788721+00:00,80.20971944393892,70.34601819558296,9.863701248355966,,0,818.9780200000002,
2026-09-08T03:54:44.295633+00:00,80.20971944393892,70.34601819558296,9.863701248355966,,0,818.9780200000002,
2026-09-08T03:54:44.815211+00:00,80.21052372136428,70.33622759599123,9.87429612537305,,0,818.9780200000002,
2026-09-08T03:54:45.301958+00:00,80.21052372136428,70.33622759599123,9.87429612537305,,0,818.9780200000002,
2026-09-08T03:54:45.837713+00:00,80.21033709965009,70.33122293923864,9.879114160411447,,0,818.9780200000002,
2026-09-08T03:54:46.304908+00:00,80.21033709965009,70.33122293923864,9.879114160411447,,0,818.9780200000002,
2026-09-08T03:54:46.817345+00:00,80.21237649711637,70.31385462021667,9.898521876899693,,0,818.9780200000002,
2026-09-08T03:54:47.356058+00:00,80.21237649711637,70.31385462021667,9.898521876899693,,0,818.9780200000002,
2026-09-08T03:54:47.814553+00:00,80.21289406299594,70.31602584237943,9.896868220616511,,0,818.9780200000002,
2026-09-08T03:54:48.328075+00:00,80.21289406299594,70.31602584237943,9.896868220616511,,0,818.9780200000002,
2026-09-08T03:54:48.830895+00:00,80.21156746525335,70.31815446497541,9.893413000277945,,0,818.9780200000002,
2026-09-08T03:54:49.435200+00:00,80.21156746525335,70.31815446497541,9.893413000277945,,0,818.9780200000002,
2026-09-08T03:54:49.850099+00:00,80.21244188110927,70.31713814344486,9.895303737664406,,0,818.9780200000002,
2026-09-08T03:54:50.352171+00:00,80.1644678906689,70.36511213388523,9.799355756783669,,0,818.9780200000002,
2026-09-08T03:54:50.842096+00:00,79.98744437788872,70.53258907623727,9.454855301651449,,0,818.9780200000002,
2026-09-08T03:54:51.369511+00:00,79.79876289461998,70.72127055950601,9.077492335113973,,0,818.9780200000002,
2026-09-08T03:54:51.847625+00:00,79.62929925425337,70.89605169130225,8.73324756295112,,0,818.9780200000002,
2026-09-08T03:54:52.359681+00:00,79.44712532095171,71.0782256246039,8.36889969634781,,0,818.9780200000002,
2026-09-08T03:54:52.863874+00:00,79.26536091887006,71.2545147471124,8.010846171757663,,0,818.9780200000002,
2026-09-08T03:54:53.362289+00:00,79.08699487087463,71.43288079510782,7.654114075766813,,0,818.9780200000002,
2026-09-08T03:54:53.864963+00:00,78.90476225246798,71.62494537078113,7.279816881686841,,0,818.9780200000002,
2026-09-08T03:54:54.376135+00:00,78.72261003228692,71.80709759096219,6.915512441324736,,0,818.9780200000002,
2026-09-08T03:54:54.871534+00:00,78.54293127920201,71.99084002329954,6.552091255902468,,0,818.9780200000002,
2026-09-08T03:54:55.377304+00:00,78.36305459405949,72.17071670844206,6.192337885617434,,0,818.9780200000002,
2026-09-08T03:54:55.876654+00:00,78.18000203752105,72.36373499073765,5.816267046783395,,0,818.9780200000002,
2026-09-08T03:54:56.384877+00:00,77.99830340868674,72.54543361957197,5.4528697891147715,,0,818.9780200000002,
2026-09-08T03:54:56.882900+00:00,77.81989626523509,72.72381364862956,5.096082616605528,,0,818.9780200000002,
2026-09-08T03:54:57.393965+00:00,77.70305098104559,72.84065893281905,4.862392048226539,,0,818.9780200000002,
2026-09-08T03:54:57.890584+00:00,77.70188768709289,72.84424979552593,4.8576378915669665,,0,818.9780200000002,
2026-09-08T03:54:58.403271+00:00,77.70188768709289,72.84424979552593,4.8576378915669665,,0,818.9780200000002,
2026-09-08T03:55:00.597860+00:00,77.70584136897753,72.85355619493693,4.8522851740406026,,0,818.9780200000002,
2026-09-08T03:55:00.975427+00:00,77.70580111023118,72.85463057782897,4.851170532402207,,0,818.9780200000002,
2026-09-08T03:55:01.479348+00:00,77.70580111023118,72.85463057782897,4.851170532402207,,0,818.9780200000002,
2026-09-08T03:55:01.980406+00:00,77.70731227120947,72.8501398417868,4.8571724294226755,,0,818.9780200000002,
2026-09-08T03:55:02.494651+00:00,77.70731227120947,72.8501398417868,4.8571724294226755,,0,818.9780200000002,
2026-09-08T03:55:03.043121+00:00,77.7044805217928,72.88574481577041,4.8187357060223945,,0,818.9780200000002,
2026-09-08T03:55:03.493710+00:00,77.7044805217928,72.88574481577041,4.8187357060223945,,0,818.9780200000002,
2026-09-08T03:55:04.007036+00:00,77.70507723244418,72.89182227825691,4.813254954187272,,0,818.9780200000002,
2026-09-08T03:55:04.500581+00:00,77.70507723244418,72.89182227825691,4.813254954187272,,0,818.9780200000002,
2026-09-08T03:55:05.062150+00:00,77.70204056916867,72.90654986916329,4.795490700005388,,0,818.9780200000002,
2026-09-08T03:55:05.525526+00:00,77.70204056916867,72.90654986916329,4.795490700005388,,0,818.9780200000002,
2026-09-08T03:55:06.023851+00:00,77.70209776956047,72.90255545591937,4.799542313641098,,0,818.9780200000002,
2026-09-08T03:55:06.553158+00:00,77.70209776956047,72.90255545591937,4.799542313641098,,0,818.9780200000002,
2026-09-08T03:55:07.015932+00:00,77.70324671709568,72.90017955502287,4.803067162072807,,0,818.9780200000002,
2026-09-08T03:55:07.515566+00:00,77.70324671709568,72.90017955502287,4.803067162072807,,0,818.9780200000002,
2026-09-08T03:55:08.021839+00:00,77.70460367565919,72.9016419366714,4.80296173898779,,0,818.9780200000002,
2026-09-08T03:55:08.529465+00:00,77.70460367565919,72.9016419366714,4.80296173898779,,0,818.9780200000002,
2026-09-08T03:55:09.028455+00:00,77.70202026233207,72.90707259491843,4.794947667413638,,0,818.9780200000002,
2026-09-08T03:55:09.542989+00:00,77.70202026233207,72.90707259491843,4.794947667413638,,0,818.9780200000002,
2026-09-08T03:55:10.044727+00:00,77.70146502900772,72.91643136296844,4.785033666039283,,0,818.9780200000002,
2026-09-08T03:55:10.560932+00:00,77.70146502900772,72.91643136296844,4.785033666039283,,0,818.9780200000002,
2026-09-08T03:55:11.050235+00:00,77.69876673439713,72.92801974988483,4.7707469845123,,0,818.9780200000002,
2026-09-08T03:55:11.548806+00:00,77.69876673439713,72.92801974988483,4.7707469845123,,0,818.9780200000002,
2026-09-08T03:55:12.060717+00:00,77.69503003768904,72.91991693470717,4.775113102981862,,0,818.9780200000002,
2026-09-08T03:55:12.595798+00:00,77.69503003768904,72.91991693470717,4.775113102981862,,0,818.9780200000002,
2026-09-08T03:55:13.113651+00:00,77.69933479440031,72.92869611793802,4.770638676462298,,0,818.9780200000002,
2026-09-08T03:55:13.602189+00:00,77.69933479440031,72.92869611793802,4.770638676462298,,0,818.9780200000002,
2026-09-08T03:55:14.076583+00:00,77.70185082398079,72.92039119306222,4.781459630918576,,0,818.9780200000002,
2026-09-08T03:55:14.570780+00:00,77.70185082398079,72.92039119306222,4.781459630918576,,0,818.9780200000002,
2026-09-08T03:55:15.077590+00:00,77.69861363182261,72.93606315342393,4.76255047839868,,0,818.9780200000002,
2026-09-08T03:55:15.581281+00:00,77.69861363182261,72.93606315342393,4.76255047839868,,0,818.9780200000002,
2026-09-08T03:55:16.141339+00:00,77.70091304926694,72.9421199470536,4.758793102213346,,0,818.9780200000002,
2026-09-08T03:55:16.594989+00:00,77.70091304926694,72.9421199470536,4.758793102213346,,0,818.9780200000002,
2026-09-08T03:55:17.100573+00:00,77.70101348510806,72.936949927856,4.764063557252058,,0,818.9780200000002,
2026-09-08T03:55:17.599055+00:00,77.70101348510806,72.936949927856,4.764063557252058,,0,818.9780200000002,
2026-09-08T03:55:18.101617+00:00,77.70229006368736,72.932244872173,4.770045191514356,,0,818.9780200000002,
2026-09-08T03:55:18.605333+00:00,77.70229006368736,72.932244872173,4.770045191514356,,0,818.9780200000002,
2026-09-08T03:55:19.121133+00:00,77.70158249893835,72.94077678752126,4.760805711417092,,0,818.9780200000002,
2026-09-08T03:55:19.609489+00:00,77.70158249893835,72.94077678752126,4.760805711417092,,0,818.9780200000002,
2026-09-08T03:55:20.173370+00:00,77.69797661360953,72.93186952462428,4.766107088985251,,0,818.9780200000002,
2026-09-08T03:55:20.613913+00:00,77.69797661360953,72.93186952462428,4.766107088985251,,0,818.9780200000002,
2026-09-08T03:55:21.130416+00:00,77.6994649711026,72.92114188911091,4.778323081991687,,0,818.9780200000002,
2026-09-08T03:55:21.661074+00:00,77.6994649711026,72.92114188911091,4.778323081991687,,0,818.9780200000002,
2026-09-08T03:55:22.127220+00:00,77.69974482207638,72.9159809029404,4.783763919135978,,0,818.9780200000002,
2026-09-08T03:55:22.671111+00:00,77.69974482207638,72.9159809029404,4.783763919135978,,0,818.9780200000002,
2026-09-08T03:55:23.149965+00:00,77.69872069815138,72.91306324634259,4.785657451808788,,0,818.9780200000002,
2026-09-08T03:55:23.650247+00:00,77.69872069815138,72.91306324634259,4.785657451808788,,0,818.9780200000002,
2026-09-08T03:55:24.154766+00:00,77.69826237806663,72.91497911873675,4.7832832593298775,,0,818.9780200000002,
2026-09-08T03:55:24.645444+00:00,77.69826237806663,72.91497911873675,4.7832832593298775,,0,818.9780200000002,
2026-09-08T03:55:25.181556+00:00,77.69423918901087,72.93423400653013,4.7600051824807394,,0,818.9780200000002,
2026-09-08T03:55:25.661463+00:00,77.69423918901087,72.93423400653013,4.7600051824807394,,0,818.9780200000002,
2026-09-08T03:55:26.168167+00:00,77.6917930957162,72.94303738692678,4.748755708789432,,0,818.9780200000002,
2026-09-08T03:55:26.667614+00:00,77.6917930957162,72.94303738692678,4.748755708789432,,0,818.9780200000002,
2026-09-08T03:55:27.163810+00:00,77.69022827896028,72.95743157587222,4.732796703088056,,0,818.9780200000002,
2026-09-08T03:55:27.740463+00:00,77.69022827896028,72.95743157587222,4.732796703088056,,0,818.9780200000002,
2026-09-08T03:55:28.175761+00:00,77.69136446433158,72.96005163821778,4.7313128261138075,,0,818.9780200000002,
2026-09-08T03:55:28.678772+00:00,77.69136446433158,72.96005163821778,4.7313128261138075,,0,818.9780200000002,
2026-09-08T03:55:29.182036+00:00,77.69435694808008,72.95008732078688,4.744269627293207,,0,818.9780200000002,
2026-09-08T03:55:29.702156+00:00,77.69435694808008,72.95008732078688,4.744269627293207,,0,818.9780200000002,
2026-09-08T03:55:30.193927+00:00,77.69219815427569,72.9451050299472,4.747093124328487,,0,818.9780200000002,
2026-09-08T03:55:30.696628+00:00,77.69219815427569,72.9451050299472,4.747093124328487,,0,818.9780200000002,
2026-09-08T03:55:31.192462+00:00,77.68674800123556,72.95513555175192,4.7316124494836345,,0,818.9780200000002,
2026-09-08T03:55:31.694841+00:00,77.68674800123556,72.95513555175192,4.7316124494836345,,0,818.9780200000002,
2026-09-08T03:55:32.207758+00:00,77.68680425787082,72.94806220869738,4.738742049173439,,0,818.9780200000002,
2026-09-08T03:55:32.759909+00:00,77.68680425787082,72.94806220869738,4.738742049173439,,0,818.9780200000002,
2026-09-08T03:55:33.212362+00:00,77.68757745948784,72.95579277697178,4.731784682516064,,0,818.9780200000002,
2026-09-08T03:55:33.711686+00:00,77.68757745948784,72.95579277697178,4.731784682516064,,0,818.9780200000002,
2026-09-08T03:55:34.241892+00:00,77.68838030890439,72.94613370288332,4.7422466060210695,,0,818.9780200000002,
2026-09-08T03:55:34.719456+00:00,77.68838030890439,72.94613370288332,4.7422466060210695,,0,818.9780200000002,
2026-09-08T03:55:35.231820+00:00,77.68513458701764,72.93414922516945,4.750985361848194,,0,818.9780200000002,
2026-09-08T03:55:35.732941+00:00,77.68513458701764,72.93414922516945,4.750985361848194,,0,818.9780200000002,
2026-09-08T03:55:36.233507+00:00,77.68429198977022,72.92228968459237,4.762002305177845,,0,818.9780200000002,
2026-09-08T03:55:36.749645+00:00,77.68429198977022,72.92228968459237,4.762002305177845,,0,818.9780200000002,
2026-09-08T03:55:37.248798+00:00,77.68372297105994,72.90847634135207,4.7752466297078655,,0,818.9780200000002,
2026-09-08T03:55:37.745046+00:00,77.68372297105994,72.90847634135207,4.7752466297078655,,0,818.9780200000002,
2026-09-08T03:55:38.260845+00:00,77.75669574668004,72.90721848574647,4.849477260933568,,0,818.9780200000002,
2026-09-08T03:55:38.752843+00:00,78.07822984912615,72.90721848574647,5.171011363379677,,0,818.9780200000002,
2026-09-08T03:55:39.304116+00:00,78.32897797137835,72.9013950934279,5.4275828779504565,,0,818.9780200000002,
2026-09-08T03:55:39.786197+00:00,78.32897797137835,72.9013950934279,5.4275828779504565,,0,818.9780200000002,
2026-09-08T03:55:40.284590+00:00,78.32710803520867,72.91385142107814,5.413256614130532,,0,818.9780200000002,
2026-09-08T03:55:40.779544+00:00,78.32710803520867,72.91385142107814,5.413256614130532,,0,818.9780200000002,
2026-09-08T03:55:41.295468+00:00,78.32994703493935,72.90439257106367,5.4255544638756845,,0,818.9780200000002,
2026-09-08T03:55:41.779872+00:00,78.32994703493935,72.90439257106367,5.4255544638756845,,0,818.9780200000002,
2026-09-08T03:55:42.284149+00:00,78.33265507723083,72.91100973674153,5.421645340489292,,0,818.9780200000002,
2026-09-08T03:55:42.791878+00:00,78.33265507723083,72.91100973674153,5.421645340489292,,0,818.9780200000002,
2026-09-08T03:55:43.335102+00:00,78.33230135569158,72.90255381197719,5.429747543714399,,0,818.9780200000002,
2026-09-08T03:55:43.802324+00:00,78.33230135569158,72.90255381197719,5.429747543714399,,0,818.9780200000002,
2026-09-08T03:55:44.292342+00:00,78.33075910125142,72.90461998519085,5.426139116060568,,0,818.9780200000002,
2026-09-08T03:55:44.818065+00:00,78.33075910125142,72.90461998519085,5.426139116060568,,0,818.9780200000002,
2026-09-08T03:55:45.301145+00:00,78.32930401347367,72.90179791162294,5.427506101850739,,0,818.9780200000002,
2026-09-08T03:55:45.808807+00:00,78.32930401347367,72.90179791162294,5.427506101850739,,0,818.9780200000002,
2026-09-08T03:55:46.312356+00:00,78.32867371805199,72.90992982845465,5.418743889597337,,0,818.9780200000002,
2026-09-08T03:55:46.824612+00:00,78.32867371805199,72.90992982845465,5.418743889597337,,0,818.9780200000002,
2026-09-08T03:55:47.331067+00:00,78.33013827718122,72.92863738515035,5.401500892030867,,0,818.9780200000002,
2026-09-08T03:55:47.827227+00:00,78.33013827718122,72.92863738515035,5.401500892030867,,0,818.9780200000002,
2026-09-08T03:55:48.451916+00:00,78.332992615087,72.92032362274055,5.41266899234644,,0,818.9780200000002,
2026-09-08T03:55:48.828480+00:00,78.332992615087,72.92032362274055,5.41266899234644,,0,818.9780200000002,
2026-09-08T03:55:49.378911+00:00,78.33062627337968,72.92401269067112,5.406613582708559,,0,818.9780200000002,
2026-09-08T03:55:49.827709+00:00,78.33062627337968,72.92401269067112,5.406613582708559,,0,818.9780200000002,
2026-09-08T03:55:50.368639+00:00,78.33057497414785,72.91391986239746,5.416655111750387,,0,818.9780200000002,
2026-09-08T03:55:50.832774+00:00,78.31684646360821,72.91391986239746,5.402926601210751,,0,818.9780200000002,
2026-09-08T03:55:51.343106+00:00,78.27447300779407,72.89316884514648,5.381304162647595,,0,818.9780200000002,
2026-09-08T03:55:51.872958+00:00,78.2252417118382,72.89316884514648,5.332072866691718,,0,818.9780200000002,
2026-09-08T03:55:52.384105+00:00,78.17686925559995,72.8987277065279,5.2781415490720605,,0,818.9780200000002,
2026-09-08T03:55:52.843223+00:00,78.13441583488515,72.8987277065279,5.235688128357253,,0,818.9780200000002,
2026-09-08T03:55:53.349927+00:00,78.08884739629713,72.90065090743238,5.188196488864747,,0,818.9780200000002,
2026-09-08T03:55:53.869327+00:00,78.04104318459828,72.90065090743238,5.140392277165901,,0,818.9780200000002,
2026-09-08T03:55:54.352965+00:00,77.998077677812,72.90732512406109,5.090752553750917,,0,818.9780200000002,
2026-09-08T03:55:54.847129+00:00,77.95178009298768,72.90732512406109,5.044454968926587,,0,818.9780200000002,
2026-09-08T03:55:55.360482+00:00,77.90421279380372,72.8938511857052,5.0103616080985205,,0,818.9780200000002,
2026-09-08T03:55:55.852892+00:00,77.85819039829468,72.8938511857052,4.964339212589479,,0,818.9780200000002,
2026-09-08T03:55:56.466442+00:00,77.80515197342112,72.88587845980769,4.919273513613433,,0,818.9780200000002,
2026-09-08T03:55:56.868174+00:00,77.76650380293167,72.88587845980769,4.880625343123981,,0,818.9780200000002,
2026-09-08T03:55:57.362466+00:00,77.71914033652578,72.89626775811197,4.822872578413808,,0,818.9780200000002,
2026-09-08T03:55:57.863316+00:00,77.68971539415531,72.89626775811197,4.793447636043339,,0,818.9780200000002,
2026-09-08T03:55:58.415421+00:00,77.68793622622788,72.91718054057166,4.770755685656212,,0,818.9780200000002,
2026-09-08T03:55:58.908108+00:00,77.68793622622788,72.91718054057166,4.770755685656212,,0,818.9780200000002,
2026-09-08T03:55:59.384532+00:00,77.68918991819461,72.93085440044254,4.758335517752073,,0,818.9780200000002,
2026-09-08T03:55:59.919867+00:00,77.68918991819461,72.93085440044254,4.758335517752073,,0,818.9780200000002,
2026-09-08T03:56:00.374321+00:00,77.68912040603152,72.92414815341837,4.764972252613148,,0,818.9780200000002,
2026-09-08T03:56:00.878958+00:00,77.68912040603152,72.92414815341837,4.764972252613148,,0,818.9780200000002,
2026-09-08T03:56:01.384950+00:00,77.68851279898607,72.91496822366823,4.7735445753178425,,0,818.9780200000002,
2026-09-08T03:56:01.997793+00:00,77.68851279898607,72.91496822366823,4.7735445753178425,,0,818.9780200000002,
2026-09-08T03:56:02.419140+00:00,77.68957735093187,72.90301939678086,4.786557954151007,,0,818.9780200000002,
2026-09-08T03:56:02.892735+00:00,77.68957735093187,72.90301939678086,4.786557954151007,,0,818.9780200000002,
2026-09-08T03:56:03.410675+00:00,77.68877117040762,72.87648815645818,4.81228301394944,,0,818.9780200000002,
2026-09-08T03:56:03.898570+00:00,77.68877117040762,72.87648815645818,4.81228301394944,,0,818.9780200000002,
2026-09-08T03:56:04.432836+00:00,77.68897763570368,72.87946434998156,4.809513285722119,,0,818.9780200000002,
2026-09-08T03:56:04.902331+00:00,77.68897763570368,72.87946434998156,4.809513285722119,,0,818.9780200000002,
2026-09-08T03:56:05.402194+00:00,77.68639328235393,72.90179095192771,4.784602330426225,,0,818.9780200000002,
2026-09-08T03:56:05.909470+00:00,77.68639328235393,72.90179095192771,4.784602330426225,,0,818.9780200000002,
2026-09-08T03:56:06.411871+00:00,77.682420812435,72.90398986587745,4.778430946557549,,0,818.9780200000002,
2026-09-08T03:56:06.945803+00:00,77.682420812435,72.90398986587745,4.778430946557549,,0,818.9780200000002,
2026-09-08T03:56:07.424404+00:00,77.68313840831107,72.9048935997829,4.7782448085281715,,0,818.9780200000002,
2026-09-08T03:56:07.925564+00:00,77.68313840831107,72.9048935997829,4.7782448085281715,,0,818.9780200000002,
2026-09-08T03:56:08.431938+00:00,77.68151318490902,72.90615908564394,4.775354099265087,,0,818.9780200000002,
2026-09-08T03:56:08.934886+00:00,77.68151318490902,72.90615908564394,4.775354099265087,,0,818.9780200000002,
2026-09-08T03:56:09.442082+00:00,77.68283032947151,72.89448926743329,4.788341062038228,,0,818.9780200000002,
2026-09-08T03:56:09.934951+00:00,77.68283032947151,72.89448926743329,4.788341062038228,,0,818.9780200000002,
2026-09-08T03:56:10.441580+00:00,77.68490524544036,72.89011383658608,4.79479140885428,,0,818.9780200000002,
2026-09-08T03:56:10.944939+00:00,77.68490524544036,72.89011383658608,4.79479140885428,,0,818.9780200000002,
2026-09-08T03:56:11.481270+00:00,77.68441232751191,72.89975179026129,4.784660537250616,,0,818.9780200000002,
2026-09-08T03:56:11.959481+00:00,77.68441232751191,72.89975179026129,4.784660537250616,,0,818.9780200000002,
2026-09-08T03:56:12.456610+00:00,77.68226051186956,72.88440716102957,4.797853350839986,,0,818.9780200000002,
2026-09-08T03:56:12.998720+00:00,77.68226051186956,72.88440716102957,4.797853350839986,,0,818.9780200000002,
2026-09-08T03:56:13.506036+00:00,77.68153689120041,72.87799195299658,4.803544938203828,,0,818.9780200000002,
2026-09-08T03:56:13.992200+00:00,77.68153689120041,72.87799195299658,4.803544938203828,,0,818.9780200000002,
2026-09-08T03:56:14.529845+00:00,77.68123671496296,72.89398435229161,4.787252362671353,,0,818.9780200000002,
2026-09-08T03:56:14.975469+00:00,77.68123671496296,72.89398435229161,4.787252362671353,,0,818.9780200000002,
2026-09-08T03:56:15.473392+00:00,77.68434889159664,72.91220449436311,4.772144397233532,,0,818.9780200000002,
2026-09-08T03:56:15.991405+00:00,77.68434889159664,72.91220449436311,4.772144397233532,,0,818.9780200000002,
2026-09-08T03:56:16.486792+00:00,77.68168813926154,72.90652762929962,4.775160509961921,,0,818.9780200000002,
2026-09-08T03:56:16.980899+00:00,77.68168813926154,72.90652762929962,4.775160509961921,,0,818.9780200000002,
2026-09-08T03:56:17.493998+00:00,77.6797380839111,72.8971518247538,4.7825862591572985,,0,818.9780200000002,
2026-09-08T03:56:17.998789+00:00,77.6797380839111,72.8971518247538,4.7825862591572985,,0,818.9780200000002,
2026-09-08T03:56:18.507229+00:00,77.67534960242466,72.88687749245058,4.78847210997408,,0,818.9780200000002,
2026-09-08T03:56:18.992577+00:00,77.67534960242466,72.88687749245058,4.78847210997408,,0,818.9780200000002,
2026-09-08T03:56:19.498866+00:00,77.67654876260993,72.88805240737518,4.7884963552347415,,0,818.9780200000002,
2026-09-08T03:56:20.006159+00:00,77.67654876260993,72.88805240737518,4.7884963552347415,,0,818.9780200000002,
2026-09-08T03:56:20.511636+00:00,77.6749032206096,72.87649307292638,4.798410147683214,,0,818.9780200000002,
2026-09-08T03:56:21.013482+00:00,77.6749032206096,72.87649307292638,4.798410147683214,,0,818.9780200000002,
2026-09-08T03:56:21.509982+00:00,77.67829822074108,72.87414244199344,4.804155778747642,,0,818.9780200000002,
2026-09-08T03:56:22.032111+00:00,77.67829822074108,72.87414244199344,4.804155778747642,,0,818.9780200000002,
2026-09-08T03:56:22.523781+00:00,77.6787762731147,72.87545806491119,4.803318208203521,,0,818.9780200000002,
2026-09-08T03:56:23.017432+00:00,77.6787762731147,72.87545806491119,4.803318208203521,,0,818.9780200000002,
2026-09-08T03:56:23.538973+00:00,77.68173273650832,72.87007269733976,4.811660039168558,,0,818.9780200000002,
2026-09-08T03:56:24.081975+00:00,77.68173273650832,72.87007269733976,4.811660039168558,,0,818.9780200000002,
2026-09-08T03:56:24.543205+00:00,77.68215339967476,72.86620077650389,4.8159526231708725,,0,818.9780200000002,
2026-09-08T03:56:25.031662+00:00,77.68215339967476,72.86620077650389,4.8159526231708725,,0,818.9780200000002,
2026-09-08T03:56:25.548891+00:00,77.68401678112905,72.89128242053098,4.792734360598061,,0,818.9780200000002,
2026-09-08T03:56:26.086368+00:00,77.68401678112905,72.89128242053098,4.792734360598061,,0,818.9780200000002,
2026-09-08T03:56:26.545596+00:00,77.68647349482788,72.90361383976997,4.782859655057905,,0,818.9780200000002,
2026-09-08T03:56:27.052033+00:00,77.68647349482788,72.90361383976997,4.782859655057905,,0,818.9780200000002,
2026-09-08T03:56:27.593600+00:00,77.68542501010444,72.9094749742195,4.775950035884932,,0,818.9780200000002,
2026-09-08T03:56:28.168183+00:00,77.68542501010444,72.9094749742195,4.775950035884932,,0,818.9780200000002,
2026-09-08T03:56:28.561182+00:00,77.68430583864718,72.90660805127924,4.777697787367941,,0,818.9780200000002,
2026-09-08T03:56:29.085932+00:00,77.68430583864718,72.90660805127924,4.777697787367941,,0,818.9780200000002,
2026-09-08T03:56:29.563935+00:00,77.68450156349574,72.90947772508062,4.775023838415123,,0,818.9780200000002,
2026-09-08T03:56:30.079833+00:00,77.68450156349574,72.90947772508062,4.775023838415123,,0,818.9780200000002,
2026-09-08T03:56:30.570228+00:00,77.68566824327291,72.8951103246661,4.790557918606808,,0,818.9780200000002,
2026-09-08T03:56:31.070453+00:00,77.68566824327291,72.8951103246661,4.790557918606808,,0,818.9780200000002,
2026-09-08T03:56:31.570920+00:00,77.6896641665184,72.89205958971453,4.797604576803863,,0,818.9780200000002,
2026-09-08T03:56:32.076091+00:00,77.6896641665184,72.89205958971453,4.797604576803863,,0,818.9780200000002,
2026-09-08T03:56:32.584987+00:00,77.68639785180986,72.90674900784127,4.779648843968587,,0,818.9780200000002,
2026-09-08T03:56:33.082502+00:00,77.68639785180986,72.90674900784127,4.779648843968587,,0,818.9780200000002,
2026-09-08T03:56:33.612834+00:00,77.68565468797857,72.89464185329807,4.791012834680501,,0,818.9780200000002,
2026-09-08T03:56:34.086385+00:00,77.68565468797857,72.89464185329807,4.791012834680501,,0,818.9780200000002,
2026-09-08T03:56:34.595739+00:00,77.68555483818793,72.89839504349155,4.787159794696379,,0,818.9780200000002,
2026-09-08T03:56:35.093476+00:00,77.68555483818793,72.89839504349155,4.787159794696379,,0,818.9780200000002,
2026-09-08T03:56:35.597980+00:00,77.68551624068586,72.90229852989842,4.78321771078744,,0,818.9780200000002,
2026-09-08T03:56:36.101820+00:00,77.68551624068586,72.90229852989842,4.78321771078744,,0,818.9780200000002,
2026-09-08T03:56:36.601176+00:00,77.68603084653195,72.89602979569919,4.790001050832757,,0,818.9780200000002,
2026-09-08T03:56:37.110825+00:00,77.68603084653195,72.89602979569919,4.790001050832757,,0,818.9780200000002,
2026-09-08T03:56:37.603837+00:00,77.68749427492509,72.90560408219567,4.781890192729421,,0,818.9780200000002,
2026-09-08T03:56:38.113310+00:00,77.68749427492509,72.90560408219567,4.781890192729421,,0,818.9780200000002,
2026-09-08T03:56:38.611952+00:00,77.68144375525192,72.91123723171896,4.770206523532963,,0,818.9780200000002,
2026-09-08T03:56:39.121858+00:00,77.68144375525192,72.91123723171896,4.770206523532963,,0,818.9780200000002,
2026-09-08T03:56:39.622521+00:00,77.68076187380133,72.91243499978636,4.768326874014974,,0,818.9780200000002,
2026-09-08T03:56:40.135553+00:00,77.68076187380133,72.91243499978636,4.768326874014974,,0,818.9780200000002,
2026-09-08T03:56:40.654547+00:00,77.68289275570598,72.90793419396306,4.77495856174292,,0,818.9780200000002,
2026-09-08T03:56:41.163658+00:00,77.68289275570598,72.90793419396306,4.77495856174292,,0,818.9780200000002,
2026-09-08T03:56:41.635621+00:00,77.68215338372279,72.91381978405958,4.768333599663208,,0,818.9780200000002,
2026-09-08T03:56:42.174954+00:00,77.68215338372279,72.91381978405958,4.768333599663208,,0,818.9780200000002,
2026-09-08T03:56:42.648737+00:00,77.68372332943152,72.9124396734497,4.771283655981819,,0,818.9780200000002,
2026-09-08T03:56:43.193215+00:00,77.68372332943152,72.9124396734497,4.771283655981819,,0,818.9780200000002,
2026-09-08T03:56:43.646839+00:00,77.68544105765521,72.9093302899694,4.7761107676858074,,0,818.9780200000002,
2026-09-08T03:56:44.155036+00:00,77.68544105765521,72.9093302899694,4.7761107676858074,,0,818.9780200000002,
2026-09-08T03:56:44.821975+00:00,77.68584297905747,72.91281917675455,4.773023802302916,,0,818.9780200000002,
2026-09-08T03:56:45.150043+00:00,77.68584297905747,72.91281917675455,4.773023802302916,,0,818.9780200000002,
2026-09-08T03:56:45.667733+00:00,77.68223534437152,72.91764778582565,4.76458755854587,,0,818.9780200000002,
2026-09-08T03:56:46.162608+00:00,77.68223534437152,72.91764778582565,4.76458755854587,,0,818.9780200000002,
2026-09-08T03:56:46.660109+00:00,77.68022546951066,72.91315033114468,4.767075138365982,,0,818.9780200000002,
2026-09-08T03:56:47.164422+00:00,77.68022546951066,72.91315033114468,4.767075138365982,,0,818.9780200000002,
2026-09-08T03:56:47.662135+00:00,77.67784746304514,72.91057870995719,4.767268753087947,,0,818.9780200000002,
2026-09-08T03:56:48.170363+00:00,77.67784746304514,72.91057870995719,4.767268753087947,,0,818.9780200000002,
2026-09-08T03:56:48.729700+00:00,77.67853361201453,72.90701652328507,4.771517088729468,,0,818.9780200000002,
2026-09-08T03:56:49.187256+00:00,77.67853361201453,72.90701652328507,4.771517088729468,,0,818.9780200000002,
2026-09-08T03:56:49.682392+00:00,77.67940329755065,72.8840523852908,4.795350912259849,,0,818.9780200000002,
2026-09-08T03:56:50.181359+00:00,77.67940329755065,72.8840523852908,4.795350912259849,,0,818.9780200000002,
2026-09-08T03:56:50.698561+00:00,77.67984992055185,72.88735818450158,4.792491736050266,,0,818.9780200000002,
2026-09-08T03:56:51.189164+00:00,77.67984992055185,72.88735818450158,4.792491736050266,,0,818.9780200000002,
2026-09-08T03:56:51.691435+00:00,77.67669358149402,72.8930865703565,4.783607011137519,,0,818.9780200000002,
2026-09-08T03:56:52.186278+00:00,77.67669358149402,72.8930865703565,4.783607011137519,,0,818.9780200000002,
2026-09-08T03:56:52.709880+00:00,77.67615114884894,72.88867292206858,4.787478226780365,,0,818.9780200000002,
2026-09-08T03:56:53.199214+00:00,77.67615114884894,72.88867292206858,4.787478226780365,,0,818.9780200000002,
2026-09-08T03:56:53.701712+00:00,77.67631090842019,72.87848295647017,4.797827951950026,,0,818.9780200000002,
2026-09-08T03:56:54.203733+00:00,77.67631090842019,72.87848295647017,4.797827951950026,,0,818.9780200000002,
2026-09-08T03:56:54.714773+00:00,77.6796093363461,72.87972986645073,4.799879469895373,,0,818.9780200000002,
2026-09-08T03:56:55.202151+00:00,77.6796093363461,72.87972986645073,4.799879469895373,,0,818.9780200000002,
2026-09-08T03:56:55.707293+00:00,77.68122950195432,72.87719288752244,4.80403661443188,,0,818.9780200000002,
2026-09-08T03:56:56.265084+00:00,77.68122950195432,72.87719288752244,4.80403661443188,,0,818.9780200000002,
2026-09-08T03:56:56.711226+00:00,77.61232239363119,72.88672405380049,4.725598339830697,,0,818.9780200000002,
2026-09-08T03:56:57.250371+00:00,77.15278911861706,72.88672405380049,4.266065064816573,,0,818.9780200000002,
2026-09-08T03:56:57.717728+00:00,76.82577628076764,72.9021107460761,3.923665534691537,,0,818.9780200000002,
2026-09-08T03:56:58.229530+00:00,76.82577628076764,72.9021107460761,3.923665534691537,,0,818.9780200000002,
2026-09-08T03:56:58.728051+00:00,76.82568172543117,72.88204023700553,3.9436414884256408,,0,818.9780200000002,
2026-09-08T03:56:59.229391+00:00,76.82568172543117,72.88204023700553,3.9436414884256408,,0,818.9780200000002,
2026-09-08T03:56:59.724944+00:00,76.8318163551288,72.87475486430054,3.957061490828252,,0,818.9780200000002,
2026-09-08T03:57:02.103883+00:00,76.82941699525587,72.87202815824325,3.9573888370126156,,0,818.9780200000002,
2026-09-08T03:57:02.929297+00:00,76.82902463184108,72.87292708754686,3.9560975442942237,,0,818.9780200000002,
2026-09-08T03:57:03.941490+00:00,76.83074737565657,72.85373691710139,3.977010458555185,,0,818.9780200000002,
2026-09-08T03:57:04.941822+00:00,76.8326224993742,72.85364969600828,3.97897280336592,,0,818.9780200000002,
2026-09-08T03:57:05.939721+00:00,76.83416355269802,72.85268347895553,3.981480073742489,,0,818.9780200000002,
2026-09-08T03:57:06.933977+00:00,76.8368477978539,72.8545681466253,3.982279651228609,,0,818.9780200000002,
2026-09-08T03:57:07.962756+00:00,76.83614237030942,72.86380701030204,3.972335360007378,,0,818.9780200000002,
2026-09-08T03:57:08.945856+00:00,76.83495009110258,72.87426890511661,3.960681185985976,,0,818.9780200000002,
2026-09-08T03:57:09.981707+00:00,76.83287510853067,72.87010292402128,3.96277218450939,,0,818.9780200000002,
2026-09-08T03:57:10.965999+00:00,76.8298045457456,72.85795633651968,3.971848209225925,,0,818.9780200000002,
2026-09-08T03:57:11.973335+00:00,76.84379649632427,72.8408409195454,4.002955576778874,,0,818.9780200000002,
2026-09-08T03:57:12.963241+00:00,76.96675664294548,72.83144849975027,4.135308143195218,,0,818.9780200000002,
2026-09-08T03:57:13.965954+00:00,77.0917719910721,72.82280031786384,4.268971673208256,,0,818.9780200000002,
2026-09-08T03:57:14.981191+00:00,77.21704470383251,72.82045613136152,4.396588572470989,,0,818.9780200000002,
2026-09-08T03:57:15.994768+00:00,77.34314547800666,72.82559609570697,4.517549382299691,,0,818.9780200000002,
2026-09-08T03:57:16.981221+00:00,77.46795949671328,72.82583971825811,4.642119778455168,,0,818.9780200000002,
2026-09-08T03:57:18.015286+00:00,77.59216018789,72.8152635493955,4.776896638494506,,0,818.9780200000002,
2026-09-08T03:57:19.000511+00:00,77.69504056941794,72.82785870678687,4.867181862631071,,0,818.9780200000002,
2026-09-08T03:57:19.986282+00:00,77.69744691884526,72.8230077311095,4.87443918773576,,0,818.9780200000002,
2026-09-08T03:57:20.998905+00:00,77.69921191556675,72.81013533655592,4.889076579010833,1.7754,0,818.9780200000002,
2026-09-08T03:57:21.998575+00:00,77.70005929411161,72.80165157293865,4.898407721172958,1.5846,0,818.9780200000002,
2026-09-08T03:57:23.009975+00:00,77.70027746353892,72.80307027285889,4.897207190680035,1.4097,0,818.9780200000002,
2026-09-08T03:57:24.029286+00:00,77.69917890172484,72.80322642959013,4.895952472134709,1.2637,0,818.9780200000002,
2026-09-08T03:57:25.007720+00:00,77.69881092547166,72.79873587734373,4.900075048127931,1.1505,0,818.9780200000002,
2026-09-08T03:57:26.011735+00:00,77.69942610438979,72.79906595380271,4.900360150587076,1.043,0,818.9780200000002,
2026-09-08T03:57:27.011159+00:00,77.69873104578761,72.79780772172334,4.900923324064266,0.9475,0,818.9780200000002,
2026-09-08T03:57:28.021235+00:00,77.6990909565038,72.80424348221561,4.894847474288184,0.8452,0,818.9780200000002,
2026-09-08T03:57:29.034303+00:00,77.69877516595373,72.78786742470987,4.910907741243861,0.8079,0,818.9780200000002,
2026-09-08T03:57:30.021246+00:00,77.6978699693356,72.78976518079374,4.908104788541863,0.7276,0,818.9780200000002,
2026-09-08T03:57:31.032591+00:00,77.69659138372022,72.7907735793754,4.905817804344821,0.6563,0,818.9780200000002,
2026-09-08T03:57:32.033887+00:00,77.69933592691578,72.80679867903703,4.892537247878749,0.5508,0,818.9780200000002,
2026-09-08T03:57:33.045994+00:00,77.6999359976139,72.80609546496245,4.893840532651453,0.4974,0,818.9780200000002,
2026-09-08T03:57:34.041805+00:00,77.69795194705235,72.7975336215539,4.90041832549845,0.479,0,818.9780200000002,
2026-09-08T03:57:35.045310+00:00,77.69758576635381,72.79315068696992,4.904435079383887,0.4637,0,818.9780200000002,
2026-09-08T03:57:36.061271+00:00,77.69540626530627,72.79453298951738,4.900873275788896,0.3807,0,818.9780200000002,
2026-09-08T03:57:37.049801+00:00,77.69387829839145,72.7809800669181,4.912898231473349,0.7643,0,818.9780200000002,
2026-09-08T03:57:38.054876+00:00,77.68942730258404,72.78130939045758,4.908117912126457,0.9451,0,818.9780200000002,
2026-09-08T03:57:39.078314+00:00,77.6882087477321,72.80979475449061,4.8784139932414945,-2.1016,0,818.9780200000002,
2026-09-08T03:57:40.134151+00:00,77.69091311966307,72.82591083034092,4.865002289322149,-3.041,0,818.9780200000002,
2026-09-08T03:57:41.065182+00:00,77.69134059175317,72.81802084838031,4.873319743372861,-1.9918,0,818.9780200000002,
2026-09-08T03:57:42.076714+00:00,77.68833702780532,72.81534792498418,4.872989102821137,-1.7523,0,818.9780200000002,
2026-09-08T03:57:43.082532+00:00,77.68628309386425,72.81250812572887,4.873774968135379,-1.5042,0,818.9780200000002,
2026-09-08T03:57:44.093521+00:00,77.68784616512163,72.80355999525283,4.884286169868801,-0.697,0,818.9780200000002,
2026-09-08T03:57:45.086229+00:00,77.68600973268414,72.81026527637583,4.875744456308311,-1.1777,0,818.9780200000002,
2026-09-08T03:57:46.091030+00:00,77.68545910208917,72.81607383808318,4.8693852640059845,-1.4344,0,818.9780200000002,
2026-09-08T03:57:47.094549+00:00,77.68556419941393,72.82340904392895,4.8621551554849844,-1.6629,0,818.9780200000002,
2026-09-08T03:57:48.129872+00:00,77.68456987549565,72.838710008192,4.845859867303659,-2.1787,0,818.9780200000002,
2026-09-08T03:57:49.103656+00:00,77.68756783903136,72.84225806896391,4.845309770067445,-1.9111,0,818.9780200000002,
2026-09-08T03:57:50.099161+00:00,77.6890388701053,72.84371476453417,4.845324105571137,-1.6847,0,818.9780200000002,
2026-09-08T03:57:51.110467+00:00,77.68996061315012,72.84676402768216,4.843196585467965,-1.5868,0,818.9780200000002,
2026-09-08T03:57:52.106569+00:00,77.6878298697224,72.83972190035485,4.848107969367561,-1.2215,0,818.9780200000002,
2026-09-08T03:57:53.121728+00:00,77.68763397362092,72.84895029066156,4.838683682959356,-1.4618,0,818.9780200000002,
2026-09-08T03:57:54.126904+00:00,77.68649495814397,72.8549979007411,4.831497057402871,-1.5763,0,818.9780200000002,
2026-09-08T03:57:55.140432+00:00,77.68909108606641,72.84153586232996,4.84755522373645,-0.8166,0,818.9780200000002,
2026-09-08T03:57:56.125049+00:00,77.68497325203673,72.8429880022093,4.841985249827431,-0.9703,0,818.9780200000002,
2026-09-08T03:57:57.132028+00:00,77.6854676622948,72.84508727740776,4.840380384887041,-1.0017,0,818.9780200000002,
2026-09-08T03:57:58.132254+00:00,77.6883243042714,72.86062195714824,4.827702347123164,-1.6543,0,818.9780200000002,
2026-09-08T03:57:59.134775+00:00,78.21976328574533,72.86824085644865,5.351522429296679,4.3122,0,818.9780200000002,
2026-09-08T03:58:00.136833+00:00,78.26291907839803,72.8694326689358,5.393486409462227,3.116,0,818.9780200000002,
2026-09-08T03:58:01.145120+00:00,78.26171141601303,72.86026576001706,5.401445655995971,2.4721,0,818.9780200000002,
2026-09-08T03:58:02.143480+00:00,78.26272691989132,72.86464240108783,5.398084518803486,2.0494,0,818.9780200000002,
2026-09-08T03:58:03.164802+00:00,78.259702508211,72.86794842642121,5.391754081789799,1.7471,0,818.9780200000002,
2026-09-08T03:58:04.189567+00:00,78.25850313244189,72.86844235145372,5.390060780988165,1.5345,0,818.9780200000002,
2026-09-08T03:58:05.163791+00:00,78.2593377772942,72.87256208646257,5.386775690831641,1.358,0,818.9780200000002,
2026-09-08T03:58:06.164149+00:00,78.70846533296441,72.41448273638221,6.293982596582197,3.1755,0,818.9780200000002,
2026-09-08T03:58:07.164383+00:00,79.96045141281364,71.1665667441915,8.793884668622141,3.9574,0,818.9780200000002,
2026-09-08T03:58:08.165241+00:00,80.75860996817093,70.3630321641848,10.395577803986129,3.4155,0,818.9780200000002,
2026-09-08T03:58:09.192737+00:00,80.75734030178484,70.35868812961199,10.398652172172845,2.6024,0,818.9780200000002,
2026-09-08T03:58:10.175225+00:00,80.74302872038577,70.35656189451814,10.386466825867629,2.1414,0,818.9780200000002,
2026-09-08T03:58:11.175189+00:00,80.66146456913256,70.37187611726307,10.289588451869491,1.8009,0,818.9780200000002,
2026-09-08T03:58:12.178885+00:00,80.57816394971655,70.37851941140401,10.19964453831254,1.5497,0,818.9780200000002,
2026-09-08T03:58:13.204250+00:00,80.49217432933872,70.36549028108563,10.126684048253097,1.3554,0,818.9780200000002,
2026-09-08T03:58:14.194657+00:00,80.41211231747323,70.3639996666702,10.048112650803034,1.1905,0,818.9780200000002,
2026-09-08T03:58:15.193120+00:00,80.33000051941121,70.36010938341347,9.969891135997742,1.0469,0,818.9780200000002,
2026-09-08T03:58:16.195898+00:00,80.10632099469059,70.51736281574236,9.588958178948232,0.8014,0,818.9780200000002,
2026-09-08T03:58:17.196785+00:00,79.68142253007994,70.88625724798558,8.79516528209436,0.396,0,818.9780200000002,
2026-09-08T03:58:18.204145+00:00,79.32013450906355,71.24251325986683,8.077621249196724,0.0109,0,818.9780200000002,
2026-09-08T03:58:19.242308+00:00,78.95643139104065,71.60491472860011,7.351516662440545,-0.3841,0,818.9780200000002,
2026-09-08T03:58:20.213283+00:00,78.6018837228693,71.94234151882434,6.659542204044968,-0.7701,0,818.9780200000002,
2026-09-08T03:58:21.214417+00:00,78.24100276221903,72.29510202261636,5.9459007396026635,-1.1563,0,818.9780200000002,
2026-09-08T03:58:22.225100+00:00,77.88232221245426,72.65083429354786,5.231487918906396,-1.5023,0,818.9780200000002,
2026-09-08T03:58:23.231068+00:00,77.67502984109382,72.86005621600196,4.814973625091852,-1.6592,0,818.9780200000002,
2026-09-08T03:58:24.228825+00:00,77.67314182875289,72.87349760455278,4.799644224200108,-1.6173,0,818.9780200000002,
2026-09-08T03:58:25.249930+00:00,77.67327190672643,72.87858677691591,4.794685129810517,-1.573,0,818.9780200000002,
2026-09-08T03:58:26.241442+00:00,77.67040813099318,72.87919132795922,4.7912168030339615,-1.4779,0,818.9780200000002,
2026-09-08T03:58:27.240333+00:00,77.66816128107001,72.87474975847313,4.793411522596884,-1.3249,0,818.9780200000002,
2026-09-08T03:58:28.246918+00:00,77.66571476241494,72.87672876401936,4.7889859983955745,-1.1975,0,818.9780200000002,
2026-09-08T03:58:29.282846+00:00,77.66771919341643,72.87209581676895,4.795623376647484,-1.0831,0,818.9780200000002,
2026-09-08T03:58:30.245976+00:00,77.66901708272471,72.86822452853937,4.800792554185335,-0.9823,0,818.9780200000002,
2026-09-08T03:58:31.251448+00:00,77.6684230700144,72.85593081771954,4.812492252294859,-0.888,0,818.9780200000002,
2026-09-08T03:58:32.249548+00:00,77.66995821379493,72.83379781689348,4.836160396901448,-0.7956,0,818.9780200000002,
2026-09-08T03:58:33.258492+00:00,77.67191094901924,72.8291293035094,4.842781645509831,-0.7164,0,818.9780200000002,
2026-09-08T03:58:34.261872+00:00,77.67245039961684,72.82704866987554,4.8454017297412975,-0.6442,0,818.9780200000002,
2026-09-08T03:58:35.264551+00:00,77.6689648109278,72.83980010148348,4.829164709444328,-0.59,0,818.9780200000002,
2026-09-08T03:58:36.262512+00:00,77.67051840472189,72.85148173307095,4.8190366716509345,-0.5401,0,818.9780200000002,
2026-09-08T03:58:37.278920+00:00,77.67207034312078,72.8520640775882,4.820006265532584,-0.4803,0,818.9780200000002,
2026-09-08T03:58:38.266810+00:00,77.66965261652783,72.85639051726746,4.8132620992603705,-0.4282,0,818.9780200000002,
2026-09-08T03:58:39.285261+00:00,77.66683401513215,72.85277006562772,4.81406394950443,-0.3631,0,818.9780200000002,
2026-09-08T03:58:40.274158+00:00,77.6674001164693,72.86039371730713,4.807006399162162,-0.3192,0,818.9780200000002,
2026-09-08T03:58:41.288131+00:00,77.6667787571341,72.86366822641833,4.80311053071577,-0.318,0,818.9780200000002,
2026-09-08T03:58:42.282439+00:00,77.66466592627908,72.87712564581518,4.787540280463901,-1.3373,0,818.9780200000002,
2026-09-08T03:58:43.289031+00:00,77.66281102334504,72.87187822259429,4.790932800750753,-1.0403,0,818.9780200000002,
2026-09-08T03:58:44.312151+00:00,77.66308806304707,72.86479744029025,4.798290622756824,-0.6176,0,818.9780200000002,
2026-09-08T03:58:45.296589+00:00,77.66064770683805,72.85905893057944,4.801588776258612,-0.4561,0,818.9780200000002,
2026-09-08T03:58:46.309273+00:00,77.66031902716954,72.85933740025108,4.800981626918457,-0.5307,0,818.9780200000002,
2026-09-08T03:58:47.312135+00:00,77.66162529650863,72.8508096960364,4.810815600472225,-0.0052,0,818.9780200000002,
2026-09-08T03:58:48.311258+00:00,77.66185146869114,72.85623021892145,4.805621249769686,-0.3843,0,818.9780200000002,
2026-09-08T03:58:49.314740+00:00,77.66103871203939,72.84782002557445,4.813218686464936,0.0391,0,818.9780200000002,
2026-09-08T03:58:50.321701+00:00,77.65812451987321,72.84941273795819,4.808711781915022,-0.2816,0,818.9780200000002,
2026-09-08T03:58:51.340559+00:00,77.65425715198941,72.83270936479788,4.821547787191534,0.5259,0,818.9780200000002,
2026-09-08T03:58:52.337993+00:00,77.65290343372445,72.8329524010224,4.8199510327020505,0.5012,0,818.9780200000002,
2026-09-08T03:58:53.348223+00:00,77.65252710552677,72.83046898731192,4.822058118214855,0.8008,0,818.9780200000002,
2026-09-08T03:58:54.380075+00:00,77.65282367687414,72.83297833474292,4.819845342131217,0.8877,0,818.9780200000002,
2026-09-08T03:58:55.343619+00:00,77.6496066968819,72.85214652867916,4.797460168202747,-1.114,0,818.9780200000002,
2026-09-08T03:58:56.359962+00:00,77.64741128021943,72.86083902296295,4.786572257256481,-1.881,0,818.9780200000002,
2026-09-08T03:58:57.345333+00:00,77.64460077060023,72.85599743088159,4.788603339718648,-1.5115,0,818.9780200000002,
2026-09-08T03:58:58.355024+00:00,77.64394390845867,72.85285500838906,4.79108890006961,-1.1625,0,818.9780200000002,
2026-09-08T03:58:59.358679+00:00,77.6410280210202,72.8640399684863,4.776988052533909,-2.0135,0,818.9780200000002,
2026-09-08T03:59:00.360425+00:00,77.64042330778307,72.86548616439208,4.774937143390986,-1.8589,0,818.9780200000002,
2026-09-08T03:59:01.364924+00:00,77.64274735515707,72.85592685553875,4.786820499618315,-0.9315,0,818.9780200000002,
2026-09-08T03:59:02.376571+00:00,77.64476375190323,72.84389772849379,4.800866023409441,0.0015,0,818.9780200000002,
2026-09-08T03:59:03.377220+00:00,77.64521662458158,72.83410375385827,4.811112870723306,0.6604,0,818.9780200000002,
2026-09-08T03:59:04.384717+00:00,77.64767758111833,72.8197186201344,4.827958960983935,1.6313,0,818.9780200000002,
2026-09-08T03:59:05.382232+00:00,77.64722406118517,72.81481648302098,4.832407578164194,1.6831,0,818.9780200000002,
2026-09-08T03:59:06.381355+00:00,77.6491105160095,72.82033076064805,4.828779755361452,1.3142,0,818.9780200000002,
2026-09-08T03:59:07.392103+00:00,77.65127084640943,72.82787714563679,4.823393700772641,0.9421,0,818.9780200000002,
2026-09-08T03:59:08.392083+00:00,77.64789016431686,72.83872775092027,4.809162413396592,0.1192,0,818.9780200000002,
2026-09-08T03:59:09.393963+00:00,77.64621624362083,72.84810005696303,4.7981161866577935,-0.4671,0,818.9780200000002,
2026-09-08T03:59:10.403176+00:00,77.64756329342539,72.85953127820702,4.788032015218377,-0.9589,0,818.9780200000002,
2026-09-08T03:59:11.404494+00:00,77.64978741186715,72.86392768557286,4.785859726294291,-0.9768,0,818.9780200000002,
2026-09-08T03:59:12.403434+00:00,77.65051297511125,72.86256279074811,4.78795018436314,-0.7772,0,818.9780200000002,
2026-09-08T03:59:13.403189+00:00,77.6499779124992,72.8589619195881,4.791015992911099,-0.5341,0,818.9780200000002,
2026-09-08T03:59:14.406824+00:00,77.65167370023539,72.86662982798849,4.785043872246902,-0.7897,0,818.9780200000002,
2026-09-08T03:59:15.411889+00:00,77.6534932491162,72.87429287408877,4.779200375027429,-1.0455,0,818.9780200000002,
2026-09-08T03:59:16.426339+00:00,77.65341924170454,72.87807181627218,4.775347425432358,-1.1967,0,818.9780200000002,
2026-09-08T03:59:17.425323+00:00,77.64797700277896,72.86291570946369,4.785061293315266,-0.6499,0,818.9780200000002,
2026-09-08T03:59:18.423102+00:00,77.65028478362787,72.85934432201807,4.790940461609793,-0.3282,0,818.9780200000002,
2026-09-08T03:59:19.426526+00:00,77.65014242982964,72.85360566519056,4.796536764639086,-0.0784,0,818.9780200000002,
2026-09-08T03:59:20.459794+00:00,77.65037988923152,72.85647429090089,4.793905598330625,-0.293,0,818.9780200000002,
2026-09-08T03:59:21.443071+00:00,77.64852004100965,72.84565468916453,4.802865351845114,0.1903,0,818.9780200000002,
2026-09-08T03:59:22.439937+00:00,77.64866371087206,72.8350318120287,4.813631898843354,0.7821,0,818.9780200000002,
2026-09-08T03:59:23.442944+00:00,77.64914625581488,72.829527131194,4.8196191246208855,1.0853,0,818.9780200000002,
2026-09-08T03:59:24.439030+00:00,77.64875400198652,72.84090476823108,4.807849233755434,0.4965,0,818.9780200000002,
2026-09-08T03:59:25.445894+00:00,77.64999302652454,72.85078572206488,4.799207304459657,0.0779,0,818.9780200000002,
2026-09-08T03:59:26.450956+00:00,77.648825910727,72.86906611249636,4.779759798230643,-1.201,0,818.9780200000002,
2026-09-08T03:59:27.551603+00:00,77.65155255264915,72.86257871738343,4.788973835265722,-0.424,0,818.9780200000002,
2026-09-08T03:59:28.463108+00:00,77.6500964054454,72.86350628700195,4.786590118443442,-0.5533,0,818.9780200000002,
2026-09-08T03:59:29.467357+00:00,77.65080976243523,72.8556382947805,4.7951714676547255,0.2286,0,818.9780200000002,
2026-09-08T03:59:30.469374+00:00,77.65343002001724,72.86235605094558,4.791073969071661,-0.1539,0,818.9780200000002,
2026-09-08T03:59:31.471759+00:00,77.65677590063325,72.86096325611169,4.795812644521561,0.2308,0,818.9780200000002,
2026-09-08T03:59:32.473154+00:00,77.65498278366569,72.84844402050402,4.806538763161669,1.0935,0,818.9780200000002,
2026-09-08T03:59:33.470465+00:00,77.65383216766308,72.86304046226321,4.790791705399869,-0.3018,0,818.9780200000002,
2026-09-08T03:59:34.505643+00:00,77.65305715470775,72.86861069458111,4.784446460126645,-0.8597,0,818.9780200000002,
2026-09-08T03:59:35.473908+00:00,77.65143172393297,72.87271991750188,4.77871180643109,-1.3609,0,818.9780200000002,
2026-09-08T03:59:36.484149+00:00,77.65304837321555,72.87579447709376,4.777253896121792,-1.5181,0,818.9780200000002,
2026-09-08T03:59:37.481690+00:00,77.65251083266587,72.86932720724698,4.783183625418886,-0.9724,0,818.9780200000002,
2026-09-08T03:59:38.496253+00:00,77.65242127126342,72.85479530067937,4.7976259705840505,0.2794,0,818.9780200000002,
2026-09-08T03:59:39.490726+00:00,77.64876427431274,72.8556682515651,4.793096022747633,-0.1074,0,818.9780200000002,
2026-09-08T03:59:40.499913+00:00,77.64743366915759,72.8655982292455,4.781835439912086,-1.0241,0,818.9780200000002,
2026-09-08T03:59:41.493054+00:00,77.64589467326348,72.88029566916398,4.765599004099499,-2.036,0,818.9780200000002,
2026-09-08T03:59:42.493545+00:00,77.64596577434331,72.86240382811957,4.783561946223742,-0.5654,0,818.9780200000002,
2026-09-08T03:59:43.497137+00:00,77.64179381931606,72.87535884685256,4.7664349724635,-1.9221,0,818.9780200000002,
2026-09-08T03:59:44.501620+00:00,77.64125219382154,72.8793067749721,4.76194541884945,-2.0585,0,818.9780200000002,
2026-09-08T03:59:45.506489+00:00,78.38468721417301,72.1430524086985,6.2416348054745185,4.3563,0,818.9780200000002,
2026-09-08T03:59:46.502547+00:00,79.63200743157304,70.88445059412365,8.747556837449395,4.0819,0,818.9780200000002,
2026-09-08T03:59:47.516098+00:00,80.1440782273169,70.38294276902876,9.761135458288138,3.2682,0,818.9780200000002,
2026-09-08T03:59:48.532849+00:00,80.14402511607163,70.38532550461933,9.7586996114523,2.524,0,818.9780200000002,
2026-09-08T03:59:49.977440+00:00,80.14383199217659,70.39267302563324,9.751158966543343,2.0915,0,818.9780200000002,
2026-09-08T03:59:50.516896+00:00,80.1459781825934,70.39092333088692,9.755054851706475,1.8005,0,818.9780200000002,
2026-09-08T03:59:51.518363+00:00,80.14289181742883,70.38081672534669,9.762075092082142,1.5838,0,818.9780200000002,
2026-09-08T03:59:52.529743+00:00,80.14216948744804,70.36777525789877,9.774394229549273,1.4135,0,818.9780200000002,
2026-09-08T03:59:53.528968+00:00,80.14108205937038,70.36876834626186,9.772313713108517,1.2671,0,818.9780200000002,
2026-09-08T03:59:54.524690+00:00,80.14440159215029,70.36251682547223,9.781884766678061,1.1461,0,818.9780200000002,
2026-09-08T03:59:55.532049+00:00,79.92732249206337,70.57601125681036,9.351311235253007,0.8734,0,818.9780200000002,
2026-09-08T03:59:56.530321+00:00,79.57079520762254,70.95255811515162,8.61823709247092,0.496,0,818.9780200000002,
2026-09-08T03:59:57.545154+00:00,79.21251036171347,71.30189195918993,7.910618402523539,0.1288,0,818.9780200000002,
2026-09-08T03:59:58.539358+00:00,78.85514125064878,71.65234291725201,7.202798333396771,-0.2508,0,818.9780200000002,
2026-09-08T03:59:59.569139+00:00,78.48635660551184,72.02144420448049,6.464912401031356,-0.659,0,818.9780200000002,
2026-09-08T04:00:00.547279+00:00,78.13362908351411,72.38821595839762,5.745413125116485,-1.0623,0,818.9780200000002,
2026-09-08T04:00:01.555959+00:00,77.76979230619406,72.72841127415602,5.041381032038046,-1.4354,0,818.9780200000002,
2026-09-08T04:00:02.559312+00:00,77.64154684626861,72.86088411615044,4.780662730118166,-1.5666,0,818.9780200000002,
2026-09-08T04:00:03.611728+00:00,77.63998686822482,72.85817219145085,4.781814676773976,-1.5674,0,818.9780200000002,
2026-09-08T04:00:04.595846+00:00,77.64151666989957,72.86774512512497,4.773771544774604,-1.5725,0,818.9780200000002,
2026-09-08T04:00:05.569150+00:00,77.64378392245574,72.88586319481915,4.757920727636588,-1.4787,0,818.9780200000002,
2026-09-08T04:00:06.571827+00:00,81.64857980542217,68.8839911504509,12.764588654971277,2.0409,0,818.9780200000002,
2026-09-08T04:00:07.580271+00:00,87.9543594224798,62.58798348022273,25.366375942257065,3.7328,0,818.9780200000002,
2026-09-08T04:00:08.579662+00:00,90.14435451883833,60.40582523788987,29.738529280948455,3.1303,0,818.9780200000002,
2026-09-08T04:00:09.593640+00:00,90.14625133258966,60.42229084645905,29.723960486130608,2.4551,0,818.9780200000002,
2026-09-08T04:00:10.586154+00:00,90.14533648868056,60.41049261318878,29.734843875491777,2.0536,0,818.9780200000002,
2026-09-08T04:00:11.589382+00:00,90.14610912477607,60.42258473554244,29.72352438923363,1.773,0,818.9780200000002,
2026-09-08T04:00:12.589973+00:00,90.14429384812186,60.424199917622204,29.720093930499658,1.5616,0,818.9780200000002,
2026-09-08T04:00:13.590597+00:00,90.14893180898055,60.447231158733445,29.701700650247105,1.3913,0,818.9780200000002,
2026-09-08T04:00:14.595611+00:00,90.14818237828915,60.44314437929093,29.705037998998222,1.2512,0,818.9780200000002,
2026-09-08T04:00:15.594646+00:00,93.84794347801834,56.75462680253766,37.09331667548068,1.6688,0,818.9780200000002,
2026-09-08T04:00:16.607291+00:00,98.94326286549338,51.65876383600889,47.28449902948449,2.0976,0,818.9780200000002,
2026-09-08T04:00:17.604258+00:00,99.65394112908245,50.961365393588956,48.6925757354935,1.8839,0,818.9780200000002,
2026-09-08T04:00:18.611592+00:00,97.86007633526111,52.75094800215937,45.109128333101744,1.4577,0,818.9780200000002,
2026-09-08T04:00:19.608272+00:00,96.0786556448104,54.53850767964322,41.54014796516718,1.1054,0,818.9780200000002,
2026-09-08T04:00:20.627705+00:00,94.26254153586471,56.36622494458145,37.89631659128327,0.7798,0,818.9780200000002,
2026-09-08T04:00:21.618244+00:00,92.49779436297104,58.135461236158505,34.36233312681253,0.4646,0,818.9780200000002,
2026-09-08T04:00:22.619189+00:00,90.70879149000946,59.937595300428825,30.771196189580635,0.1242,0,818.9780200000002,
2026-09-08T04:00:23.616773+00:00,90.15051902781482,60.50666920291273,29.64384982490209,-0.0651,0,818.9780200000002,
2026-09-08T04:00:24.626174+00:00,90.15165709592698,60.50315033571853,29.64850676020845,-0.1979,0,818.9780200000002,
2026-09-08T04:00:25.629988+00:00,89.03818264844641,61.61875078938471,27.419431859061696,-0.6618,0,818.9780200000002,
2026-09-08T04:00:26.622821+00:00,87.26306333939672,63.397367522217166,23.865695817179557,-1.3491,0,818.9780200000002,
2026-09-08T04:00:27.648611+00:00,85.44890870584473,65.21213072785261,20.23677797799212,-1.7378,0,818.9780200000002,
2026-09-08T04:00:28.633099+00:00,83.67394226999473,67.00167331647891,16.67226895351581,-1.9233,0,818.9780200000002,
2026-09-08T04:00:29.636717+00:00,81.87960702661992,68.79110662025673,13.088500406363195,-2.0104,0,818.9780200000002,
2026-09-08T04:00:30.665844+00:00,80.05440320310186,70.64129215132307,9.413111051778785,-2.0354,0,818.9780200000002,
2026-09-08T04:00:31.672758+00:00,78.2491631465851,72.44852002965315,5.800643116931951,-2.0121,0,818.9780200000002,
2026-09-08T04:00:32.686325+00:00,77.65521131664872,73.06023297727963,4.594978339369092,-1.8236,0,818.9780200000002,
2026-09-08T04:00:33.669049+00:00,77.65412670848353,73.06399712736537,4.590129581118163,-1.6059,0,818.9780200000002,
2026-09-08T04:00:34.676695+00:00,77.65698434998198,73.05621039869591,4.600773951286072,-1.4321,0,818.9780200000002,
2026-09-08T04:00:35.682137+00:00,77.65890370204541,73.04928133287656,4.6096223691688465,-1.2831,0,818.9780200000002,
2026-09-08T04:00:36.685292+00:00,77.65930730927519,73.04463137144838,4.614675937826817,-1.1753,0,818.9780200000002,
2026-09-08T04:02:13.459874+00:00,77.67586023480594,73.11052430249677,4.565335932309168,0.0476,0,818.9780200000002,
2026-09-08T04:02:14.296026+00:00,77.67427497189392,73.11980868366908,4.554466288224845,0.0429,0,818.9780200000002,
2026-09-08T04:02:15.302127+00:00,77.67556362432336,73.12988304294556,4.545680581377795,0.0391,0,818.9780200000002,
2026-09-08T04:02:16.443037+00:00,80.68120573107356,70.12131777965773,10.559887951415831,2.6601,-1,818.9780200000002,sell 5x BTC-MINI; buy 5x ETH-MINI
2026-09-08T04:02:17.309765+00:00,86.93396407947789,63.87815767136313,23.055806408114762,8.106,-1,732.9866951753079,
2026-09-08T04:02:18.311277+00:00,90.17702785355641,60.63994366178643,29.537084191769978,10.9306,-1,700.6416990411504,
2026-09-08T04:02:19.331048+00:00,90.17959077094748,60.64645937141219,29.533131399535293,10.9289,-1,700.6614630023238,
2026-09-08T04:02:20.318622+00:00,90.1794104249286,60.635130506760106,29.5442799181685,10.9338,-1,700.6057204091578,
2026-09-08T04:02:21.316993+00:00,90.17880523318735,60.63860656444656,29.540198668740786,10.932,-1,700.6261266562964,
2026-09-08T04:02:22.347945+00:00,90.17954825983914,60.6455733160289,29.533974943810236,10.9293,-1,700.6572452809492,
2026-09-08T04:02:23.326661+00:00,90.18258526780797,60.64728448459138,29.535300783216584,10.9299,-1,700.6506160839174,
2026-09-08T04:02:24.330306+00:00,90.18042776566284,60.64780078180753,29.53262698385531,10.9287,-1,700.6639850807237,
2026-09-08T04:02:25.328109+00:00,90.17941589423542,60.631848352891936,29.547567541343483,10.9352,-1,700.5892822932828,
2026-09-08T04:02:26.333093+00:00,89.26959446510521,61.54564549864018,27.723948966465038,10.1404,-1,709.7309019724629,
2026-09-08T04:02:27.336127+00:00,87.47784714273249,63.34288150639873,24.134965636333753,8.5763,-1,727.6615092508986,
2026-09-08T04:02:28.342756+00:00,85.68409460667814,65.12942562334908,20.554668983329066,7.016,-1,745.5636268796413,
2026-09-08T04:02:29.346099+00:00,83.88501620365834,66.93549778522365,16.949518418434693,5.4448,-1,763.5994741764533,
2026-09-08T04:02:30.360563+00:00,82.09496265870021,68.73909494443976,13.355867714260455,3.8787,-1,781.5158120517253,
2026-09-08T04:02:31.361902+00:00,80.29961882295333,70.52982882463753,9.769789998315801,2.3158,-1,799.5000576854776,
2026-09-08T04:02:32.376542+00:00,78.47444394115598,72.36317389094441,6.111270050211573,0.7214,-1,817.7902476953602,
2026-09-08T04:02:33.510762+00:00,77.67926548565714,73.1615014704742,4.517764015182934,0.0269,0,825.7382999240856,buy 5x BTC-MINI; sell 5x ETH-MINI
2026-09-08T04:02:34.371948+00:00,77.68407196523725,73.15298627864968,4.5310856865875735,0.0327,0,819.4763800000003,
2026-09-08T04:02:35.391001+00:00,77.68577687737432,73.16850934272672,4.517267534647601,0.0267,0,819.4763800000003,
2026-09-08T04:02:36.376354+00:00,77.68325021524595,73.18274383077271,4.5005063844732405,0.0194,0,819.4763800000003,
2026-09-08T04:02:37.396717+00:00,77.68298048817063,73.18046517740582,4.502515310764807,0.0202,0,819.4763800000003,
2026-09-08T04:02:38.384668+00:00,77.68452450874241,73.18600295530943,4.49852155343298,0.0185,0,819.4763800000003,
2026-09-08T04:02:39.396469+00:00,77.68696084306214,73.19113024375478,4.495830599307354,0.0173,0,819.4763800000003,
2026-09-08T04:02:40.387702+00:00,77.69108325736683,73.1998014769337,4.491281780433127,0.0154,0,819.4763800000003,
2026-09-08T04:02:41.390447+00:00,77.6926730431987,73.20261052836037,4.490062514838328,0.0148,0,819.4763800000003,
2026-09-08T04:02:42.390940+00:00,77.69226842876624,73.1983831469978,4.493885281768442,0.0165,0,819.4763800000003,
2026-09-08T04:02:43.395856+00:00,77.69066242580715,73.20397082250992,4.486691603297231,0.0134,0,819.4763800000003,
2026-09-08T04:02:44.407103+00:00,79.52330397554752,71.37549440756534,8.14780956798218,1.6089,0,819.4763800000003,
2026-09-08T04:02:45.547017+00:00,85.75921899411273,65.12823020240596,20.63098879170677,7.0492,-1,819.4763800000003,sell 5x BTC-MINI; buy 5x ETH-MINI
2026-09-08T04:02:46.413905+00:00,90.18622086476653,60.68234528804463,29.503875576721896,10.9162,-1,780.3061021163908,
2026-09-08T04:02:47.412967+00:00,90.18745483438816,60.68009697711439,29.507357857273774,10.9177,-1,780.2886907136314,
2026-09-08T04:02:48.437936+00:00,90.18701247283019,60.676576683106816,29.510435789723374,10.919,-1,780.2733010513833,
2026-09-08T04:02:49.434799+00:00,90.18986104914897,60.674001556528964,29.51585949262001,10.9214,-1,780.2461825369002,
2026-09-08T04:02:50.426722+00:00,90.18903564979355,60.68409922672312,29.504936423070433,10.9166,-1,780.3007978846481,
2026-09-08T04:02:51.426374+00:00,90.18749557253204,60.66922227368606,29.518273298845983,10.9224,-1,780.2341135057703,
2026-09-08T04:02:52.436484+00:00,90.1888293396974,60.68039950239687,29.50842983730054,10.9181,-1,780.2833308134975,
2026-09-08T04:02:53.437358+00:00,90.18720052679981,60.68577610098906,29.501424425810754,10.9151,-1,780.3183578709464,
2026-09-08T04:02:54.438289+00:00,89.60750197263657,61.26447441426042,28.34302755837615,10.4103,-1,786.1288451928476,
2026-09-08T04:02:55.442546+00:00,87.80942315524184,63.07217972782448,24.73724342741737,8.8388,-1,804.1482291044774,
2026-09-08T04:02:56.454034+00:00,86.0197285950579,64.84998596429043,21.169742630767473,7.284,-1,822.0425022544009,
2026-09-08T04:02:57.453971+00:00,84.22287220962988,66.6511857311976,17.571686478432284,5.716,-1,839.9842776076536,
2026-09-08T04:02:58.452844+00:00,82.43777596340045,68.44083103746878,13.996944925931672,4.158,-1,857.8548859286282,
2026-09-08T04:02:59.454687+00:00,80.64661657390525,70.22241931138805,10.424197262517197,2.601,-1,875.7237970773723,
2026-09-08T04:03:00.461109+00:00,78.85425445062533,72.01893550733489,6.835318943290446,1.0369,-1,893.6845969807176,
2026-09-08T04:03:01.604437+00:00,77.68878165449814,73.18228666880414,4.506494985694005,0.022,0,905.2930050715302,buy 5x BTC-MINI; sell 5x ETH-MINI
2026-09-08T04:03:02.469025+00:00,77.68788606332197,73.18623205995695,4.501654003365019,0.0199,0,898.8745200000001,
2026-09-08T04:03:03.477956+00:00,77.68561483456375,73.17617357964224,4.509441254921512,0.0233,0,898.8745200000001,
2026-09-08T04:03:04.474786+00:00,77.68817047277298,73.174826872533,4.513343600239978,0.025,0,898.8745200000001,
2026-09-08T04:03:05.478499+00:00,77.68786107000831,73.17261801691089,4.5152430530974215,0.0258,0,898.8745200000001,
2026-09-08T04:03:06.508173+00:00,77.68915583439318,73.15676876985086,4.53238706454232,0.0333,0,898.8745200000001,
2026-09-08T04:03:09.453330+00:00,77.68710620754501,73.14588614169067,4.541220065854347,0.0371,0,898.8745200000001,
2026-09-08T04:03:10.324050+00:00,77.68542012418965,73.14958100220711,4.535839121982534,0.0348,0,898.8745200000001,
2026-09-08T04:03:11.323192+00:00,77.68801292685572,73.13947138629788,4.548541540557835,0.0403,0,898.8745200000001,
2026-09-08T04:03:12.362401+00:00,77.69052851954504,73.1526167721693,4.537911747375745,0.0357,0,898.8745200000001,
2026-09-08T04:03:13.330463+00:00,77.69324501568585,73.15968011635513,4.533564899330713,0.0338,0,898.8745200000001,
2026-09-08T04:03:14.346240+00:00,77.69214548756749,73.15887301101279,4.5332724765547,0.0337,0,898.8745200000001,
2026-09-08T04:03:15.348137+00:00,77.6933557042762,73.15518259440925,4.538173109866946,0.0358,0,898.8745200000001,
2026-09-08T04:03:16.342143+00:00,77.68986272219959,73.15195538127949,4.5379073409201,0.0357,0,898.8745200000001,
2026-09-08T04:03:17.347238+00:00,77.68911105987902,73.15214770466693,4.5369633552120945,0.0353,0,898.8745200000001,
2026-09-08T04:03:18.348653+00:00,77.69108502280687,73.15028085458177,4.540804168225108,0.0369,0,898.8745200000001,
2026-09-08T04:03:19.353292+00:00,77.690391580747,73.15235449062818,4.53803709011882,0.0357,0,898.8745200000001,
2026-09-08T04:03:20.370697+00:00,77.68915736247533,73.15518085425539,4.533976508219936,0.034,0,898.8745200000001,
2026-09-08T04:03:21.372020+00:00,77.68908450378389,73.14252961591059,4.546554887873299,0.0394,0,898.8745200000001,
2026-09-08T04:03:22.370323+00:00,77.68983159623023,73.14787067219616,4.541960924034072,0.0374,0,898.8745200000001,
2026-09-08T04:03:23.373193+00:00,77.68896899626195,73.13981648037746,4.5491525158844865,0.0406,0,898.8745200000001,
2026-09-08T04:03:24.396341+00:00,77.68719815678998,73.1632362190085,4.523961937781479,0.0296,0,898.8745200000001,
2026-09-08T04:03:25.375439+00:00,77.93588693020573,73.19737852402832,4.738508406177402,0.1231,0,898.8745200000001,
2026-09-08T04:03:26.388548+00:00,78.60366815534071,73.18999119898145,5.413676956359268,0.4173,0,898.8745200000001,
2026-09-08T04:03:27.396333+00:00,79.27998145679877,73.18412450955876,6.095856947240009,0.7146,0,898.8745200000001,
2026-09-08T04:03:28.391408+00:00,79.94014850636243,73.17942717407743,6.7607213322850015,1.0044,0,898.8745200000001,
2026-09-08T04:03:29.387882+00:00,80.60335900424816,73.18934235937536,7.414016644872802,1.2891,0,898.8745200000001,
2026-09-08T04:03:30.403146+00:00,81.27961266717683,73.19229463637531,8.087318030801526,1.5826,0,898.8745200000001,
2026-09-08T04:03:31.404186+00:00,81.94593260796655,73.18100540892972,8.764927199036833,1.8779,0,898.8745200000001,
2026-09-08T04:03:32.407987+00:00,82.61931606333178,73.18136951612419,9.437946547207588,2.1712,0,898.8745200000001,
2026-09-08T04:03:33.408644+00:00,83.28789659960766,73.17348508126794,10.114411518339722,2.466,0,898.8745200000001,
2026-09-08T04:03:34.410944+00:00,83.95703793352718,73.17306120725989,10.783976726267284,2.7578,0,898.8745200000001,
2026-09-08T04:03:35.411626+00:00,84.62384246494791,73.19400908756597,11.42983337738194,3.0393,0,898.8745200000001,
2026-09-08T04:03:36.429451+00:00,85.29006649378728,73.18982959488238,12.100236898904896,3.3314,0,898.8745200000001,
2026-09-08T04:03:37.419058+00:00,85.9609883251827,73.19711854339675,12.763869781785942,3.6207,0,898.8745200000001,
2026-09-08T04:03:38.472888+00:00,86.65752180216249,73.19573217618797,13.461789625974518,3.9248,0,898.8745200000001,
2026-09-08T04:03:39.591347+00:00,87.29736944621837,73.19269175848804,14.10467768773033,4.205,-1,898.8745200000001,sell 5x BTC-MINI; buy 5x ETH-MINI
2026-09-08T04:03:40.429656+00:00,87.96584704093439,73.2084903840109,14.757356656923491,4.4894,-1,895.4240866828306,
2026-09-08T04:03:41.435086+00:00,88.63348692867785,73.2123564811691,15.421130447508759,4.7787,-1,892.1062723347525,
2026-09-08T04:03:42.453559+00:00,89.31234578642582,73.21912605414816,16.09321973227766,5.0716,-1,888.742983961445,
2026-09-08T04:03:43.440529+00:00,89.97392527195855,73.21258778695234,16.76133748500621,5.3628,-1,885.404223868304,
2026-09-08T04:03:44.446689+00:00,90.64934349776358,73.21685720108793,17.43248629667565,5.6553,-1,882.0491744027506,
2026-09-08T04:03:45.443245+00:00,91.30961848001097,73.20000572856206,18.109612751448907,5.9504,-1,878.6614337139165,
2026-09-08T04:03:46.447110+00:00,91.97870841262774,73.19487340408749,18.78383500854025,6.2442,-1,875.2859331424185,
2026-09-08T04:03:47.454481+00:00,92.64905273662966,73.19312277027518,19.455929966354475,6.5371,-1,871.9312630510199,
2026-09-08T04:03:48.475931+00:00,93.33500357791344,73.20372256262277,20.131281015290668,6.8315,-1,868.5561369999627,
2026-09-08T04:03:49.462449+00:00,93.98486060240751,73.20382137565987,20.781039226747637,7.1146,-1,865.304872747284,
2026-09-08T04:03:50.467905+00:00,94.65642678914267,73.19306044180807,21.4633663473346,7.412,-1,861.8939126636567,
2026-09-08T04:03:51.463706+00:00,95.32490277331316,73.19051650245642,22.134386270856737,7.7044,-1,858.5388591403047,
2026-09-08T04:03:52.472236+00:00,95.99261654775928,73.18494470488814,22.807671842871144,7.9979,-1,855.1721714039813,
2026-09-08T04:03:53.474240+00:00,96.66215761769385,73.19047423136568,23.471683386328166,8.2873,-1,851.8520222929076,
2026-09-08T04:03:54.476248+00:00,97.33014795410386,73.17230811110701,24.15783984299685,8.5863,-1,848.4231298741679,
2026-09-08T04:03:55.472352+00:00,96.31895950308885,73.17830209677152,23.14065740631733,8.143,-1,853.5253591980538,
2026-09-08T04:03:56.491695+00:00,93.40475914706998,73.16727245249314,20.237486694576845,6.8778,-1,867.9700209690366,
2026-09-08T04:03:57.487530+00:00,90.55473912719195,73.1672091995487,17.387529927643257,5.6357,-1,882.2141883431768,
2026-09-08T04:03:58.490586+00:00,87.70451444486085,73.17027752998747,14.534236914873375,4.3922,-1,896.5541987267196,
2026-09-08T04:03:59.492248+00:00,84.82622723701577,73.18343617347635,11.64279106353942,3.1321,-1,911.0111078212974,
2026-09-08T04:04:00.490547+00:00,81.98418403100847,73.19159870844456,8.792585322563909,1.8899,-1,925.2640064090311,
2026-09-08T04:04:01.493267+00:00,79.12018407756617,73.18925581826686,5.930928259299307,0.6428,-1,939.5733169252443,
2026-09-08T04:04:02.641062+00:00,77.67241637581773,73.18885546579149,4.483560910026242,0.012,0,946.796015449869,buy 5x BTC-MINI; sell 5x ETH-MINI
2026-09-08T04:04:03.529108+00:00,77.67098890347165,73.19157414237544,4.4794147610962085,0.0102,0,944.16244,
2026-09-08T04:04:04.503577+00:00,77.67502935801079,73.19948994367307,4.475539414337717,0.0085,0,944.16244,
2026-09-08T04:04:05.511899+00:00,77.6758483997149,73.19440833484173,4.481440064873169,0.0111,0,944.16244,
2026-09-08T04:04:06.510341+00:00,77.6741518328349,73.19378023126009,4.480371601574802,0.0106,0,944.16244,
2026-09-08T04:04:07.509109+00:00,77.67782196001767,73.2095573784502,4.4682645815674675,0.0053,0,944.16244,
2026-09-08T04:04:08.510353+00:00,77.67895633912767,73.21593348898523,4.463022850142437,0.003,0,944.16244,
2026-09-08T04:04:09.560373+00:00,77.67813909950199,73.2220700507373,4.4560690487646895,0.0,0,944.16244,
2026-09-08T04:04:10.589512+00:00,77.67510821480026,73.2162867937463,4.458821421053955,0.0012,0,944.16244,
2026-09-08T04:04:11.520897+00:00,77.67229671459698,73.21985383341934,4.452442881177646,-0.0016,0,944.16244,
2026-09-08T04:04:12.531126+00:00,77.6724275580944,73.21423586492696,4.458191693167436,0.0009,0,944.16244,
2026-09-08T04:04:13.557369+00:00,77.67249994626569,73.20854994184856,4.4639500044171285,0.0034,0,944.16244,
2026-09-08T04:04:14.528803+00:00,77.67493435692104,73.22179673986993,4.453137617051112,-0.0013,0,944.16244,
2026-09-08T04:04:15.531115+00:00,77.67480816659352,73.2128105290857,4.461997637507821,0.0026,0,944.16244,
2026-09-08T04:04:16.537528+00:00,77.6753039797833,73.22455457188907,4.450749407894222,-0.0023,0,944.16244,
2026-09-08T04:04:17.538749+00:00,77.67323651319558,73.22857517481025,4.44466133838533,-0.005,0,944.16244,
2026-09-08T04:04:31.532528+00:00,77.67711868225369,73.19069441119393,4.486424271059761,0.0132,0,944.16244,
2026-09-08T04:04:32.420237+00:00,77.67916674896397,73.17387810475451,4.5052886442094575,0.0215,0,944.16244,
2026-09-08T04:04:33.421987+00:00,77.67804165105777,73.16663047414102,4.511411176916752,0.0241,0,944.16244,
2026-09-08T04:04:34.410477+00:00,77.68116148065391,73.14559322146711,4.535568259186803,0.0347,0,944.16244,
2026-09-08T04:04:35.415514+00:00,77.68001924646339,73.14071158135846,4.5393076651049284,0.0363,0,944.16244,
2026-09-08T04:04:36.415919+00:00,77.68250323026804,73.12800322889633,4.554500001371707,0.0429,0,944.16244,
2026-09-08T04:04:37.426022+00:00,77.68431259635759,73.11186626638533,4.5724463299722515,0.0507,0,944.16244,
2026-09-08T04:04:38.423044+00:00,77.68408833620472,73.10539270887502,4.578695627329708,0.0534,0,944.16244,
2026-09-08T04:04:39.427289+00:00,77.68554736084077,73.10482741468057,4.580719946160201,0.0543,0,944.16244,
2026-09-08T04:04:40.428723+00:00,81.1876301874294,69.61425482936912,11.57337535806029,3.1018,0,944.16244,
2026-09-08T04:04:41.578477+00:00,87.51492659721418,63.28251751618109,24.232409081033097,8.6188,-1,944.16244,sell 75x BTC-MINI; buy 75x ETH-MINI
2026-09-08T04:04:42.456085+00:00,90.18005938225366,60.62520272026269,29.554856661990968,10.9384,-1,-167.47736138650225,
2026-09-08T04:04:43.527753+00:00,90.17732706291962,60.6041816433337,29.573145419585913,10.9464,-1,-168.90093227347006,
2026-09-08T04:04:44.456796+00:00,90.17682650326219,60.62219397229087,29.55463253097132,10.9383,-1,-167.5219762608665,
2026-09-08T04:04:45.452669+00:00,90.17566784436997,60.61291039098694,29.56275745338303,10.9418,-1,-168.1533599606969,
2026-09-08T04:04:46.443680+00:00,90.17747431688021,60.61654299430701,29.560931322573197,10.941,-1,-167.98207717226524,
2026-09-08T04:04:47.448252+00:00,90.17699162492417,60.616126299764645,29.560865325159526,10.941,-1,-167.98629851340456,
2026-09-08T04:04:48.454822+00:00,90.17839678753728,60.6138319838972,29.56456480364008,10.9426,-1,-168.23706130979713,
2026-09-08T04:04:49.450326+00:00,90.17593636491516,60.608400733104986,29.567535631810173,10.9439,-1,-168.50662145237425,
2026-09-08T04:04:50.474271+00:00,89.11338620907146,61.68228641678025,27.431099792291214,10.0128,-1,-28.19568035746545,
2026-09-08T04:04:51.463100+00:00,87.3312472128675,63.47830409808202,23.852943114785475,8.4534,-1,205.67168186477193,
2026-09-08T04:04:52.461733+00:00,85.5438149620118,65.25330220049976,20.290512761512034,6.9009,-1,439.5139443503768,
2026-09-08T04:04:53.519336+00:00,83.74354097675074,67.05713142001696,16.68640955673378,5.3301,-1,676.658372862681,
2026-09-08T04:04:54.515084+00:00,81.89287406325313,68.91684317297401,12.97603089027912,3.7131,-1,918.600862395456,
2026-09-08T04:04:55.471325+00:00,80.17157407155409,70.6363713855969,9.535202685957188,2.2136,-1,1144.0515859684826,
2026-09-08T04:04:56.471992+00:00,78.38198529043486,72.41262016245128,5.969365127983579,0.6595,-1,1377.4430438244904,
2026-09-08T04:04:57.613061+00:00,77.67457745351516,73.11629202206227,4.558285431452887,0.0446,0,1469.6613242578221,buy 56x BTC-MINI; sell 75x ETH-MINI
2026-09-08T04:04:58.482128+00:00,77.67333788610945,73.1273146861236,4.546023199985854,0.0392,0,990.5415084555632,
2026-09-08T04:04:59.479472+00:00,77.674936121725,73.13382836418548,4.541107757539521,0.0371,0,990.5351155131009,
2026-09-08T04:05:00.493987+00:00,77.67589914854331,73.13020958150553,4.545689567037783,0.0391,0,990.5312634058278,
2026-09-08T04:05:01.493612+00:00,77.6764831970704,73.1177232780418,4.558759919028603,0.0448,0,990.5289272117193,
2026-09-08T04:05:02.507129+00:00,77.67702694324682,73.12261282559815,4.554414117648662,0.0429,0,990.5267522270137,
2026-09-08T04:05:03.523476+00:00,77.67672632142985,73.11654256982152,4.560183751608335,0.0454,0,990.5279547142816,
2026-09-08T04:05:04.509253+00:00,77.6752479868443,73.11204800057413,4.563199986270163,0.0467,0,990.5338680526238,
2026-09-08T04:05:05.505989+00:00,77.6759291428297,73.1135135572957,4.562415585533998,0.0464,0,990.5311434286821,
2026-09-08T04:05:06.508333+00:00,77.67502563426453,73.11047166307695,4.564553971187578,0.0473,0,990.5347574629428,
2026-09-08T04:05:07.545753+00:00,77.67373481219839,73.11273973314414,4.560995079054251,0.0457,0,990.5399207512073,
2026-09-08T04:05:08.531345+00:00,77.67316204698385,73.12232690642541,4.5508351405584335,0.0413,0,990.5422118120655,
2026-09-08T04:05:09.513962+00:00,77.67115940881222,73.13258490326939,4.538574505542826,0.036,0,990.550222364752,
2026-09-08T04:05:10.523150+00:00,77.67517983726115,73.1459773968324,4.529202440428762,0.0319,0,990.5341406509563,
2026-09-08T04:05:11.524929+00:00,77.67348270920954,73.14106853554082,4.5324141736687125,0.0333,0,990.5409291631628,
2026-09-08T04:05:12.548551+00:00,77.67318019565022,73.14469883170706,4.528481363943158,0.0316,0,990.5421392174001,
2026-09-08T04:05:13.573856+00:00,77.67020151902996,73.15800703575569,4.512194483274271,0.0245,0,990.5540539238812,
2026-09-08T04:05:14.556761+00:00,77.67185873411938,73.1619043921878,4.509954341931589,0.0235,0,990.5474250635234,
2026-09-08T04:05:15.533170+00:00,77.67258468436387,73.15589238951254,4.516692294851325,0.0264,0,990.5445212625455,
2026-09-08T04:05:16.536401+00:00,77.67377589546287,73.14591953169884,4.52785636376403,0.0313,0,990.5397564181494,
2026-09-08T04:05:17.581468+00:00,77.6745828130101,73.14970938396989,4.524873429040213,0.03,0,990.5365287479606,
2026-09-08T04:05:18.543394+00:00,77.67758099127815,73.14689644421597,4.5306845470621795,0.0325,0,990.5245360348883,
2026-09-08T04:05:19.545418+00:00,77.67669493844622,73.14365477277586,4.533040165670357,0.0336,0,990.5280802462161,
2026-09-08T04:05:20.561002+00:00,77.67534208241942,73.13045170103305,4.544890381386367,0.0387,0,990.5334916703232,
2026-09-08T04:05:21.628226+00:00,77.67648019785089,73.13319810948363,4.543282088367263,0.038,0,990.5289392085974,
2026-09-08T04:05:22.592478+00:00,77.67593225157587,73.14502401880173,4.530908232774138,0.0326,0,990.5311309936974,
2026-09-08T04:05:23.577475+00:00,77.67501569956617,73.15202506528428,4.522990634281896,0.0292,0,990.5347972017362,
2026-09-08T04:05:24.585353+00:00,77.6739272999956,73.16022354241993,4.513703757575669,0.0251,0,990.5391508000185,
2026-09-08T04:05:25.634803+00:00,77.67336814942135,73.15713959785452,4.516228551566826,0.0262,0,990.5413874023155,
2026-09-08T04:05:26.608177+00:00,77.67296880737659,73.1555702171607,4.51739859021589,0.0267,0,990.5429847704945,
2026-09-08T04:05:27.612837+00:00,77.67307536164104,73.15426185098043,4.518813510660607,0.0274,0,990.5425585534367,
2026-09-08T04:05:28.620589+00:00,77.67244483969381,73.15925297704038,4.513191862653429,0.0249,0,990.5450806412257,
2026-09-08T04:05:29.603245+00:00,77.67217509481725,73.17252808173234,4.49964701308491,0.019,0,990.5461596207319,
2026-09-08T04:05:30.613806+00:00,77.6711922094879,73.16595462289132,4.505237586596579,0.0214,0,990.5500911620493,
2026-09-08T04:05:31.610366+00:00,77.67161799710854,73.16671269420985,4.504905302898692,0.0213,0,990.5483880115668,
2026-09-08T04:05:32.611629+00:00,77.67258514283537,73.16956423712904,4.503020905706336,0.0205,0,990.5445194286594,
2026-09-08T04:05:33.625855+00:00,77.6739931436408,73.16052150886938,4.51347163477142,0.025,0,990.5388874254377,
2026-09-08T04:05:34.617125+00:00,77.67209630973974,73.14614608959413,4.525950220145617,0.0305,0,990.546474761042,
2026-09-08T04:05:35.608645+00:00,77.6717660864567,73.15141545283981,4.520350633616886,0.028,0,990.5477956541741,
2026-09-08T04:05:36.655205+00:00,77.67182514473177,73.1523343034889,4.51949084124287,0.0276,0,990.5475594210739,
2026-09-08T04:05:37.651704+00:00,77.67081770438705,73.14709203498512,4.5237256694019266,0.0295,0,990.5515891824527,
2026-09-08T04:05:38.620073+00:00,77.6692194341293,73.13681677028929,4.532402663840017,0.0333,0,990.5579822634837,
2026-09-08T04:05:39.629345+00:00,77.67270319278744,73.1350446260615,4.537658566725938,0.0356,0,990.5440472288512,
2026-09-08T04:05:40.643743+00:00,77.67374581003475,73.14800152800184,4.525744282032903,0.0304,0,990.539876759862,
2026-09-08T04:05:41.655457+00:00,77.67492522232983,73.14780638584494,4.527118836484888,0.031,0,990.5351591106817,
2026-09-08T04:05:42.649398+00:00,77.67678144449003,73.13999489755842,4.536786546931609,0.0352,0,990.5277342220409,
2026-09-08T04:05:43.646788+00:00,77.68079175241647,73.14239287744081,4.538398874975655,0.0359,0,990.5116929903351,
2026-09-08T04:05:44.711564+00:00,77.68181221789844,73.1600923675993,4.521719850299135,0.0286,0,990.5076111284072,
2026-09-08T04:05:45.641081+00:00,77.6817630008548,73.16995603817702,4.511806962677781,0.0243,0,990.5078079965817,
2026-09-08T04:05:46.641204+00:00,77.681109090132,73.17643734292072,4.504671747211276,0.0212,0,990.510423639473,
2026-09-08T04:05:47.655166+00:00,77.67975587097298,73.1867723361269,4.49298353484609,0.0161,0,990.515836516109,
2026-09-08T04:05:48.648013+00:00,77.6762713944465,73.18314205197728,4.493129342469217,0.0162,0,990.5297744222149,
2026-09-08T04:05:49.651600+00:00,77.6762713944465,73.18314205197728,4.493129342469217,0.0162,0,990.5292230539968,
2026-09-08T04:05:50.675475+00:00,77.6764432786916,73.19847248272934,4.47797079596225,0.0096,0,990.5290868852346,
2026-09-08T04:05:51.660358+00:00,77.67604967905392,73.20323699345008,4.4728126856038415,0.0073,0,990.5306612837853,
2026-09-08T04:05:52.716629+00:00,77.67270285157291,73.20133142182952,4.471371429743385,0.0067,0,990.5440485937092,
2026-09-08T04:05:53.724398+00:00,77.67336259889989,73.20635444767667,4.467008151223212,0.0048,0,990.5414096044015,
2026-09-08T04:05:54.689643+00:00,77.67336259889989,73.20635444767667,4.467008151223212,0.0048,0,990.5414096044015,
2026-09-08T04:05:55.677945+00:00,77.67110351547964,73.20388453027702,4.467218985202621,0.0049,0,990.5504459380824,
2026-09-08T04:05:56.696164+00:00,77.6762885281902,73.21333761697136,4.46295091121884,0.003,0,990.5297058872402,
2026-09-08T04:05:57.678948+00:00,77.67561743005045,73.21730277887438,4.458314651176067,0.001,0,990.5323902797991,
2026-09-08T04:05:58.663855+00:00,77.6729106371282,73.23135981478562,4.4415508223425775,-0.0063,0,990.5432174514881,
2026-09-08T04:05:59.677254+00:00,77.66914782428411,73.221637008396,4.4475108158881085,-0.0037,0,990.5582687028646,
2026-09-08T04:06:00.687070+00:00,77.66958574522384,73.228625491429,4.440960253794842,-0.0066,0,990.5565170191055,
2026-09-08T04:06:01.733102+00:00,77.66999695041221,73.21405590500903,4.455941045403179,-0.0,0,990.5548721983521,
2026-09-08T04:06:02.739526+00:00,77.66967742882578,73.22099116591245,4.448686262913327,-0.0032,0,990.5561502846979,
2026-09-08T04:06:03.761637+00:00,77.66881637869278,73.20774978061226,4.461066598080521,0.0022,0,990.5595944852298,
2026-09-08T04:06:04.726697+00:00,77.66947701496515,73.20470220947709,4.464774805488062,0.0038,0,990.5569519401404,
2026-09-08T04:06:05.731909+00:00,77.66873193177634,73.20734967703987,4.461382254736463,0.0023,0,990.5599322728956,
2026-09-08T04:06:06.740364+00:00,77.670882582579,73.21316353327403,4.45771904930497,0.0007,0,990.551329669685,
2026-09-08T04:06:07.782597+00:00,77.66663478638125,73.21103697870632,4.455597807674934,-0.0002,0,990.5683208544759,
2026-09-08T04:06:08.757726+00:00,77.66355528150973,73.22318584466208,4.4403694368476465,-0.0068,0,990.580638873962,
2026-09-08T04:06:09.751285+00:00,77.66573772145351,73.21953923759193,4.446198483861579,-0.0043,0,990.5719091141868,
2026-09-08T04:06:10.751716+00:00,77.66543321612588,73.22207999019159,4.443353225934288,-0.0055,0,990.5731271354974,
2026-09-08T04:06:11.754780+00:00,77.66780965898191,73.23444518148425,4.433364477497662,-0.0099,0,990.5636213640732,
2026-09-08T04:06:12.770817+00:00,77.66875846700668,73.21578999421946,4.452968472787219,-0.0013,0,990.5598261319742,
2026-09-08T04:06:13.774467+00:00,77.66882993805118,73.21414683941656,4.454683098634618,-0.0006,0,990.5595402477962,
2026-09-08T04:06:14.760666+00:00,77.66895030195472,73.21721920927449,4.451731092680234,-0.0019,0,990.559058792182,
2026-09-08T04:06:15.769558+00:00,77.6719001861132,73.23384195970648,4.438058226406724,-0.0078,0,990.5472592555482,
2026-09-08T04:06:16.772112+00:00,77.67734173214672,73.22757306132675,4.449768670819964,-0.0027,0,990.5254930714141,
2026-09-08T04:06:17.770396+00:00,77.67899940535379,73.2246797625775,4.454319642776298,-0.0008,0,990.5188623785857,
2026-09-08T04:06:18.777339+00:00,77.68224709518624,73.21923241978695,4.463014675399293,0.003,0,990.5058716192559,
2026-09-08T04:06:19.783302+00:00,77.68374015133314,73.2248679791811,4.4588721721520415,0.0012,0,990.4998993946683,
2026-09-08T04:06:20.787578+00:00,77.67997368180026,73.24957385296881,4.430399828831455,-0.0112,0,990.5149652727998,
2026-09-08T04:06:21.789220+00:00,77.67920131029368,73.2531785595713,4.426022750722382,-0.0131,0,990.5180547588262,
2026-09-08T04:06:23.340169+00:00,77.67614662179292,73.26956518624361,4.406581435549313,-0.0216,0,990.5302735128292,
2026-09-08T04:06:23.832839+00:00,77.67614662179292,73.26956518624361,4.406581435549313,-0.0216,0,990.5302735128292,
2026-09-08T04:06:24.807869+00:00,79.7686155611418,71.16538035087562,8.603235210266178,1.8074,0,982.1283006542221,
2026-09-08T04:06:25.993005+00:00,85.96903892031628,64.95661518076996,21.01242373954632,7.2155,-1,957.3358876607158,sell 71x BTC-MINI; buy 75x ETH-MINI
2026-09-08T04:06:26.803261+00:00,90.17557246944729,60.736591659362546,29.438980810084743,10.8879,-1,337.11809924364604,
2026-09-08T04:06:27.809052+00:00,90.17105221190789,60.735278048296735,29.435774163611157,10.8865,-1,337.3585977291651,
2026-09-08T04:06:28.812812+00:00,90.17196825238453,60.73198962065179,29.439978631732743,10.8883,-1,337.0432626200462,
2026-09-08T04:06:29.810892+00:00,90.17267734259562,60.73748481819109,29.435192524404528,10.8862,-1,337.40222066966237,
2026-09-08T04:06:30.813945+00:00,90.17035688246038,60.7431303648999,29.427226517560484,10.8828,-1,337.99967118296547,
2026-09-08T04:06:31.905581+00:00,90.1735191168006,60.73654766095753,29.43697145584308,10.887,-1,337.2688008117709,
2026-09-08T04:06:33.036239+00:00,90.1735191168006,60.73654766095753,29.43697145584308,10.887,-1,337.2688008117709,
2026-09-08T04:06:33.827832+00:00,90.17183599459324,60.734729433897954,29.437106560695284,10.8871,-1,337.25866794785554,
2026-09-08T04:06:34.835601+00:00,89.52060877732694,61.37429607772228,28.146312699604664,10.3245,-1,434.42621857102085,
2026-09-08T04:06:35.837101+00:00,87.73852851023396,63.16736423432559,24.571164275908373,8.7664,-1,702.4479732923933,
2026-09-08T04:06:37.404679+00:00,85.94557423368434,64.95177554448654,20.993798689197803,7.2074,-1,970.7570339561045,
2026-09-08T04:06:38.404982+00:00,84.14802284019358,66.74295626480416,17.405066575389412,5.6433,-1,1239.9183925657937,
2026-09-08T04:06:38.853534+00:00,71.03817229505945,68.5451486797762,2.4930236152832492,-0.8555,-1,2360.243391788078,
2026-09-08T04:06:39.851696+00:00,50.55833560613628,70.3381729633293,-19.779837357193017,-10.5623,-1,4028.8395123791756,
2026-09-08T04:06:40.935787+00:00,48.623855780243886,72.27301583347459,-23.649160053230702,-12.2486,-1,4319.37437388158,
2026-09-08T04:06:41.854018+00:00,47.670041392922414,73.22683022079606,-25.556788827873646,-13.08,-1,4461.800822090525,
2026-09-08T04:06:42.859477+00:00,47.66676038203049,73.22383173445948,-25.55707135242899,-13.0801,-1,4461.822011432177,
2026-09-08T04:06:43.872336+00:00,47.66877977609417,73.223243837959,-25.554464061864834,-13.079,-1,4461.626464639864,
2026-09-08T04:06:44.870121+00:00,47.66706624247328,73.22423650547651,-25.55717026300323,-13.0801,-1,4461.829429725244,
2026-09-08T04:06:45.881646+00:00,47.66620739963501,73.22104276382268,-25.554835364187667,-13.0791,-1,4461.654312314077,
2026-09-08T04:06:46.880811+00:00,47.66707020333506,73.23242114978177,-25.565350946446713,-13.0837,-1,4462.442980983506,
2026-09-08T04:06:47.877034+00:00,47.66707020333506,73.23242114978177,-25.565350946446713,-13.0837,-1,4462.442980983506,
2026-09-08T04:06:48.889935+00:00,47.66741132527292,73.23732870808794,-25.56991738281502,-13.0857,-1,4462.785463711129,
2026-09-08T04:06:49.901885+00:00,49.45538273671713,73.23676714965424,-23.781384412937115,-12.3062,-1,4327.54555537055,
2026-09-08T04:06:50.923615+00:00,53.89117901611642,73.22584534306324,-19.334666326946824,-10.3683,-1,3994.853412003728,
2026-09-08T04:06:51.893468+00:00,58.02798216629342,73.22584534306324,-15.197863176769822,-8.5654,-1,3684.524894362387,
2026-09-08T04:06:52.893168+00:00,62.321132673854585,73.20845359749984,-10.887320923645255,-6.6868,-1,3361.3743133231665,
2026-09-08T04:06:53.899509+00:00,66.62907646217029,73.20928777079244,-6.580211308622154,-4.8097,-1,3038.17058033763,
2026-09-08T04:06:55.010727+00:00,71.34054662606921,73.20523308954624,-1.8646864634770282,-2.7547,-1,2685.04143260203,
2026-09-08T04:06:55.912266+00:00,75.26093484780993,73.20523308954624,2.0557017582636945,-1.0461,-1,2390.6045435666692,
2026-09-08T04:06:57.109574+00:00,77.66736280989765,73.22230447316099,4.445058336736665,-0.0048,0,2211.662284744752,buy 75x BTC-MINI; sell 75x ETH-MINI
2026-09-08T04:06:57.916697+00:00,77.66974314845517,73.23119411805659,4.438549030398576,-0.0076,0,2205.2781600000026,
2026-09-08T04:06:58.933739+00:00,77.66820115535462,73.22649309208941,4.44170806326521,-0.0063,0,2205.2781600000026,
2026-09-08T04:06:59.937934+00:00,77.66783502874134,73.22263808521593,4.445196943525403,-0.0047,0,2205.2781600000026,
2026-09-08T04:07:00.935378+00:00,77.66613815235561,73.21591865406354,4.450219498292071,-0.0025,0,2205.2781600000026,
2026-09-08T04:07:01.948974+00:00,77.66536223259324,73.21145658728574,4.4539056453075005,-0.0009,0,2205.2781600000026,
2026-09-08T04:07:02.997012+00:00,77.66425786399078,73.20010349915478,4.464154364836006,0.0035,0,2205.2781600000026,
2026-09-08T04:07:03.945918+00:00,77.6648349547065,73.20343169382704,4.4614032608794645,0.0023,0,2205.2781600000026,
2026-09-08T04:07:04.944424+00:00,77.66388522624506,73.2046184717309,4.459266754514161,0.0014,0,2205.2781600000026,
2026-09-08T04:07:05.952127+00:00,77.66570824208351,73.19515760069267,4.470550641390844,0.0063,0,2205.2781600000026,
2026-09-08T04:07:06.954881+00:00,77.66537874543761,73.18586128880123,4.479517456636373,0.0102,0,2205.2781600000026,
2026-09-08T04:07:08.030557+00:00,77.66704398785406,73.18172596134607,4.485318026507983,0.0128,0,2205.2781600000026,
2026-09-08T04:07:09.532217+00:00,80.66719825964991,70.18675511294062,10.480443146709291,2.6255,0,2205.2781600000026,
2026-09-08T04:07:10.148133+00:00,86.88361748165099,63.976536516018626,22.90708096563236,8.0412,-1,2205.2781600000026,sell 75x BTC-MINI; buy 75x ETH-MINI
2026-09-08T04:07:10.971704+00:00,90.16612020540165,60.6900974995401,29.476022705861553,10.904,-1,1529.8159570603857,
2026-09-08T04:07:11.984445+00:00,90.16458386533618,60.70258563358662,29.46199823174956,10.8979,-1,1530.8677926187852,
2026-09-08T04:07:12.971141+00:00,90.1658097344772,60.71878781693627,29.447021917540923,10.8914,-1,1531.991016184433,
2026-09-08T04:07:13.970154+00:00,90.16462602430308,60.70904714077497,29.455578883528105,10.8951,-1,1531.3492437353943,
2026-09-08T04:07:14.977588+00:00,90.16194615289447,60.723826664383395,29.438119488511077,10.8875,-1,1532.6586983616714,
2026-09-08T04:07:15.972863+00:00,90.1614157564798,60.73113852393523,29.43027723254457,10.8841,-1,1533.2468675591595,
2026-09-08T04:07:16.986864+00:00,90.16089842363112,60.7379697254423,29.422928698188827,10.8809,-1,1533.7980076358403,
2026-09-08T04:07:17.974111+00:00,86.87218651721022,64.02030005243913,22.8518864647711,8.0171,-1,2027.609109707056,
2026-09-08T04:07:18.979085+00:00,81.00971330153243,69.89644227851372,11.113271023018712,2.9013,-1,2907.9860340752693,
2026-09-08T04:07:20.158654+00:00,77.52875079491658,73.37955282849214,4.149197966424438,-0.1337,0,3429.4817840880482,buy 75x BTC-MINI; sell 75x ETH-MINI
2026-09-08T04:07:20.970652+00:00,75.75849370859198,75.15471882850073,0.603774880091251,-1.6789,0,3455.228130524518,
2026-09-08T04:07:21.956535+00:00,73.46244898928704,77.43512222130971,-3.9726732320226716,-3.6733,0,3597.5625293512176,
2026-09-08T04:07:23.130932+00:00,71.11529634511079,79.76826531952688,-8.652968974416083,-5.7131,1,3743.209260919532,buy 137x BTC-MINI; sell 75x ETH-MINI
2026-09-08T04:07:24.024662+00:00,69.23277902538221,81.64605626283489,-12.413277237452675,-7.3519,1,3614.7684548731427,
2026-09-08T04:07:24.989811+00:00,67.48471481960284,83.39141604167155,-15.906701222068705,-8.8743,1,3557.4465285202205,
2026-09-08T04:07:25.992062+00:00,66.6348165171662,84.23739985911114,-17.602583341944936,-9.6134,1,3529.690056845687,
2026-09-08T04:07:26.991846+00:00,66.63547446591275,84.24890117473464,-17.61342670882189,-9.6182,1,3528.7998243265693,
2026-09-08T04:07:28.001626+00:00,67.60981440411727,83.2707853535917,-15.660970949474432,-8.7673,1,3561.281891553285,
2026-09-08T04:07:29.007766+00:00,69.03043347733325,81.83646509796819,-12.80603162063494,-7.523,1,3609.1488687101255,
2026-09-08T04:07:29.999833+00:00,70.45927827754448,80.394984753795,-9.935706476250516,-6.2721,1,3657.293212222771,
2026-09-08T04:07:31.004982+00:00,71.88014778437308,78.97644759606332,-7.096299811690244,-5.0347,1,3703.9623365913276,
2026-09-08T04:07:32.012162+00:00,73.45937647244757,77.40260730265717,-3.9432308302096004,-3.6605,1,3755.716770572071,
2026-09-08T04:07:32.995608+00:00,75.01943028920603,75.83222918290862,-0.8127988937025918,-2.2962,1,3807.942418769483,
2026-09-08T04:07:33.998320+00:00,76.59873067400802,74.26808648713188,2.3306441868761425,-0.9263,1,3858.963778255642,
2026-09-08T04:07:35.171303+00:00,77.17528504175489,73.68245245069043,3.492832591064456,-0.4198,0,3878.616655703413,buy 42x BTC-MINI; buy 75x ETH-MINI
2026-09-08T04:07:36.007055+00:00,77.33037196651946,73.51775268157945,3.8126192849400127,-0.2804,0,3837.696000000003,
2026-09-08T04:07:37.010168+00:00,77.49026167675694,73.35846114517005,4.13180053158689,-0.1413,0,3837.696000000003,
2026-09-08T04:07:37.994008+00:00,77.64792685562554,73.20182305126563,4.4461038043599075,-0.0043,0,3837.696000000003,
2026-09-08T04:07:39.005652+00:00,77.65187078019345,73.19654404155568,4.4553267386377655,-0.0003,0,3837.696000000003,
2026-09-08T04:07:39.999702+00:00,77.65704440651714,73.21463513535384,4.442409271163299,-0.0059,0,3837.696000000003,
2026-09-08T04:07:41.032009+00:00,77.65613555377868,73.23268579939908,4.423449754379604,-0.0142,0,3837.696000000003,
2026-09-08T04:07:42.004701+00:00,77.65756136429313,73.21550023504115,4.442061129251982,-0.0061,0,3837.696000000003,
2026-09-08T04:07:43.007791+00:00,77.6602684004162,73.20728287902655,4.45298552138965,-0.0013,0,3837.696000000003,
2026-09-08T04:07:44.007890+00:00,77.66145894554887,73.20346799479044,4.457990950758429,0.0008,0,3837.696000000003,
2026-09-08T04:07:45.029134+00:00,77.66158790957508,73.2067339947336,4.454853914841479,-0.0005,0,3837.696000000003,
2026-09-08T04:07:46.052132+00:00,77.66442164145755,73.19745877935661,4.466962862100942,0.0048,0,3837.696000000003,
2026-09-08T04:07:47.074607+00:00,77.66615837468778,73.19678560901792,4.46937276566986,0.0058,0,3837.696000000003,
2026-09-08T04:07:48.026732+00:00,77.66615837468778,73.19678560901792,4.46937276566986,0.0058,0,3837.696000000003,
2026-09-08T04:07:49.029490+00:00,77.66502259866948,73.20746769484536,4.457554903824118,0.0007,0,3837.696000000003,
2026-09-08T04:07:50.027227+00:00,77.66300100085226,73.19534288050632,4.467658120345945,0.0051,0,3837.696000000003,
2026-09-08T04:07:51.030960+00:00,77.66508260947302,73.19947814449834,4.465604464974675,0.0042,0,3837.696000000003,
2026-09-08T04:07:52.037610+00:00,77.66435742093118,73.18365192391056,4.480705497020622,0.0107,0,3837.696000000003,
2026-09-08T04:07:53.043564+00:00,77.65989785302405,73.18320991143854,4.47668794158551,0.009,0,3837.696000000003,
2026-09-08T04:07:54.077532+00:00,77.66010619741033,73.17569820348764,4.484407993922687,0.0124,0,3837.696000000003,
2026-09-08T04:07:55.050406+00:00,77.65824909273734,73.1788896091534,4.479359483583934,0.0102,0,3837.696000000003,
2026-09-08T04:07:56.049376+00:00,77.66042385890525,73.19877706451011,4.461646794395136,0.0024,0,3837.696000000003,
2026-09-08T04:07:57.055720+00:00,77.66413731838671,73.1888203412546,4.47531697713211,0.0084,0,3837.696000000003,
2026-09-08T04:07:58.053004+00:00,77.66569688266328,73.18893991628656,4.476756966376726,0.009,0,3837.696000000003,
2026-09-08T04:07:59.054601+00:00,77.6674088848378,73.18810561810923,4.479303266728564,0.0101,0,3837.696000000003,
2026-09-08T04:08:00.069006+00:00,77.66826547280306,73.18572751075295,4.4825379620501025,0.0115,0,3837.696000000003,
2026-09-08T04:08:01.061650+00:00,77.66800374352542,73.18984398648752,4.478159757037901,0.0096,0,3837.696000000003,
2026-09-08T04:08:02.071093+00:00,77.66651746926284,73.19420996157643,4.472307507686409,0.0071,0,3837.696000000003,
2026-09-08T04:08:03.130998+00:00,77.66733502824005,73.18815455547252,4.479180472767524,0.0101,0,3837.696000000003,
2026-09-08T04:08:04.094015+00:00,77.6666335908444,73.17055814999867,4.496075440845729,0.0174,0,3837.696000000003,
2026-09-08T04:08:05.084970+00:00,77.66554320534664,73.18176579542298,4.483777409923661,0.0121,0,3837.696000000003,
2026-09-08T04:08:06.080276+00:00,77.66748452514071,73.18441485808773,4.483069667052973,0.0118,0,3837.696000000003,
2026-09-08T04:08:07.086569+00:00,77.66927163523468,73.19197994629701,4.477291688937669,0.0093,0,3837.696000000003,
2026-09-08T04:08:08.093516+00:00,77.6701753338493,73.18845756003347,4.481717773815831,0.0112,0,3837.696000000003,
2026-09-08T04:08:09.094731+00:00,77.67384051706445,73.19575106420174,4.478089452862704,0.0096,0,3837.696000000003,
2026-09-08T04:08:10.105803+00:00,77.67483523016912,73.18558960804462,4.4892456221245,0.0145,0,3837.696000000003,
2026-09-08T04:08:11.114415+00:00,77.67119954348591,73.17949658077232,4.491702962713589,0.0155,0,3837.696000000003,
2026-09-08T04:08:12.107339+00:00,77.67247908372862,73.18038776373609,4.492091319992525,0.0157,0,3837.696000000003,
2026-09-08T04:08:13.114314+00:00,77.6739442273534,73.17798528334619,4.495958944007214,0.0174,0,3837.696000000003,
2026-09-08T04:08:14.108850+00:00,77.67173531179698,73.16942829969625,4.502307012100729,0.0202,0,3837.696000000003,
2026-09-08T04:08:15.119749+00:00,77.66984591657344,73.17313420441998,4.496711712153456,0.0177,0,3837.696000000003,
2026-09-08T04:08:16.109151+00:00,77.67198585637378,73.17907218522016,4.492913671153616,0.0161,0,3837.696000000003,
2026-09-08T04:08:17.158674+00:00,77.67520401654095,73.18406595422405,4.491138062316892,0.0153,0,3837.696000000003,
2026-09-08T04:08:18.114145+00:00,77.67230773811275,73.19675848043505,4.475549257677699,0.0085,0,3837.696000000003,
2026-09-08T04:08:19.117827+00:00,77.67244507341387,73.19514110083513,4.4773039725787385,0.0093,0,3837.696000000003,
2026-09-08T04:08:20.123122+00:00,77.67201858479156,73.19930113856775,4.472717446223811,0.0073,0,3837.696000000003,
2026-09-08T04:08:21.122189+00:00,77.67427473498735,73.19750004818539,4.47677468680196,0.009,0,3837.696000000003,
2026-09-08T04:08:22.174870+00:00,77.67475173574024,73.21256753578045,4.462184199959793,0.0027,0,3837.696000000003,
2026-09-08T04:08:23.129183+00:00,78.40453743337595,72.47428881515422,5.930248618221725,0.6425,0,3837.696000000003,
2026-09-08T04:08:24.332599+00:00,84.68742788629808,66.20063441147526,18.486793474822818,6.1148,-1,3837.696000000003,sell 75x BTC-MINI; buy 75x ETH-MINI
2026-09-08T04:08:25.137937+00:00,90.17344064779702,60.71873913053456,29.454701517262464,10.8947,-1,2721.328386205317,
2026-09-08T04:08:26.138882+00:00,90.17370969203863,60.72000173483377,29.453707957204855,10.8943,-1,2721.4029032096378,
2026-09-08T04:08:27.144867+00:00,90.17377060307072,60.713379525481855,29.460391077588866,10.8972,-1,2720.901669180837,
2026-09-08T04:08:28.148413+00:00,90.17477559481603,60.72403034058702,29.450745254229005,10.893,-1,2721.6251059328265,
2026-09-08T04:08:29.152169+00:00,90.17542417977978,60.731200910305844,29.444223269473937,10.8902,-1,2722.1142547894565,
2026-09-08T04:08:30.154343+00:00,90.1748733351446,60.73447588788261,29.440397447261986,10.8885,-1,2722.401191455353,
2026-09-08T04:08:31.195856+00:00,90.17061798625835,60.73141499376672,29.43920299249163,10.888,-1,2722.4907755631293,
2026-09-08T04:08:32.159174+00:00,90.17591578250251,60.71887226575214,29.457043516750375,10.8958,-1,2721.1527362437237,
2026-09-08T04:08:33.158459+00:00,89.91861342297419,60.96962028196725,28.948993141006937,10.6743,-1,2759.520137253373,
2026-09-08T04:08:34.162326+00:00,88.13752572833033,62.74760348110657,25.38992224722376,9.1232,-1,3026.4592672595895,
2026-09-08T04:08:35.160418+00:00,86.34511418512852,64.54352489772432,21.801589287404198,7.5594,-1,3295.2969874329865,
2026-09-08T04:08:36.172651+00:00,84.5544274768665,66.32783144952657,18.226596027339923,6.0014,-1,3564.835836296208,
2026-09-08T04:08:37.174354+00:00,82.75564590464006,68.12771149279514,14.627934411844919,4.433,-1,3833.873254984283,
2026-09-08T04:08:38.169964+00:00,80.9705335758458,69.90990213402713,11.060631441818671,2.8784,-1,4101.144327035003,
2026-09-08T04:08:39.169841+00:00,79.1814348379475,71.71555372917716,7.465881108770347,1.3117,-1,4370.13893063399,
2026-09-08T04:08:40.311725+00:00,77.67688760040905,73.23307001447228,4.44381758593677,-0.0053,0,4597.144681054744,buy 75x BTC-MINI; sell 75x ETH-MINI
2026-09-08T04:08:41.220916+00:00,77.6772661176885,73.25103411726171,4.426232000426793,-0.013,0,4521.673100000002,
2026-09-08T04:08:42.194691+00:00,77.67600221903487,73.24967507212976,4.426327146905109,-0.013,0,4521.673100000002,
2026-09-08T04:08:43.199353+00:00,77.67808930086247,73.2522428592348,4.4258464416276695,-0.0132,0,4521.673100000002,
2026-09-08T04:08:44.204530+00:00,77.67568177609516,73.26177793856513,4.413903837530029,-0.0184,0,4521.673100000002,
2026-09-08T04:08:45.193633+00:00,77.67601826352335,73.25736419773033,4.418654065793021,-0.0163,0,4521.673100000002,
2026-09-08T04:08:46.206531+00:00,77.67043453806461,73.2553351640926,4.415099373972012,-0.0178,0,4521.673100000002,
2026-09-08T04:08:47.204926+00:00,77.66817340718586,73.24584377243491,4.422329634750952,-0.0147,0,4521.673100000002,
2026-09-08T04:08:48.212189+00:00,77.67068316433418,73.24512958128113,4.425553583053045,-0.0133,0,4521.673100000002,
2026-09-08T04:08:49.219554+00:00,77.66907834907104,73.24182709206272,4.427251257008322,-0.0126,0,4521.673100000002,
2026-09-08T04:08:50.232442+00:00,77.6695653842327,73.24933708114976,4.420228303082936,-0.0156,0,4521.673100000002,
2026-09-08T04:08:51.224609+00:00,77.67024842417348,73.2442331824421,4.426015241731378,-0.0131,0,4521.673100000002,
2026-09-08T04:08:52.242960+00:00,77.66988651100536,73.23301194326021,4.43687456774515,-0.0084,0,4521.673100000002,
2026-09-08T04:08:53.256738+00:00,77.67094936496669,73.24395114808567,4.426998216881017,-0.0127,0,4521.673100000002,
2026-09-08T04:08:54.230762+00:00,77.67097443350013,73.26125437867661,4.409720054823524,-0.0202,0,4521.673100000002,
2026-09-08T04:08:55.247573+00:00,77.67129495827977,73.27054158618316,4.4007533720966165,-0.0241,0,4521.673100000002,
2026-09-08T04:08:56.248776+00:00,77.66973447537049,73.26974570829542,4.399988767075072,-0.0244,0,4521.673100000002,
2026-09-08T04:08:57.245046+00:00,77.66899125046045,73.26790531345627,4.401085937004183,-0.024,0,4521.673100000002,
2026-09-08T04:08:58.252792+00:00,77.66968496951742,73.26142608836672,4.408258881150701,-0.0208,0,4521.673100000002,
2026-09-08T04:08:59.258624+00:00,77.66939312020152,73.27015365436945,4.399239465832068,-0.0248,0,4521.673100000002,
2026-09-08T04:09:00.263975+00:00,77.67056951563842,73.26786369064259,4.402705824995834,-0.0232,0,4521.673100000002,
2026-09-08T04:09:01.263977+00:00,77.66942991071222,73.27398024910177,4.395449661610456,-0.0264,0,4521.673100000002,
2026-09-08T04:09:02.258518+00:00,77.67226728670215,73.26912767803269,4.403139608669463,-0.0231,0,4521.673100000002,
2026-09-08T04:09:03.270739+00:00,77.67492942743695,73.2709713130663,4.403958114370653,-0.0227,0,4521.673100000002,
2026-09-08T04:09:04.263132+00:00,77.67545846087704,73.27275827008562,4.402700190791421,-0.0233,0,4521.673100000002,
2026-09-08T04:09:05.327378+00:00,77.67845616443701,73.25286981538366,4.425586349053347,-0.0133,0,4521.673100000002,
2026-09-08T04:09:06.271513+00:00,77.67785885175097,73.25996015731504,4.417898694435934,-0.0166,0,4521.673100000002,
2026-09-08T04:09:07.274221+00:00,77.67291296200133,73.24836719215432,4.424545769847015,-0.0137,0,4521.673100000002,
2026-09-08T04:09:08.272555+00:00,77.66995057786592,73.23354573181491,4.436404846051005,-0.0086,0,4521.673100000002,
2026-09-08T04:09:09.288051+00:00,77.66712135910275,73.25074912728256,4.416372231820191,-0.0173,0,4521.673100000002,
2026-09-08T04:09:10.329358+00:00,77.66805665188467,73.2600444716367,4.408012180247965,-0.0209,0,4521.673100000002,
2026-09-08T04:09:11.326499+00:00,77.66495400266764,73.26843189907461,4.396522103593028,-0.0259,0,4521.673100000002,
2026-09-08T04:09:12.290936+00:00,77.66601509920346,73.26841741429149,4.397597684911972,-0.0255,0,4521.673100000002,
2026-09-08T04:09:13.310720+00:00,77.66593490501873,73.25934973985723,4.406585165161502,-0.0216,0,4521.673100000002,
2026-09-08T04:09:14.295108+00:00,77.66806587748489,73.25328076045079,4.4147851170341,-0.018,0,4521.673100000002,
2026-09-08T04:09:15.301059+00:00,77.67011257489727,73.26306472324116,4.407047851656117,-0.0214,0,4521.673100000002,
2026-09-08T04:09:16.322451+00:00,77.67618762260271,73.26314635830764,4.4130412642950745,-0.0187,0,4521.673100000002,
2026-09-08T04:09:17.305739+00:00,77.67559297010612,73.25315703647941,4.422435933626716,-0.0147,0,4521.673100000002,
2026-09-08T04:09:18.335956+00:00,77.67704302503701,73.26507403793595,4.411968987101062,-0.0192,0,4521.673100000002,
2026-09-08T04:09:19.343122+00:00,77.67735758751319,73.27950572667369,4.397851860839495,-0.0254,0,4521.673100000002,
2026-09-08T04:09:20.318686+00:00,77.67908220377014,73.28589310833895,4.3931890954311825,-0.0274,0,4521.673100000002,
2026-09-08T04:09:21.320728+00:00,77.67881487107782,73.2918541603143,4.386960710763518,-0.0301,0,4521.673100000002,
2026-09-08T04:09:22.327650+00:00,77.67756860959796,73.28256144117496,4.3950071684229925,-0.0266,0,4521.673100000002,
2026-09-08T04:09:23.419289+00:00,77.6757727447691,73.28589348594996,4.38987925881915,-0.0288,0,4521.673100000002,
2026-09-08T04:09:24.337200+00:00,77.67518438672695,73.28069729536656,4.394487091360389,-0.0268,0,4521.673100000002,
2026-09-08T04:09:25.331472+00:00,77.67918714124076,73.28791501690935,4.391272124331408,-0.0282,0,4521.673100000002,
2026-09-08T04:09:26.364685+00:00,77.67828530759704,73.27566299698566,4.4026223106113775,-0.0233,0,4521.673100000002,
2026-09-08T04:09:27.394846+00:00,77.67479193086079,73.28024587045364,4.394546060407151,-0.0268,0,4521.673100000002,
2026-09-08T04:09:28.347600+00:00,77.6741859181019,73.28136323672594,4.392822681375961,-0.0276,0,4521.673100000002,
2026-09-08T04:09:29.362085+00:00,77.67431714736293,73.2887982435015,4.385518903861424,-0.0307,0,4521.673100000002,
2026-09-08T04:09:30.353700+00:00,77.67447893157882,73.29642501434256,4.378053917236258,-0.034,0,4521.673100000002,
2026-09-08T04:09:31.365145+00:00,77.67324152547768,73.29952825558813,4.373713269889549,-0.0359,0,4521.673100000002,
2026-09-08T04:09:32.365671+00:00,77.6718201168565,73.32344654209085,4.348373574765645,-0.0469,0,4521.673100000002,
2026-09-08T04:09:33.363701+00:00,77.66925484047411,73.35163442597988,4.317620414494229,-0.0603,0,4521.673100000002,
2026-09-08T04:09:34.381320+00:00,77.66850653173837,73.34816956896847,4.3203369627699,-0.0591,0,4521.673100000002,
2026-09-08T04:09:35.368013+00:00,77.66800346907937,73.34137670316942,4.32662676590995,-0.0564,0,4521.673100000002,
2026-09-08T04:09:36.372569+00:00,77.66950638439481,73.33724707788049,4.332259306514317,-0.054,0,4521.673100000002,
2026-09-08T04:09:37.381644+00:00,77.6681387154409,73.33976279579574,4.328375919645168,-0.0556,0,4521.673100000002,
2026-09-08T04:09:38.379986+00:00,77.66932309347189,73.34011353505163,4.32920955842026,-0.0553,0,4521.673100000002,
2026-09-08T04:09:39.383128+00:00,77.6707699916863,73.3203851526594,4.350384839026901,-0.0461,0,4521.673100000002,
2026-09-08T04:09:40.391940+00:00,77.67053921380217,73.32371173715977,4.346827476642403,-0.0476,0,4521.673100000002,
2026-09-08T04:09:41.394661+00:00,77.67269263519282,73.3169517045505,4.3557409306423125,-0.0437,0,4521.673100000002,
2026-09-08T04:09:42.395476+00:00,77.67501694488357,73.32654849328513,4.3484684515984355,-0.0469,0,4521.673100000002,
2026-09-08T04:09:43.398552+00:00,77.67566297627734,73.31430372154209,4.361359254735248,-0.0413,0,4521.673100000002,
2026-09-08T04:09:44.461406+00:00,77.67632507541771,73.31288592701195,4.36343914840576,-0.0404,0,4521.673100000002,
2026-09-08T04:09:45.402451+00:00,77.67708914571516,73.31411496043944,4.362974185275718,-0.0406,0,4521.673100000002,
2026-09-08T04:09:46.410092+00:00,77.67397573378851,73.32409169698904,4.349884036799466,-0.0463,0,4521.673100000002,
2026-09-08T04:09:47.412281+00:00,77.67482388369326,73.32708348084553,4.347740402847734,-0.0472,0,4521.673100000002,
2026-09-08T04:09:48.421922+00:00,77.6735168352981,73.31603764251207,4.35747919278603,-0.043,0,4521.673100000002,
2026-09-08T04:09:49.432076+00:00,77.67280477394227,73.30932512456258,4.363479649379698,-0.0403,0,4521.673100000002,
2026-09-08T04:09:50.422082+00:00,77.67353849054261,73.31103870437006,4.362499786172549,-0.0408,0,4521.673100000002,
2026-09-08T04:09:51.415214+00:00,77.6738366632407,73.310177551066,4.363659112174702,-0.0403,0,4521.673100000002,
2026-09-08T04:09:52.422079+00:00,77.67147262946378,73.3179651267756,4.353507502688174,-0.0447,0,4521.673100000002,
2026-09-08T04:09:53.466189+00:00,77.67111765464003,73.32827509268996,4.342842561950064,-0.0493,0,4521.673100000002,
2026-09-08T04:09:54.472766+00:00,77.67242339952455,73.33988174324683,4.332541656277712,-0.0538,0,4521.673100000002,
2026-09-08T04:09:55.423086+00:00,77.67168770685304,73.33940288595086,4.332284820902174,-0.0539,0,4521.673100000002,
2026-09-08T04:09:56.430340+00:00,77.67448357253362,73.35047793608942,4.324005636444198,-0.0575,0,4521.673100000002,
2026-09-08T04:09:57.431054+00:00,77.67812343713183,73.34233611669913,4.335787320432701,-0.0524,0,4521.673100000002,
2026-09-08T04:09:58.435973+00:00,77.68120957394574,73.30927062093701,4.371938953008723,-0.0367,0,4521.673100000002,
2026-09-08T04:09:59.439479+00:00,77.6815136824717,73.30705551945127,4.374458163020435,-0.0356,0,4521.673100000002,
2026-09-08T04:10:00.455668+00:00,77.67910225791331,73.30844236518179,4.370659892731524,-0.0372,0,4521.673100000002,
2026-09-08T04:10:01.440518+00:00,77.67840584241851,73.32465531382391,4.3537505285946025,-0.0446,0,4521.673100000002,
2026-09-08T04:10:02.461521+00:00,77.67606313598463,73.33570135138633,4.340361784598301,-0.0504,0,4521.673100000002,
2026-09-08T04:10:03.451788+00:00,77.67477729428504,73.34506035913194,4.329716935153101,-0.0551,0,4521.673100000002,
2026-09-08T04:10:04.450678+00:00,77.67565269037945,73.34219590776654,4.333456782612913,-0.0534,0,4521.673100000002,
2026-09-08T04:10:05.454894+00:00,77.67288071296677,73.34276612213344,4.3301145908333325,-0.0549,0,4521.673100000002,
2026-09-08T04:10:06.453245+00:00,77.6703741118714,73.35522352682761,4.3151505850437815,-0.0614,0,4521.673100000002,
2026-09-08T04:10:07.459720+00:00,77.67228435674967,73.34742898679421,4.324855369955458,-0.0572,0,4521.673100000002,
2026-09-08T04:10:08.493475+00:00,77.66898177397655,73.33603437881575,4.332947395160801,-0.0537,0,4521.673100000002,
2026-09-08T04:10:09.481892+00:00,77.66596528720493,73.33566959748917,4.330295689715754,-0.0548,0,4521.673100000002,
2026-09-08T04:10:10.483208+00:00,77.66239634304561,73.33333363313281,4.3290627099128045,-0.0553,0,4521.673100000002,
2026-09-08T04:10:11.479735+00:00,77.66209045317672,73.32369838577091,4.338392067405806,-0.0513,0,4521.673100000002,
2026-09-08T04:10:12.654628+00:00,77.66174381508583,73.3229035709815,4.3388402441043326,-0.0511,0,4521.673100000002,
2026-09-08T04:10:13.472954+00:00,77.66196702958854,73.32132405919674,4.340642970391798,-0.0503,0,4521.673100000002,
2026-09-08T04:10:14.476805+00:00,77.66001182854632,73.30570681111845,4.354305017427862,-0.0443,0,4521.673100000002,
2026-09-08T04:10:15.478242+00:00,77.66130035067448,73.2942901021739,4.367010248500577,-0.0388,0,4521.673100000002,
2026-09-08T04:10:16.488036+00:00,77.66201885735573,73.30591425657518,4.356104600780554,-0.0436,0,4521.673100000002,
2026-09-08T04:10:17.487556+00:00,77.66210863028806,73.30811288810752,4.353995742180544,-0.0445,0,4521.673100000002,
2026-09-08T04:10:18.488385+00:00,77.6615786373154,73.30037696983663,4.361201667478767,-0.0413,0,4521.673100000002,
2026-09-08T04:10:19.495319+00:00,77.65904163362755,73.3178008755811,4.341240758046453,-0.05,0,4521.673100000002,
2026-09-08T04:10:20.494977+00:00,77.65946109042555,73.32003908280649,4.3394220076190635,-0.0508,0,4521.673100000002,
2026-09-08T04:10:21.493888+00:00,77.65946035125793,73.32244830990612,4.337012041351812,-0.0519,0,4521.673100000002,
2026-09-08T04:10:22.503048+00:00,77.6586222434162,73.32594772734258,4.332674516073624,-0.0538,0,4521.673100000002,
2026-09-08T04:10:23.518755+00:00,77.65959911347623,73.32287747395038,4.336721639525848,-0.052,0,4521.673100000002,
2026-09-08T04:10:24.509362+00:00,77.66438249545081,73.33157458833283,4.3328079071179815,-0.0537,0,4521.673100000002,
2026-09-08T04:10:25.521991+00:00,77.66429618373263,73.32811861423517,4.336177569497465,-0.0522,0,4521.673100000002,
2026-09-08T04:10:26.508095+00:00,77.66250359656557,73.32425261264247,4.338250983923103,-0.0513,0,4521.673100000002,
2026-09-08T04:10:27.507729+00:00,77.66331086022907,73.31587476079632,4.347436099432755,-0.0473,0,4521.673100000002,
2026-09-08T04:10:28.513375+00:00,77.6623068395032,73.30815903916917,4.354147800334033,-0.0444,0,4521.673100000002,
2026-09-08T04:10:29.516211+00:00,77.66340335750314,73.30615014994301,4.3572532075601345,-0.0431,0,4521.673100000002,
2026-09-08T04:10:30.516357+00:00,77.6594449901988,73.31408886797917,4.345356122219641,-0.0482,0,4521.673100000002,
2026-09-08T04:10:31.526769+00:00,77.66072983816684,73.31642897507061,4.344300863096237,-0.0487,0,4521.673100000002,
2026-09-08T04:10:32.588075+00:00,77.65841721110036,73.31904377491126,4.339373436189092,-0.0509,0,4521.673100000002,
2026-09-08T04:10:33.537763+00:00,77.66028064379341,73.31432753032594,4.345953113467473,-0.048,0,4521.673100000002,
2026-09-08T04:10:34.540850+00:00,77.66285885453468,73.30918531417841,4.353673540356269,-0.0446,0,4521.673100000002,
2026-09-08T04:10:35.558786+00:00,77.66270703243877,73.30379051669316,4.358916515745619,-0.0423,0,4521.673100000002,
2026-09-08T04:10:36.538139+00:00,77.66360864796802,73.306546156573,4.357062491395013,-0.0431,0,4521.673100000002,
2026-09-08T04:10:37.549558+00:00,77.66259320300732,73.29859187469681,4.364001328310508,-0.0401,0,4521.673100000002,
2026-09-08T04:10:38.545422+00:00,77.66404846580429,73.30453886346407,4.359509602340211,-0.0421,0,4521.673100000002,
2026-09-08T04:10:39.550364+00:00,77.6622000353723,73.29330985690943,4.368890178462863,-0.038,0,4521.673100000002,
2026-09-08T04:10:40.556828+00:00,80.95328351800501,70.00402615557726,10.949257362427744,2.8298,0,4521.673100000002,
2026-09-08T04:10:41.695075+00:00,87.18615340310924,63.755172507009874,23.43098089609937,8.2695,-1,4521.673100000002,sell 75x BTC-MINI; buy 75x ETH-MINI
2026-09-08T04:10:42.557316+00:00,90.15780440643488,60.777311689974056,29.38049271646082,10.8624,-1,3047.0879462654407,
2026-09-08T04:10:43.560475+00:00,90.15765581022706,60.76713982344792,29.390515986779135,10.8668,-1,3046.3362009915672,
2026-09-08T04:10:44.569037+00:00,90.15688311725826,60.770875746920225,29.386007370338035,10.8648,-1,3046.6743472246494,
2026-09-08T04:10:45.573467+00:00,90.15908283207973,60.77234412914491,29.38673870293482,10.8651,-1,3046.6194972798903,
2026-09-08T04:10:46.572050+00:00,90.16164745652449,60.77648643502104,29.38516102150345,10.8644,-1,3046.737823387243,
2026-09-08T04:10:47.571646+00:00,90.16068364728872,60.78262362698203,29.37806002030669,10.8613,-1,3047.2703984770005,
2026-09-08T04:10:48.577324+00:00,90.16040645761593,60.781730067934944,29.37867638968099,10.8616,-1,3047.224170773928,
2026-09-08T04:10:49.576708+00:00,90.16224809739437,60.789633920710074,29.372614176684294,10.859,-1,3047.67883674868,
2026-09-08T04:10:50.595620+00:00,89.15603582600745,61.80427728260777,27.351758543399683,9.9782,-1,3200.2179283598207,
2026-09-08T04:10:51.584989+00:00,87.39142420345186,63.57037429647648,23.821049906975382,8.4395,-1,3464.320125469084,
2026-09-08T04:10:52.589678+00:00,85.59530119284746,65.37230736010237,20.22299383274509,6.8714,-1,3734.1389514222064,
2026-09-08T04:10:53.594255+00:00,83.80164306258806,67.1740279873132,16.62761507527486,5.3045,-1,4003.908715014025,
2026-09-08T04:10:54.625534+00:00,81.96593012086718,69.00636220982288,12.959567911044303,3.7059,-1,4278.593316828039,
2026-09-08T04:10:55.592843+00:00,80.22781140239556,70.7337409226534,9.494070479742163,2.1956,-1,4538.957129359873,
2026-09-08T04:10:56.596755+00:00,78.4333564615182,72.52383366196379,5.909522799554409,0.6334,-1,4807.717611379268,
2026-09-08T04:10:57.775129+00:00,77.66163175487371,73.2824280851968,4.379203669676912,-0.0335,0,4922.184624774234,buy 75x BTC-MINI; sell 75x ETH-MINI
2026-09-08T04:10:58.608725+00:00,77.65957220750492,73.29121588681359,4.368356320691333,-0.0382,0,4836.365100000003,
2026-09-08T04:10:59.610174+00:00,77.65918274114841,73.28136937096586,4.377813370182551,-0.0341,0,4836.365100000003,
2026-09-08T04:11:00.646796+00:00,77.65804724774294,73.27177662343937,4.386270624303577,-0.0304,0,4836.365100000003,
2026-09-08T04:11:01.632088+00:00,77.65960191974513,73.28032716256966,4.379274757175466,-0.0335,0,4836.365100000003,
2026-09-08T04:11:02.622955+00:00,77.66098404008122,73.2829496743155,4.378034365765714,-0.034,0,4836.365100000003,
2026-09-08T04:11:03.623736+00:00,77.65849833662753,73.26687157353207,4.391626763095459,-0.0281,0,4836.365100000003,
2026-09-08T04:11:04.631967+00:00,77.65792652526287,73.27073862662738,4.387187898635489,-0.03,0,4836.365100000003,
2026-09-08T04:11:05.642932+00:00,77.65502488042584,73.2649306807044,4.390094199721446,-0.0287,0,4836.365100000003,
2026-09-08T04:11:06.637367+00:00,77.65601907198628,73.24026646537105,4.415752606615229,-0.0176,0,4836.365100000003,
2026-09-08T04:11:07.811496+00:00,77.6538229500823,73.22509273079983,4.428730219282471,-0.0119,0,4836.365100000003,
2026-09-08T04:11:08.648773+00:00,77.65240674970205,73.24559588758304,4.406810862119016,-0.0215,0,4836.365100000003,
2026-09-08T04:11:09.658650+00:00,77.65323602556485,73.23540726747994,4.417828758084909,-0.0167,0,4836.365100000003,
2026-09-08T04:11:10.645304+00:00,77.6513539940221,73.2375334568217,4.413820537200408,-0.0184,0,4836.365100000003,
2026-09-08T04:11:11.650315+00:00,77.65057671552515,73.22999276459335,4.4205839509318,-0.0155,0,4836.365100000003,
2026-09-08T04:11:12.658231+00:00,77.64772331612987,73.21536862870076,4.432354687429111,-0.0103,0,4836.365100000003,
2026-09-08T04:11:13.655067+00:00,77.64399358037122,73.21124196371392,4.432751616657299,-0.0102,0,4836.365100000003,
2026-09-08T04:11:14.731533+00:00,77.64518358845504,73.20290331224578,4.44228027620926,-0.006,0,4836.365100000003,
2026-09-08T04:11:15.654666+00:00,77.64604335042563,73.19045780524718,4.455585545178451,-0.0002,0,4836.365100000003,
2026-09-08T04:11:16.661804+00:00,77.64647027956352,73.17579070055774,4.470679579005775,0.0064,0,4836.365100000003,
2026-09-08T04:11:17.754031+00:00,77.64636986737578,73.17283112978848,4.473538737587305,0.0076,0,4836.365100000003,
2026-09-08T04:11:18.670962+00:00,77.6476783771617,73.17827772466798,4.469400652493718,0.0058,0,4836.365100000003,
2026-09-08T04:11:19.678404+00:00,77.65044890831024,73.17184179502517,4.478607113285065,0.0098,0,4836.365100000003,
2026-09-08T04:11:20.678280+00:00,77.65110091145816,73.1703787378818,4.480722173576353,0.0108,0,4836.365100000003,
2026-09-08T04:11:21.694759+00:00,77.65230752395776,73.17078430798539,4.4815232159723735,0.0111,0,4836.365100000003,
2026-09-08T04:11:22.684477+00:00,77.65226654987914,73.16711082591453,4.48515572396461,0.0127,0,4836.365100000003,
2026-09-08T04:11:23.714266+00:00,77.6514767121125,73.16285630387016,4.48862040824234,0.0142,0,4836.365100000003,
2026-09-08T04:11:24.689874+00:00,77.65299346793017,73.17287130268804,4.480122165242136,0.0105,0,4836.365100000003,
2026-09-08T04:11:25.687065+00:00,77.65309158133117,73.17027952471393,4.4828120566172345,0.0117,0,4836.365100000003,
2026-09-08T04:11:26.692620+00:00,77.65256844941558,73.15930799743221,4.4932604519833745,0.0162,0,4836.365100000003,
2026-09-08T04:11:27.697364+00:00,77.65236978670465,73.14670992629911,4.505659860405544,0.0216,0,4836.365100000003,
2026-09-08T04:11:28.709658+00:00,77.65324525723604,73.14367249144411,4.50957276579193,0.0233,0,4836.365100000003,
2026-09-08T04:11:29.695884+00:00,77.6572051598148,73.16750769334693,4.4896974664678595,0.0147,0,4836.365100000003,
2026-09-08T04:11:30.701804+00:00,77.65783486997108,73.17725725947243,4.480577610498656,0.0107,0,4836.365100000003,
2026-09-08T04:11:31.728580+00:00,77.65594596226961,73.17566721424909,4.480278748020524,0.0106,0,4836.365100000003,
2026-09-08T04:11:32.706559+00:00,77.65505376077316,73.16483371384122,4.490220046931938,0.0149,0,4836.365100000003,
2026-09-08T04:11:33.709355+00:00,77.65624768315719,73.15217867986492,4.5040690032922726,0.0209,0,4836.365100000003,
2026-09-08T04:11:34.711624+00:00,77.65723113636939,73.13130940348488,4.5259217328845125,0.0304,0,4836.365100000003,
2026-09-08T04:11:35.714368+00:00,77.65869021987345,73.12256701571643,4.536123204157022,0.0349,0,4836.365100000003,
2026-09-08T04:11:36.719259+00:00,77.65754905762061,73.11866491572924,4.538884141891373,0.0361,0,4836.365100000003,
2026-09-08T04:11:37.725125+00:00,77.65637798726068,73.12451771427395,4.531860272986734,0.033,0,4836.365100000003,
2026-09-08T04:11:38.727760+00:00,78.84953103087174,71.93249660181687,6.91703442905488,1.0725,0,4836.365100000003,
2026-09-08T04:11:39.954716+00:00,85.12160680632263,65.67133953815419,19.450267268168446,6.5347,-1,4836.365100000003,sell 75x BTC-MINI; buy 75x ETH-MINI
2026-09-08T04:11:40.734865+00:00,90.15430621698363,60.6322362365279,29.522069980455726,10.9241,-1,3962.4493514658234,
2026-09-08T04:11:41.740822+00:00,90.15237158485,60.62797947715049,29.524392107699512,10.9251,-1,3962.2751919225393,
2026-09-08T04:11:42.746318+00:00,90.1541298213527,60.624550494181605,29.529579327171092,10.9274,-1,3961.886150462171,
2026-09-08T04:11:43.748899+00:00,90.15518705612125,60.6204157554337,29.534771300687552,10.9296,-1,3961.4967524484364,
2026-09-08T04:11:44.748426+00:00,90.152500812268,60.62080753307633,29.53169327919167,10.9283,-1,3961.7276040606275,
2026-09-08T04:11:45.758393+00:00,90.1534736440756,60.61757653563187,29.535897108443734,10.9301,-1,3961.412316866723,
2026-09-08T04:11:46.765755+00:00,90.15035630478258,60.61858026128873,29.53177604349385,10.9283,-1,3961.721396737964,
2026-09-08T04:11:47.757056+00:00,90.15043562529179,60.621308585572734,29.529127039719057,10.9272,-1,3961.9200720210733,
2026-09-08T04:11:48.775244+00:00,89.7294694805731,61.0440540913203,28.685415389252803,10.5595,-1,4023.7590574968362,
2026-09-08T04:11:49.766784+00:00,87.95577264843172,62.817406109660034,25.138366538771685,9.0136,-1,4291.376866262124,
2026-09-08T04:11:50.782567+00:00,86.14037437964683,64.63148773286755,21.508886646779274,7.4318,-1,4563.406234293974,
2026-09-08T04:11:51.774900+00:00,84.36927003813118,66.39474671170034,17.97452332643084,5.8915,-1,4828.720667231569,
2026-09-08T04:11:52.776118+00:00,82.57720608331034,68.1980981987776,14.379107884532743,4.3246,-1,5098.435833972251,
2026-09-08T04:11:53.797783+00:00,80.79077444424973,69.98440901789573,10.806365426354006,2.7675,-1,5366.426387052852,
2026-09-08T04:11:54.792558+00:00,78.97863077054274,71.80180908998545,7.176821680557282,1.1857,-1,5638.549504052353,
2026-09-08T04:11:55.961533+00:00,77.65046449187432,73.09705570717213,4.553408784702185,0.0424,0,5835.098941147338,buy 75x BTC-MINI; sell 75x ETH-MINI
2026-09-08T04:11:56.792593+00:00,77.65046449187432,73.09705570717213,4.553408784702185,0.0424,0,5735.752320000001,
2026-09-08T04:11:57.790613+00:00,77.65125399296687,73.0955120767337,4.555741916233174,0.0434,0,5735.752320000001,
2026-09-08T04:11:58.797810+00:00,77.64986971833054,73.09075976172795,4.559109956602583,0.0449,0,5735.752320000001,
2026-09-08T04:11:59.874493+00:00,77.65042475963295,73.07850257646044,4.571922183172518,0.0505,0,5735.752320000001,
2026-09-08T04:12:00.811014+00:00,77.65070561607529,73.06924674914337,4.581458866931911,0.0547,0,5735.752320000001,
2026-09-08T04:12:01.802960+00:00,77.65460621326598,73.06671301363257,4.587893199633413,0.0575,0,5735.752320000001,
2026-09-08T04:12:02.809353+00:00,77.65265945426066,73.08016991684325,4.572489537417411,0.0507,0,5735.752320000001,
2026-09-08T04:12:03.815780+00:00,77.65320457241769,73.0835141447239,4.569690427693786,0.0495,0,5735.752320000001,
2026-09-08T04:12:04.809170+00:00,77.6485033513767,73.08006023915605,4.568443112220649,0.049,0,5735.752320000001,
2026-09-08T04:12:05.810046+00:00,77.64690225095778,73.07980207446329,4.567100176494492,0.0484,0,5735.752320000001,
2026-09-08T04:12:06.814293+00:00,77.64853356339366,73.08201408294606,4.566519480447596,0.0481,0,5735.752320000001,
2026-09-08T04:12:07.817663+00:00,77.64714523576691,73.07238961663215,4.574755619134763,0.0517,0,5735.752320000001,
2026-09-08T04:12:08.898858+00:00,77.64593084733922,73.07983266041147,4.566098186927746,0.048,0,5735.752320000001,
2026-09-08T04:12:09.840516+00:00,77.6473096364944,73.08094044926892,4.566369187225476,0.0481,0,5735.752320000001,
2026-09-08T04:12:10.839159+00:00,77.64931740530173,73.08117798954765,4.568139415754075,0.0488,0,5735.752320000001,
2026-09-08T04:12:11.839499+00:00,77.65105782355995,73.07848723745165,4.572570586108299,0.0508,0,5735.752320000001,
2026-09-08T04:12:12.839177+00:00,77.65269478114925,73.09425909102566,4.558435690123588,0.0446,0,5735.752320000001,
2026-09-08T04:12:13.839720+00:00,77.65204439735318,73.10774034658114,4.544304050772041,0.0385,0,5735.752320000001,
2026-09-08T04:12:14.873803+00:00,77.65083200975913,73.11334795069924,4.537484059059892,0.0355,0,5735.752320000001,
2026-09-08T04:12:15.844007+00:00,77.64854162122155,73.13155101858146,4.516990602640092,0.0266,0,5735.752320000001,
2026-09-08T04:12:16.866250+00:00,77.64833429684171,73.14041523664972,4.507919060191995,0.0226,0,5735.752320000001,
2026-09-08T04:12:17.857650+00:00,77.65100864391728,73.14288917273473,4.508119471182553,0.0227,0,5735.752320000001,
2026-09-08T04:12:18.872973+00:00,77.65142544271629,73.14279799616754,4.5086274465487435,0.0229,0,5735.752320000001,
2026-09-08T04:12:19.874021+00:00,77.6536016106751,73.13543319683455,4.518168413840542,0.0271,0,5735.752320000001,
2026-09-08T04:12:20.877463+00:00,77.65430185446431,73.13808359964115,4.516218254823158,0.0262,0,5735.752320000001,
2026-09-08T04:12:21.870961+00:00,77.65394130167113,73.12450018189789,4.529441119773239,0.032,0,5735.752320000001,
2026-09-08T04:12:22.896287+00:00,77.65289260273946,73.11923633017349,4.533656272565963,0.0338,0,5735.752320000001,
2026-09-08T04:12:23.901375+00:00,77.65343276203394,73.12221724466029,4.531215517373653,0.0328,0,5735.752320000001,
2026-09-08T04:12:24.886375+00:00,77.65467954497697,73.1110652679028,4.54361427707417,0.0382,0,5735.752320000001,
2026-09-08T04:12:25.890498+00:00,77.65465680414604,73.11117953701662,4.543477267129418,0.0381,0,5735.752320000001,
2026-09-08T04:12:26.882165+00:00,77.65664641446716,73.09521657152833,4.561429842938836,0.0459,0,5735.752320000001,
2026-09-08T04:12:27.889631+00:00,77.6557310549429,73.07967954068604,4.576051514256861,0.0523,0,5735.752320000001,
2026-09-08T04:12:28.893545+00:00,77.65973342933015,73.08165383791356,4.578079591416582,0.0532,0,5735.752320000001,
2026-09-08T04:12:29.895030+00:00,77.65873174910385,73.06998201013411,4.588749738969739,0.0578,0,5735.752320000001,
2026-09-08T04:12:30.895803+00:00,77.65623055931442,73.0604048354501,4.595825723864323,0.0609,0,5735.752320000001,
2026-09-08T04:12:31.903508+00:00,77.65970382097211,73.07053993346914,4.589163887502977,0.058,0,5735.752320000001,
2026-09-08T04:12:32.938916+00:00,77.66194345869836,73.08142792406738,4.580515534630976,0.0542,0,5735.752320000001,
2026-09-08T04:12:33.913722+00:00,77.66177730385043,73.08921468290218,4.572562620948247,0.0508,0,5735.752320000001,
2026-09-08T04:12:34.915461+00:00,77.65928401933449,73.09946281061482,4.559821208719669,0.0452,0,5735.752320000001,
2026-09-08T04:12:35.943804+00:00,77.65697982466234,73.09558694266043,4.561392882001911,0.0459,0,5735.752320000001,
2026-09-08T04:12:36.927867+00:00,77.65439245486705,73.10171854827964,4.552673906587415,0.0421,0,5735.752320000001,
2026-09-08T04:12:37.931947+00:00,77.65133239340241,73.11453287830275,4.536799515099659,0.0352,0,5735.752320000001,
2026-09-08T04:12:38.931909+00:00,77.6518993617859,73.12381643126531,4.528082930520583,0.0314,0,5735.752320000001,
2026-09-08T04:12:39.937008+00:00,77.65750779511912,73.1083480707549,4.549159724364216,0.0406,0,5735.752320000001,
2026-09-08T04:12:40.937481+00:00,77.65980743067989,73.09939270239981,4.5604147282800795,0.0455,0,5735.752320000001,
2026-09-08T04:12:41.946509+00:00,77.65858823372044,73.10876761419983,4.549820619520602,0.0409,0,5735.752320000001,
2026-09-08T04:12:42.940811+00:00,77.66303606015089,73.10200269796893,4.561033362181959,0.0458,0,5735.752320000001,
2026-09-08T04:12:43.957809+00:00,77.66317322994894,73.11118910904888,4.551984120900059,0.0418,0,5735.752320000001,
2026-09-08T04:12:44.947534+00:00,77.66218410460671,73.09296255825824,4.569221546348473,0.0493,0,5735.752320000001,
2026-09-08T04:12:45.952592+00:00,77.66065725544753,73.09656762721418,4.564089628233347,0.0471,0,5735.752320000001,
2026-09-08T04:12:46.959728+00:00,77.6617669484211,73.09265586860448,4.569111079816622,0.0493,0,5735.752320000001,
2026-09-08T04:12:47.993435+00:00,77.66073449496265,73.09150090786434,4.56923358709831,0.0493,0,5735.752320000001,
2026-09-08T04:12:48.961147+00:00,77.6614858290213,73.09623392784376,4.565251901177547,0.0476,0,5735.752320000001,
2026-09-08T04:12:49.970732+00:00,77.66318845537111,73.0999312044326,4.56325725093852,0.0467,0,5735.752320000001,
2026-09-08T04:12:51.002860+00:00,77.66340972187646,73.09246124470384,4.570948477172621,0.0501,0,5735.752320000001,
2026-09-08T04:12:51.973203+00:00,77.66336433732191,73.09715343411398,4.566210903207931,0.048,0,5735.752320000001,
2026-09-08T04:12:52.991577+00:00,77.66104690007172,73.08650814424965,4.574538755822076,0.0516,0,5735.752320000001,
2026-09-08T04:12:53.978199+00:00,77.66129622805649,73.08677191684522,4.574524311211263,0.0516,0,5735.752320000001,
2026-09-08T04:12:55.026790+00:00,77.66067365430257,73.08765293813916,4.573020716163413,0.051,0,5735.752320000001,
2026-09-08T04:12:55.985436+00:00,77.65963063819224,73.09222389860105,4.567406739591192,0.0485,0,5735.752320000001,
2026-09-08T04:12:56.993118+00:00,77.66348238447688,73.10152244332957,4.5619599411473075,0.0462,0,5735.752320000001,
2026-09-08T04:12:58.000437+00:00,77.66635022498787,73.10819454496658,4.558155680021287,0.0445,0,5735.752320000001,
2026-09-08T04:12:59.004604+00:00,77.66290005518029,73.10408302486225,4.558817030318039,0.0448,0,5735.752320000001,
2026-09-08T04:13:00.012055+00:00,77.65975179782548,73.096724333493,4.563027464332478,0.0466,0,5735.752320000001,
2026-09-08T04:13:01.014845+00:00,77.65793788831223,73.08916908284306,4.568768805469176,0.0491,0,5735.752320000001,
2026-09-08T04:13:02.005379+00:00,77.65907434948434,73.09532336805454,4.563750981429806,0.0469,0,5735.752320000001,
2026-09-08T04:13:03.051952+00:00,77.65799673455344,73.10040782009332,4.557588914460112,0.0443,0,5735.752320000001,
2026-09-08T04:13:04.013629+00:00,77.65525566397964,73.10965443446221,4.54560122951743,0.039,0,5735.752320000001,
2026-09-08T04:13:05.062069+00:00,77.65517401901839,73.11721092348532,4.5379630955330725,0.0357,0,5735.752320000001,
2026-09-08T04:13:06.029792+00:00,77.65688541990134,73.12004176063287,4.53684365926847,0.0352,0,5735.752320000001,
2026-09-08T04:13:07.061382+00:00,77.65827620487237,73.1248808933457,4.533395311526661,0.0337,0,5735.752320000001,
2026-09-08T04:13:08.030139+00:00,77.65945380696448,73.13593303493951,4.523520772024966,0.0294,0,5735.752320000001,
2026-09-08T04:13:09.046204+00:00,77.66037180524492,73.12661100266288,4.533760802582037,0.0339,0,5735.752320000001,
2026-09-08T04:13:10.039366+00:00,77.6573139531724,73.12201505821331,4.535298894959098,0.0345,0,5735.752320000001,
2026-09-08T04:13:11.040066+00:00,77.65909154643475,73.11949409222892,4.539597454205833,0.0364,0,5735.752320000001,
2026-09-08T04:13:12.081321+00:00,77.66100755472368,73.10884517873164,4.55216237599204,0.0419,0,5735.752320000001,
2026-09-08T04:13:13.047370+00:00,77.66192203554468,73.08759327029316,4.574328765251522,0.0515,0,5735.752320000001,
2026-09-08T04:13:14.050992+00:00,77.66560514523961,73.09205762968381,4.573547515555802,0.0512,0,5735.752320000001,
2026-09-08T04:13:15.051064+00:00,77.66913903735686,73.08730363208329,4.581835405273566,0.0548,0,5735.752320000001,
2026-09-08T04:13:16.055334+00:00,77.66740258158622,73.0856017177278,4.581800863858419,0.0548,0,5735.752320000001,
2026-09-08T04:13:17.056654+00:00,77.67074954484993,73.08368412122557,4.587065423624352,0.0571,0,5735.752320000001,
2026-09-08T04:13:18.060380+00:00,77.6713253453872,73.06826213300756,4.603063212379638,0.0641,0,5735.752320000001,
2026-09-08T04:13:19.071706+00:00,77.66940434152731,73.06462789653732,4.604776444989994,0.0648,0,5735.752320000001,
2026-09-08T04:13:20.065950+00:00,78.18384549033094,72.52939611336409,5.654449376966852,0.5223,0,5735.752320000001,
2026-09-08T04:13:21.272244+00:00,84.5356063286243,66.1819816320109,18.353624696613394,6.0567,-1,5735.752320000001,sell 75x BTC-MINI; buy 75x ETH-MINI
2026-09-08T04:13:22.076664+00:00,90.16099496481336,60.55480613993039,29.606188824882963,10.9608,-1,3633.272158133779,
2026-09-08T04:13:23.132096+00:00,90.16086830352471,60.549877598934955,29.610990704589753,10.9628,-1,3632.9120171557697,
2026-09-08T04:13:24.082590+00:00,90.16078016420919,60.5627536014553,29.598026562753887,10.9572,-1,3633.8843277934598,
2026-09-08T04:13:25.088445+00:00,90.1608479424602,60.55833517534572,29.602512767114476,10.9592,-1,3633.5478624664156,
2026-09-08T04:13:26.090042+00:00,90.1592630002597,60.56511954348932,29.594143456770382,10.9555,-1,3634.175560742223,
2026-09-08T04:13:27.115552+00:00,90.16088360872578,60.56657246798558,29.594311140740203,10.9556,-1,3634.162984444486,
2026-09-08T04:13:28.121543+00:00,90.16046741574225,60.5643266478467,29.596140767895548,10.9564,-1,3634.0257624078354,
2026-09-08T04:13:29.094561+00:00,90.15971472116033,60.56891589037218,29.590798830788145,10.954,-1,3634.4264076908903,
2026-09-08T04:13:30.109114+00:00,89.9479995032286,60.78990970994728,29.15808979328132,10.7655,-1,3666.989364487155,
2026-09-08T04:13:31.111699+00:00,88.15442316317753,62.57767101585617,25.576752147321358,9.2047,-1,3935.9326913774617,
2026-09-08T04:13:32.111053+00:00,86.36566056110127,64.35976432077047,22.0058962403308,7.6484,-1,4203.518258014294,
2026-09-08T04:13:33.112387+00:00,84.57356781989557,66.16297967733226,18.410588142563313,6.0816,-1,4473.207045516913,
2026-09-08T04:13:34.124840+00:00,82.77877606604432,67.94562323856493,14.833152827479381,4.5225,-1,4741.275913683763,
2026-09-08T04:13:35.120184+00:00,80.99021002405122,69.74264709290095,11.24756293115027,2.9598,-1,5010.382271918296,
2026-09-08T04:13:36.125102+00:00,79.19470670571147,71.54092127268109,7.653785433030379,1.3936,-1,5279.913923862185,
2026-09-08T04:13:37.261065+00:00,77.66182692338037,73.08245214434204,4.579374779038332,0.0537,0,5510.283211572127,buy 75x BTC-MINI; sell 75x ETH-MINI
2026-09-08T04:13:38.132748+00:00,77.65993487470472,73.08213771878488,4.577797155919839,0.0531,0,5423.981820000001,
2026-09-08T04:13:39.147216+00:00,77.66175592666065,73.07030593936958,4.591449987291071,0.059,0,5423.981820000001,
2026-09-08T04:13:40.139197+00:00,77.65847410298296,73.07439595548577,4.584078147497195,0.0558,0,5423.981820000001,
2026-09-08T04:13:41.162102+00:00,77.66071693099234,73.07857805670139,4.582138874290948,0.0549,0,5423.981820000001,
2026-09-08T04:13:42.177100+00:00,77.66147322183183,73.06998814604582,4.591485075786011,0.059,0,5423.981820000001,
2026-09-08T04:13:43.153310+00:00,77.66447364208308,73.06855569940902,4.595917942674063,0.061,0,5423.981820000001,
2026-09-08T04:13:44.159392+00:00,77.66471780014868,73.07630572645124,4.588412073697441,0.0577,0,5423.981820000001,
2026-09-08T04:13:45.157023+00:00,77.66583963975437,73.08530922601675,4.58053041373762,0.0542,0,5423.981820000001,
2026-09-08T04:13:46.158293+00:00,77.6694516197096,73.07829861764485,4.5911530020647575,0.0589,0,5423.981820000001,
2026-09-08T04:13:47.161562+00:00,77.67248416962296,73.08076695049498,4.591717219127986,0.0591,0,5423.981820000001,
2026-09-08T04:13:48.205588+00:00,77.67317356837196,73.09363844389853,4.579535124473438,0.0538,0,5423.981820000001,
2026-09-08T04:13:49.174641+00:00,77.67069052662158,73.0841361920344,4.586554334587177,0.0569,0,5423.981820000001,
2026-09-08T04:13:50.176240+00:00,77.66800799150225,73.08457772299558,4.583430268506675,0.0555,0,5423.981820000001,
2026-09-08T04:13:51.178080+00:00,77.67060160491486,73.08738273646102,4.583218868453841,0.0554,0,5423.981820000001,
2026-09-08T04:13:52.179116+00:00,77.6700161842921,73.08607755993468,4.583938624357415,0.0557,0,5423.981820000001,
2026-09-08T04:13:53.193805+00:00,77.6703844155975,73.0855982816672,4.584786133930294,0.0561,0,5423.981820000001,
2026-09-08T04:13:54.193917+00:00,77.67254128826468,73.0988597637718,4.5736815244928835,0.0513,0,5423.981820000001,
2026-09-08T04:13:55.200110+00:00,77.78715198677601,73.10487674080056,4.682275245975447,0.0986,0,5423.981820000001,
2026-09-08T04:13:56.198498+00:00,78.4516334445424,73.11703200055302,5.334601443989371,0.3829,0,5423.981820000001,
2026-09-08T04:13:57.237125+00:00,79.1469513004633,73.1208863310277,6.026064969435595,0.6842,0,5423.981820000001,
2026-09-08T04:13:58.213902+00:00,79.79530415977612,73.10027200708178,6.695032152694338,0.9758,0,5423.981820000001,
2026-09-08T04:13:59.210207+00:00,80.45822923092474,73.11264474464775,7.345584486276991,1.2593,0,5423.981820000001,
2026-09-08T04:14:00.211765+00:00,81.13078730304589,73.11614764088198,8.014639662163916,1.5509,0,5423.981820000001,
2026-09-08T04:14:01.213198+00:00,81.80201288040358,73.13213772484978,8.669875155553797,1.8364,0,5423.981820000001,
2026-09-08T04:14:02.218370+00:00,82.47068506229954,73.12097784177742,9.34970722052212,2.1327,0,5423.981820000001,
2026-09-08T04:14:03.240701+00:00,83.15193692918945,73.11990817431754,10.032028754871902,2.4301,0,5423.981820000001,
2026-09-08T04:14:04.238330+00:00,83.81533719768844,73.12662985991021,10.688707337778226,2.7163,0,5423.981820000001,
2026-09-08T04:14:05.255974+00:00,84.4900220256984,73.13422601991246,11.355796005785933,3.007,0,5423.981820000001,
2026-09-08T04:14:06.271477+00:00,85.1750176516185,73.13664096455553,12.038376687062978,3.3045,0,5423.981820000001,
2026-09-08T04:14:07.256620+00:00,85.8337768573147,73.13710534972566,12.696671507589045,3.5914,0,5423.981820000001,
2026-09-08T04:14:08.274596+00:00,86.51363205381084,73.13244548165258,13.381186572158256,3.8897,0,5423.981820000001,
2026-09-08T04:14:09.439459+00:00,87.1994311407661,73.1184725840965,14.0809585566696,4.1947,-1,5423.981820000001,sell 75x BTC-MINI; buy 75x ETH-MINI
2026-09-08T04:14:10.252827+00:00,87.83772695606396,73.12410903274653,14.713617923317429,4.4704,-1,5368.237605061802,
2026-09-08T04:14:11.261687+00:00,88.50440853904504,73.13075804799004,15.373650491055002,4.758,-1,5318.507091268714,
2026-09-08T04:14:12.259264+00:00,89.17112252301331,73.1391526251672,16.03196989784611,5.0449,-1,5269.1905111904425,
2026-09-08T04:14:13.275835+00:00,89.843334831137,73.1388557739124,16.704479057224603,5.338,-1,5218.688738002009,
2026-09-08T04:14:14.271083+00:00,90.507853439711,73.1368423190924,17.371011120618604,5.6285,-1,5168.712244292534,
2026-09-08T04:14:15.268035+00:00,91.17425276053551,73.1366722939694,18.037580466566112,5.919,-1,5118.7129272309,
2026-09-08T04:14:16.278495+00:00,91.84832994910933,73.13215632024774,18.716173628861583,6.2147,-1,5067.872263052974,
2026-09-08T04:14:17.302657+00:00,92.51171273654994,73.12968147862277,19.382031257927167,6.5049,-1,5017.3966659630805,
2026-09-08T04:14:18.271840+00:00,93.17719040417903,73.14343828963784,20.033752114541187,6.789,-1,4969.093322980914,
2026-09-08T04:14:19.283332+00:00,93.84582976957677,73.14541622245392,20.70041354712285,7.0795,-1,4918.847548354367,
2026-09-08T04:14:20.283782+00:00,94.51204060161444,73.1441790491848,21.367861552429645,7.3704,-1,4868.9420007632125,
2026-09-08T04:14:21.286083+00:00,95.17754188667328,73.15211005912626,22.025431827547024,7.657,-1,4819.633909923721,
2026-09-08T04:14:22.283620+00:00,95.8465086505088,73.15959685681791,22.686911793690882,7.9452,-1,4770.015628775338,
2026-09-08T04:14:23.304256+00:00,96.52240812337018,73.17179655594768,23.350611567422504,8.2345,-1,4720.229193127822,
2026-09-08T04:14:24.297079+00:00,97.18087406683468,73.17621884086297,24.004655225971703,8.5195,-1,4671.176109471496,
2026-09-08T04:14:25.306904+00:00,96.87756098724834,73.18982352204513,23.687737465203213,8.3814,-1,4695.19194998904,
2026-09-08T04:14:26.308744+00:00,94.01222358745002,73.18749030672853,20.82473328072149,7.1337,-1,4909.920175937815,
2026-09-08T04:14:27.310565+00:00,91.16062958716853,73.16586320687587,17.99476638029266,5.9003,-1,5122.09601462716,
2026-09-08T04:14:28.352013+00:00,88.23495632274093,73.16005953988393,15.074896782856996,4.6278,-1,5341.104728904615,
2026-09-08T04:14:29.405910+00:00,85.33326446091372,73.16450341138972,12.168761049524008,3.3613,-1,5561.2769394515935,
2026-09-08T04:14:30.321377+00:00,82.55865342255059,73.17340393669437,9.385249485856221,2.1482,-1,5768.186517124671,
2026-09-08T04:14:31.328072+00:00,79.67898963253593,73.17741075470497,6.5015788778309656,0.8915,-1,5983.980752153531,
2026-09-08T04:14:32.473348+00:00,77.67541895556798,73.18765767281731,4.487761282750668,0.0138,0,6134.993723793701,buy 75x BTC-MINI; sell 75x ETH-MINI
2026-09-08T04:14:33.338005+00:00,77.67243652264901,73.19809332670336,4.47434319594565,0.008,0,6101.806320000001,
2026-09-08T04:14:34.329454+00:00,77.67163409608212,73.19063111310403,4.481002982978083,0.0109,0,6101.806320000001,
2026-09-08T04:14:35.340981+00:00,77.67193676005557,73.17824782917283,4.49368893088274,0.0164,0,6101.806320000001,
2026-09-08T04:14:36.354244+00:00,77.67058415981055,73.17317845300929,4.49740570680126,0.018,0,6101.806320000001,
2026-09-08T04:14:37.345539+00:00,77.6713619404522,73.181958183777,4.489403756675202,0.0145,0,6101.806320000001,
2026-09-08T04:14:38.345509+00:00,77.67001470570662,73.18764288404228,4.482371821664344,0.0115,0,6101.806320000001,
2026-09-08T04:14:39.353865+00:00,77.67049794620445,73.17574496857671,4.494752977627741,0.0169,0,6101.806320000001,
2026-09-08T04:14:40.412500+00:00,77.66683114860362,73.16734084765166,4.499490300951962,0.0189,0,6101.806320000001,
2026-09-08T04:14:41.360596+00:00,77.66622560757514,73.16377347201175,4.502452135563388,0.0202,0,6101.806320000001,
2026-09-08T04:14:42.366220+00:00,77.661334104859,73.15196144195275,4.5093726629062445,0.0232,0,6101.806320000001,
2026-09-08T04:14:43.374994+00:00,77.66234195280484,73.17130999270864,4.491031960096194,0.0152,0,6101.806320000001,
2026-09-08T04:14:44.375799+00:00,77.66350150024651,73.17256531552538,4.490936184721136,0.0152,0,6101.806320000001,
2026-09-08T04:14:45.373196+00:00,77.66293359832663,73.18452599814829,4.478407600178343,0.0097,0,6101.806320000001,
2026-09-08T04:14:46.374424+00:00,77.66018038810626,73.1766623235894,4.483518064516858,0.012,0,6101.806320000001,
2026-09-08T04:14:47.381765+00:00,77.66239146651283,73.1728227660747,4.489568700438127,0.0146,0,6101.806320000001,
2026-09-08T04:14:48.397980+00:00,77.66326854929333,73.15898646790102,4.504282081392319,0.021,0,6101.806320000001,
2026-09-08T04:14:49.411550+00:00,77.66415812253018,73.14934209072209,4.514816031808095,0.0256,0,6101.806320000001,
2026-09-08T04:14:50.405840+00:00,77.66580170280992,73.15229473330719,4.513506969502728,0.025,0,6101.806320000001,
2026-09-08T04:14:51.399194+00:00,77.66693195896966,73.15490660768971,4.512025351279945,0.0244,0,6101.806320000001,
2026-09-08T04:14:52.444562+00:00,77.66219462614264,73.13263842416903,4.529556201973605,0.032,0,6101.806320000001,
2026-09-08T04:14:54.231439+00:00,77.66838714331574,73.10447535734059,4.563911785975151,0.047,0,6101.806320000001,
2026-09-08T04:14:54.413894+00:00,77.66838714331574,73.10447535734059,4.563911785975151,0.047,0,6101.806320000001,
2026-09-08T04:14:55.413410+00:00,77.67094095764112,73.0873440674076,4.5835968902335225,0.0556,0,6101.806320000001,
2026-09-08T04:14:56.412531+00:00,77.66976401808293,73.0871637752357,4.582600242847235,0.0552,0,6101.806320000001,
2026-09-08T04:14:57.427956+00:00,77.66756841395262,73.08567617704728,4.581892236905347,0.0548,0,6101.806320000001,
2026-09-08T04:14:58.426548+00:00,77.66636764768586,73.0911554692644,4.5752121784214665,0.0519,0,6101.806320000001,
2026-09-08T04:14:59.451416+00:00,77.66867184454027,73.09711695330316,4.571554891237113,0.0503,0,6101.806320000001,
2026-09-08T04:15:00.431353+00:00,77.67019333532794,73.10497357237998,4.565219762947962,0.0476,0,6101.806320000001,
2026-09-08T04:15:01.440452+00:00,77.67226768040157,73.0941140037395,4.578153676662069,0.0532,0,6101.806320000001,
2026-09-08T04:15:02.506314+00:00,77.66937362430369,73.07897220876598,4.590401415537713,0.0586,0,6101.806320000001,
2026-09-08T04:15:03.478591+00:00,77.67166392829587,73.0728425336695,4.59882139462637,0.0622,0,6101.806320000001,
2026-09-08T04:15:04.462924+00:00,77.67017635878736,73.06812811434966,4.602048244437697,0.0636,0,6101.806320000001,
2026-09-08T04:15:05.457505+00:00,77.66823896048692,73.05916173599041,4.609077224496502,0.0667,0,6101.806320000001,
2026-09-08T04:15:06.474006+00:00,77.66778472299472,73.0548160074602,4.612968715534521,0.0684,0,6101.806320000001,
2026-09-08T04:15:07.465284+00:00,77.67182259539366,73.05798193812588,4.613840657267787,0.0688,0,6101.806320000001,
2026-09-08T04:15:08.473921+00:00,77.67043228756845,73.05874122237213,4.611691065196311,0.0678,0,6101.806320000001,
2026-09-08T04:15:09.474008+00:00,77.67142392595888,73.05250106297626,4.618922862982615,0.071,0,6101.806320000001,
2026-09-08T04:15:10.503211+00:00,77.67071059100972,73.03134112859026,4.639369462419467,0.0799,0,6101.806320000001,
2026-09-08T04:15:11.490105+00:00,77.6711937640034,73.06274455449024,4.608449209513168,0.0664,0,6101.806320000001,
2026-09-08T04:15:12.490139+00:00,77.6676822868629,73.0635604579357,4.604121828927205,0.0645,0,6101.806320000001,
2026-09-08T04:15:13.501895+00:00,77.66953833083741,73.05936536452751,4.610172966309904,0.0672,0,6101.806320000001,
2026-09-08T04:15:14.498157+00:00,77.67164074423104,73.06063250257941,4.611008241651632,0.0675,0,6101.806320000001,
2026-09-08T04:15:15.504457+00:00,77.67388627262828,73.04805524351082,4.625831029117464,0.074,0,6101.806320000001,
2026-09-08T04:15:16.498333+00:00,77.67388838786486,73.04002873026658,4.633859657598279,0.0775,0,6101.806320000001,
2026-09-08T04:15:17.497109+00:00,77.66942532827431,73.03912140745364,4.63030392082068,0.0759,0,6101.806320000001,
2026-09-08T04:15:18.503346+00:00,77.66974021184838,73.03925601931475,4.630484192533629,0.076,0,6101.806320000001,
2026-09-08T04:15:19.504862+00:00,77.67057532704034,73.03455765942626,4.636017667614084,0.0784,0,6101.806320000001,
2026-09-08T04:15:20.512464+00:00,77.6691158903021,73.03688735880166,4.632228531500431,0.0768,0,6101.806320000001,
2026-09-08T04:15:21.516400+00:00,77.66740999495688,73.02217016256475,4.645239832392136,0.0825,0,6101.806320000001,
2026-09-08T04:15:22.532860+00:00,77.66936378247892,73.02840735971932,4.640956422759601,0.0806,0,6101.806320000001,
2026-09-08T04:15:23.520383+00:00,77.66753973854998,73.03098712241017,4.636552616139809,0.0787,0,6101.806320000001,
2026-09-08T04:15:24.521649+00:00,77.66708399714238,73.03117034047376,4.63591365666862,0.0784,0,6101.806320000001,
2026-09-08T04:15:25.535170+00:00,77.66650823948034,73.01781642230301,4.648691817177323,0.084,0,6101.806320000001,
2026-09-08T04:15:26.564272+00:00,77.67123266777541,73.02689548897538,4.644337178800029,0.0821,0,6101.806320000001,
2026-09-08T04:15:27.533063+00:00,77.67476002024598,73.02186613813556,4.652893882110419,0.0858,0,6101.806320000001,
2026-09-08T04:15:28.545746+00:00,77.67436240943333,73.03123577145772,4.643126637975612,0.0815,0,6101.806320000001,
2026-09-08T04:15:29.537080+00:00,77.67529570057542,73.03371247549141,4.6415832250840054,0.0809,0,6101.806320000001,
2026-09-08T04:15:30.548849+00:00,77.67189043467555,73.02207240377653,4.649818030899013,0.0844,0,6101.806320000001,
2026-09-08T04:15:31.572237+00:00,77.6705881255782,73.01676160632123,4.653826519256981,0.0862,0,6101.806320000001,
2026-09-08T04:15:32.573150+00:00,77.6718375511152,73.0126039067033,4.6592336444118985,0.0885,0,6101.806320000001,
2026-09-08T04:15:33.554019+00:00,77.66925666756748,73.00963499000325,4.659621677564232,0.0887,0,6101.806320000001,
2026-09-08T04:15:34.554264+00:00,77.66695288409642,73.02219886790732,4.644754016189097,0.0822,0,6101.806320000001,
2026-09-08T04:15:35.560691+00:00,77.66671453440846,73.00263100589846,4.664083528509991,0.0907,0,6101.806320000001,
2026-09-08T04:15:36.573867+00:00,77.66419812954271,73.00506805530871,4.659130074234,0.0885,0,6101.806320000001,
2026-09-08T04:15:37.573817+00:00,77.66536814567992,73.00164212324125,4.6637260224386665,0.0905,0,6101.806320000001,
2026-09-08T04:15:38.573483+00:00,77.66624484452717,72.98963459939294,4.676610245134228,0.0961,0,6101.806320000001,
2026-09-08T04:15:39.575327+00:00,77.666641353325,73.00035107076678,4.666290282558222,0.0916,0,6101.806320000001,
2026-09-08T04:15:40.576461+00:00,77.66367095901406,72.99508067088934,4.668590288124719,0.0926,0,6101.806320000001,
2026-09-08T04:15:41.581127+00:00,77.663665095463,72.98241568019974,4.681249415263267,0.0981,0,6101.806320000001,
2026-09-08T04:15:42.589330+00:00,77.66297315336891,72.98054688782426,4.682426265544649,0.0987,0,6101.806320000001,
2026-09-08T04:15:43.590487+00:00,77.6636594988269,72.96686354704927,4.696795951777631,0.1049,0,6101.806320000001,
2026-09-08T04:15:44.596849+00:00,77.66838846282062,72.96566106055212,4.7027274022684935,0.1075,0,6101.806320000001,
2026-09-08T04:15:45.592201+00:00,77.66850478081561,72.96527213941462,4.703232641400987,0.1077,0,6101.806320000001,
2026-09-08T04:15:46.597608+00:00,77.66592358014194,72.980014934317,4.685908645824938,0.1002,0,6101.806320000001,
2026-09-08T04:15:47.601878+00:00,77.66699129454484,72.98075392573044,4.686237368814403,0.1003,0,6101.806320000001,
2026-09-08T04:15:48.612079+00:00,77.66700268604863,72.96323676849106,4.7037659175575754,0.108,0,6101.806320000001,
2026-09-08T04:15:49.606451+00:00,77.6650225558245,72.94943567670968,4.715586879114824,0.1131,0,6101.806320000001,
2026-09-08T04:15:50.612188+00:00,77.66378675805477,72.95312913385075,4.710657624204018,0.111,0,6101.806320000001,
2026-09-08T04:15:51.688086+00:00,77.66048758107644,72.96197491985588,4.698512661220562,0.1057,0,6101.806320000001,
2026-09-08T04:15:52.615686+00:00,77.65718041051609,72.96135283903571,4.695827571480379,0.1045,0,6101.806320000001,
2026-09-08T04:15:53.614531+00:00,77.66069618664372,72.96362836264487,4.69706782399885,0.105,0,6101.806320000001,
2026-09-08T04:15:54.615332+00:00,77.65603421967707,72.96699752602946,4.6890366936476084,0.1015,0,6101.806320000001,
2026-09-08T04:15:55.625074+00:00,77.65374695928782,72.9682995662434,4.685447393044413,0.1,0,6101.806320000001,
2026-09-08T04:15:56.633018+00:00,77.65122183605831,72.97231193712531,4.678909898933,0.0971,0,6101.806320000001,
2026-09-08T04:15:57.654570+00:00,77.65204579725842,72.97867973507368,4.673366062184741,0.0947,0,6101.806320000001,
2026-09-08T04:15:58.633441+00:00,77.65131424347112,72.97291306415333,4.678401179317788,0.0969,0,6101.806320000001,
2026-09-08T04:15:59.633310+00:00,77.6513092440742,72.96633205987686,4.684977184197336,0.0998,0,6101.806320000001,
2026-09-08T04:16:00.639505+00:00,77.65136898100701,72.96398868758313,4.687380293423885,0.1008,0,6101.806320000001,
2026-09-08T04:16:01.642185+00:00,77.65272101849972,72.96840438986027,4.684316628639451,0.0995,0,6101.806320000001,
2026-09-08T04:16:02.646583+00:00,77.65282743262064,72.99296023712019,4.659867195500453,0.0888,0,6101.806320000001,
2026-09-08T04:16:03.658699+00:00,77.65385057445766,73.00562037852558,4.648230195932086,0.0838,0,6101.806320000001,
2026-09-08T04:16:04.656173+00:00,77.65482947834461,73.00924570493989,4.645583773404724,0.0826,0,6101.806320000001,
2026-09-08T04:16:05.661860+00:00,77.65423287995132,73.01173897786092,4.642493902090408,0.0813,0,6101.806320000001,
2026-09-08T04:16:06.667643+00:00,77.6549414140265,73.00967284931376,4.645268564712737,0.0825,0,6101.806320000001,
2026-09-08T04:16:07.664433+00:00,77.65441067625213,73.00801680423429,4.646393872017839,0.083,0,6101.806320000001,
2026-09-08T04:16:08.665560+00:00,77.65628638906969,73.01067560600887,4.6456107830608175,0.0826,0,6101.806320000001,
2026-09-08T04:16:09.667992+00:00,77.6551366704713,73.0056282645537,4.649508405917587,0.0843,0,6101.806320000001,
2026-09-08T04:16:10.678030+00:00,77.65362774379918,73.00314633128944,4.650481412509734,0.0847,0,6101.806320000001,
2026-09-08T04:16:11.692901+00:00,77.65538320487957,72.99720894559047,4.658174259289098,0.0881,0,6101.806320000001,
2026-09-08T04:16:12.678638+00:00,77.65702382408215,72.99953030476146,4.657493519320681,0.0878,0,6101.806320000001,
2026-09-08T04:16:13.690775+00:00,77.65679920507857,73.0020733897433,4.654725815335269,0.0866,0,6101.806320000001,
2026-09-08T04:16:14.692232+00:00,77.65279044145066,72.9917445831904,4.661045858260266,0.0893,0,6101.806320000001,
2026-09-08T04:16:15.695251+00:00,77.64881943817714,72.99769263408609,4.651126804091049,0.085,0,6101.806320000001,
2026-09-08T04:16:16.697201+00:00,77.64902732405379,72.9850071459169,4.664020178136894,0.0906,0,6101.806320000001,
2026-09-08T04:16:17.698647+00:00,77.64993133433559,72.96817728235354,4.681754051982054,0.0984,0,6101.806320000001,
2026-09-08T04:16:18.706561+00:00,77.65028660968923,72.94940532666664,4.700881283022596,0.1067,0,6101.806320000001,
2026-09-08T04:16:19.706763+00:00,77.64976776152704,72.94534482287496,4.704422938652087,0.1082,0,6101.806320000001,
2026-09-08T04:16:20.712169+00:00,77.65330303975054,72.94671058510679,4.706592454643754,0.1092,0,6101.806320000001,
2026-09-08T04:16:21.719432+00:00,77.65218183966293,72.94819061201255,4.703991227650377,0.1081,0,6101.806320000001,
2026-09-08T04:16:22.732136+00:00,77.64918275492158,72.94683308269703,4.702349672224557,0.1073,0,6101.806320000001,
2026-09-08T04:16:23.724263+00:00,77.64828133766682,72.94866505948322,4.699616278183598,0.1061,0,6101.806320000001,
2026-09-08T04:16:24.719996+00:00,77.64884072419211,72.93215693064295,4.716683793549166,0.1136,0,6101.806320000001,
2026-09-08T04:16:25.728478+00:00,77.65158199734107,72.93747975460684,4.714102242734228,0.1125,0,6101.806320000001,
2026-09-08T04:16:26.786032+00:00,77.64846265412402,72.93150053304952,4.716962121074502,0.1137,0,6101.806320000001,
2026-09-08T04:16:27.732997+00:00,77.64832902885738,72.92991253932907,4.718416489528309,0.1143,0,6101.806320000001,
2026-09-08T04:16:28.732984+00:00,77.65215964436725,72.92721278602346,4.724946858343785,0.1172,0,6101.806320000001,
2026-09-08T04:16:29.737845+00:00,77.65151038275792,72.9321129651666,4.719397417591324,0.1148,0,6101.806320000001,
2026-09-08T04:16:30.784017+00:00,77.6533265802275,72.93971130858259,4.713615271644912,0.1122,0,6101.806320000001,
2026-09-08T04:16:31.787993+00:00,77.6522934850979,72.95040580207399,4.701887683023912,0.1071,0,6101.806320000001,
2026-09-08T04:16:32.749298+00:00,77.6513082793206,72.95798645735948,4.693321821961121,0.1034,0,6101.806320000001,
2026-09-08T04:16:33.746350+00:00,77.64791969522233,72.94477250379175,4.703147191430574,0.1077,0,6101.806320000001,
2026-09-08T04:16:34.744519+00:00,77.64603972747979,72.94657467727949,4.699465050200303,0.1061,0,6101.806320000001,
2026-09-08T04:16:35.747137+00:00,77.64692847545089,72.97121563415686,4.675712841294029,0.0957,0,6101.806320000001,
2026-09-08T04:16:36.753942+00:00,77.64597016687195,72.98896408291455,4.657006083957398,0.0876,0,6101.806320000001,
2026-09-08T04:16:37.764099+00:00,77.64268215870257,72.98013443410832,4.662547724594248,0.09,0,6101.806320000001,
2026-09-08T04:16:38.767935+00:00,77.64122874169918,72.99827786189263,4.642950879806548,0.0815,0,6101.806320000001,
2026-09-08T04:16:39.773667+00:00,77.64079060967633,72.99481053051146,4.645980079164872,0.0828,0,6101.806320000001,
2026-09-08T04:16:40.793156+00:00,77.64017148722186,72.98513084504697,4.655040642174896,0.0867,0,6101.806320000001,
2026-09-08T04:16:41.814634+00:00,77.64031119503703,72.98515467982949,4.655156515207537,0.0868,0,6101.806320000001,
2026-09-08T04:16:42.777018+00:00,77.64263486815501,72.9724775517843,4.6701573163707195,0.0933,0,6101.806320000001,
2026-09-08T04:16:43.784989+00:00,77.6455704418413,72.97798934931589,4.66758109252541,0.0922,0,6101.806320000001,
2026-09-08T04:16:44.784130+00:00,77.64866232514517,72.98029268136789,4.668369643777282,0.0925,0,6101.806320000001,
2026-09-08T04:16:45.799239+00:00,77.65080436247673,72.99599582853462,4.654808533942116,0.0866,0,6101.806320000001,
2026-09-08T04:16:46.799903+00:00,77.65240042480403,72.98212427727164,4.670276147532391,0.0934,0,6101.806320000001,
2026-09-08T04:16:47.794521+00:00,77.65150844131081,72.98589353677961,4.665614904531196,0.0913,0,6101.806320000001,
2026-09-08T04:16:48.832606+00:00,77.64874843758255,72.98008764846716,4.668660789115393,0.0927,0,6101.806320000001,
2026-09-08T04:16:49.803580+00:00,77.64836182366763,72.98436586144028,4.663995962227347,0.0906,0,6101.806320000001,
2026-09-08T04:16:50.815467+00:00,77.64926676280542,72.98323627618777,4.666030486617657,0.0915,0,6101.806320000001,
2026-09-08T04:16:51.818495+00:00,77.65116482255905,72.9793944563183,4.67177036624075,0.094,0,6101.806320000001,
2026-09-08T04:16:52.822737+00:00,77.64858865921744,72.9912085606168,4.65738009860064,0.0877,0,6101.806320000001,
2026-09-08T04:16:53.814820+00:00,77.65098222368232,72.98040444030649,4.670577783375833,0.0935,0,6101.806320000001,
2026-09-08T04:16:54.818532+00:00,77.6529609730806,72.96937916931444,4.68358180376616,0.0992,0,6101.806320000001,
2026-09-08T04:16:55.825037+00:00,77.65409986706398,72.96077997505743,4.693319892006542,0.1034,0,6101.806320000001,
2026-09-08T04:16:56.828056+00:00,77.65731338045501,72.98464686113923,4.672666519315783,0.0944,0,6101.806320000001,
2026-09-08T04:16:57.829696+00:00,77.6572761489723,72.97561717795743,4.681658971014869,0.0983,0,6101.806320000001,
2026-09-08T04:16:58.833066+00:00,77.65661663166334,72.97773907398962,4.678877557673715,0.0971,0,6101.806320000001,
2026-09-08T04:16:59.832770+00:00,77.65838312731213,72.96850850874773,4.689874618564403,0.1019,0,6101.806320000001,
2026-09-08T04:17:00.942195+00:00,77.65759869815915,72.96501463845571,4.692584059703435,0.1031,0,6101.806320000001,
2026-09-08T04:17:01.877534+00:00,77.66027554366752,72.98176891364919,4.678506630018333,0.0969,0,6101.806320000001,
2026-09-08T04:17:02.954438+00:00,77.66127685062314,73.00015441141531,4.66112243920783,0.0894,0,6101.806320000001,
2026-09-08T04:17:03.848246+00:00,77.6577609792371,73.00147626269153,4.656284716545571,0.0873,0,6101.806320000001,
2026-09-08T04:17:04.851455+00:00,77.65538344318092,73.00258937590738,4.652794067273547,0.0857,0,6101.806320000001,
2026-09-08T04:17:05.859533+00:00,77.65715278894777,72.9980023918048,4.659150397142966,0.0885,0,6101.806320000001,
2026-09-08T04:17:06.860568+00:00,77.6578878973873,72.99566136548555,4.6622265319017515,0.0899,0,6101.806320000001,
2026-09-08T04:17:07.864684+00:00,77.65942918812947,72.98835641742697,4.671072770702494,0.0937,0,6101.806320000001,
2026-09-08T04:17:08.863095+00:00,77.66026539948548,72.98384587639738,4.6764195230881,0.096,0,6101.806320000001,
2026-09-08T04:17:09.871944+00:00,77.66246488842626,72.98656283650294,4.675902051923316,0.0958,0,6101.806320000001,
2026-09-08T04:17:10.874668+00:00,77.66216735838707,72.98683240453745,4.675334953849614,0.0956,0,6101.806320000001,
2026-09-08T04:17:11.872811+00:00,77.66355952195777,72.99431059605507,4.669248925902693,0.0929,0,6101.806320000001,
2026-09-08T04:17:12.938965+00:00,77.66292203427854,72.9697474530305,4.693174581248044,0.1033,0,6101.806320000001,
2026-09-08T04:17:13.873475+00:00,77.6625949247764,72.97825841585981,4.684336508916587,0.0995,0,6101.806320000001,
2026-09-08T04:17:14.881088+00:00,77.66145086321706,72.97064055998227,4.690810303234784,0.1023,0,6101.806320000001,
2026-09-08T04:17:15.894102+00:00,77.6622929445241,72.95835985343632,4.703933091087777,0.108,0,6101.806320000001,
2026-09-08T04:17:16.890766+00:00,77.6616321446228,72.95343065426025,4.708201490362555,0.1099,0,6101.806320000001,
2026-09-08T04:17:17.906404+00:00,77.66023999311615,72.95525000800976,4.704989985106394,0.1085,0,6101.806320000001,
2026-09-08T04:17:18.911889+00:00,77.66326095563993,72.9627844477861,4.700476507853821,0.1065,0,6101.806320000001,
2026-09-08T04:17:19.898063+00:00,77.65854423411274,72.95358010935139,4.7049641247613465,0.1085,0,6101.806320000001,
2026-09-08T04:17:20.900325+00:00,77.66159759199604,70.94733362447094,6.714263967525099,0.9842,0,6101.806320000001,
2026-09-08T04:17:21.913762+00:00,77.66078144909818,69.97811739568593,7.682664053412253,1.4062,0,6101.806320000001,
2026-09-08T04:17:22.906566+00:00,77.65977960584664,69.97369756255274,7.686082043293894,1.4077,0,6101.806320000001,
2026-09-08T04:17:23.913197+00:00,77.6558036763638,69.98371295589833,7.6720907204654765,1.4016,0,6101.806320000001,
2026-09-08T04:17:24.915361+00:00,77.65776832287546,69.99134315576488,7.6664251671105745,1.3991,0,6101.806320000001,
2026-09-08T04:17:25.912788+00:00,77.65488411199479,69.9939128227721,7.660971289222687,1.3967,0,6101.806320000001,
2026-09-08T04:17:26.926040+00:00,77.65683379234241,69.99610470196775,7.660729090374659,1.3966,0,6101.806320000001,
2026-09-08T04:17:27.929552+00:00,77.65328121904874,69.9959938500825,7.657287368966237,1.3951,0,6101.806320000001,
2026-09-08T04:17:28.933343+00:00,77.65241920544534,69.9865828267649,7.665836378680439,1.3989,0,6101.806320000001,
2026-09-08T04:17:29.933550+00:00,77.6529803752594,69.98976587572442,7.663214499534988,1.3977,0,6101.806320000001,
2026-09-08T04:17:30.932354+00:00,77.65294325625248,69.98578397594906,7.667159280303423,1.3994,0,6101.806320000001,
2026-09-08T04:17:31.943350+00:00,77.6510213423215,69.98410773427459,7.666913608046912,1.3993,0,6101.806320000001,
2026-09-08T04:17:32.946258+00:00,77.65247582217084,69.97368566464817,7.67879015752267,1.4045,0,6101.806320000001,
2026-09-08T04:17:33.946306+00:00,77.65118863414118,69.9722095956444,7.678979038496777,1.4046,0,6101.806320000001,
2026-09-08T04:17:34.955537+00:00,77.65178598391088,69.9705974298398,7.681188554071085,1.4056,0,6101.806320000001,
2026-09-08T04:17:35.956524+00:00,77.65206735009504,69.98101376349459,7.671053586600451,1.4011,0,6101.806320000001,
2026-09-08T04:17:36.963357+00:00,77.64841287919323,70.37745701810623,7.270955861087003,1.2268,0,6101.806320000001,
2026-09-08T04:17:37.967368+00:00,77.6446532268736,70.79067482652891,6.853978400344687,1.045,0,6101.806320000001,
2026-09-08T04:17:38.968730+00:00,77.64391493632267,71.20878758460677,6.435127351715906,0.8625,0,6101.806320000001,
2026-09-08T04:17:39.983395+00:00,77.64150315883889,71.62905274270574,6.012450416133149,0.6783,0,6101.806320000001,
2026-09-08T04:17:40.975121+00:00,77.64211033382323,72.06466913790372,5.577441195919505,0.4887,0,6101.806320000001,
2026-09-08T04:17:41.995892+00:00,77.64032114640962,72.51065055489767,5.129670591511953,0.2936,0,6101.806320000001,
2026-09-08T04:17:43.032043+00:00,77.64198573781836,72.94175016470516,4.700235573113204,0.1064,0,6101.806320000001,
2026-09-08T04:17:44.051065+00:00,77.63984870019665,72.94231261483871,4.697536085357939,0.1052,0,6101.806320000001,
2026-09-08T04:17:45.037146+00:00,77.6373453272668,72.95528972884183,4.6820555984249665,0.0985,0,6101.806320000001,
2026-09-08T04:17:45.993951+00:00,77.63917716562304,72.96289493686947,4.676282228753564,0.096,0,6101.806320000001,
2026-09-08T04:17:47.019479+00:00,77.63948208394493,72.96209785851909,4.67738422542584,0.0965,0,6101.806320000001,
2026-09-08T04:17:48.003235+00:00,77.63871855417898,72.94455483935829,4.694163714820689,0.1038,0,6101.806320000001,
2026-09-08T04:17:49.129827+00:00,77.63911356603595,72.93456878314377,4.704544782892171,0.1083,0,6101.806320000001,
2026-09-08T04:17:50.035817+00:00,77.6397975438819,72.93559972810262,4.704197815779281,0.1081,0,6101.806320000001,
2026-09-08T04:17:51.008630+00:00,77.63892003271522,72.93254167097558,4.706378361739638,0.1091,0,6101.806320000001,
2026-09-08T04:17:52.031358+00:00,77.63812644503403,72.95905261518296,4.6790738298510774,0.0972,0,6101.806320000001,
2026-09-08T04:17:53.019153+00:00,77.63735297212823,72.94787185692579,4.68948111520244,0.1017,0,6101.806320000001,
2026-09-08T04:17:54.017027+00:00,77.63803231569275,72.94021394269656,4.6978183729961955,0.1054,0,6101.806320000001,
2026-09-08T04:17:55.065071+00:00,77.63812570514092,72.9343582742934,4.70376743084752,0.108,0,6101.806320000001,
2026-09-08T04:17:56.018168+00:00,77.63845394421567,72.92802740854768,4.710426535667992,0.1109,0,6101.806320000001,
2026-09-08T04:17:57.026488+00:00,77.63780721460635,72.91502862968406,4.722778584922295,0.1162,0,6101.806320000001,
2026-09-08T04:17:58.033009+00:00,77.64103810502077,72.92563433661408,4.715403768406688,0.113,0,6101.806320000001,
2026-09-08T04:17:59.093053+00:00,77.63935370923762,72.9213564439386,4.717997265299019,0.1142,0,6101.806320000001,
2026-09-08T04:18:00.047395+00:00,77.64026223370249,72.91977712458915,4.720485109113341,0.1152,0,6101.806320000001,
2026-09-08T04:18:01.071434+00:00,77.63989581754596,72.92812447771807,4.711771339827891,0.1114,0,6101.806320000001,
2026-09-08T04:18:02.045296+00:00,77.64068491322689,72.9378929393535,4.7027919738733885,0.1075,0,6101.806320000001,
2026-09-08T04:18:03.055161+00:00,77.64123398824506,72.94851385252271,4.692720135722354,0.1031,0,6101.806320000001,
2026-09-08T04:18:04.057549+00:00,77.63844511628922,72.96196981245471,4.676475303834508,0.0961,0,6101.806320000001,
2026-09-08T04:18:05.052386+00:00,77.6375084237038,72.95431266236146,4.683195761342347,0.099,0,6101.806320000001,
2026-09-08T04:18:06.059432+00:00,77.6382251674053,72.95503151260623,4.683193654799069,0.099,0,6101.806320000001,
2026-09-08T04:18:07.061429+00:00,77.63735284836717,72.9547544031614,4.68259844520577,0.0987,0,6101.806320000001,
2026-09-08T04:18:08.072549+00:00,77.63700459753923,72.94848337916608,4.688521218373154,0.1013,0,6101.806320000001,
2026-09-08T04:18:09.068918+00:00,77.63734022895005,72.95894194753316,4.678398281416889,0.0969,0,6101.806320000001,
2026-09-08T04:18:10.073627+00:00,77.63668265936889,72.96891901914442,4.667763640224464,0.0923,0,6101.806320000001,
2026-09-08T04:18:11.076269+00:00,77.63508081299874,72.98671062212635,4.6483701908723845,0.0838,0,6101.806320000001,
2026-09-08T04:18:12.081873+00:00,77.63254346386906,72.97112658553046,4.661416878338599,0.0895,0,6101.806320000001,
2026-09-08T04:18:13.083593+00:00,77.63451727805571,72.96666914199018,4.66784813606553,0.0923,0,6101.806320000001,
2026-09-08T04:18:14.092170+00:00,77.63166459237367,72.95883834111403,4.672826251259636,0.0945,0,6101.806320000001,
2026-09-08T04:18:15.093446+00:00,77.63029332183787,72.96432181950158,4.665971502336291,0.0915,0,6101.806320000001,
2026-09-08T04:18:16.119797+00:00,77.63091022286488,72.96485080112404,4.66605942174084,0.0915,0,6101.806320000001,
2026-09-08T04:18:17.139809+00:00,77.6310487465202,72.96621656419798,4.664832182322215,0.091,0,6101.806320000001,
2026-09-08T04:18:18.103016+00:00,77.63238143274322,72.95418836649651,4.678193066246706,0.0968,0,6101.806320000001,
2026-09-08T04:18:19.127057+00:00,77.62917191872131,72.96231567606945,4.6668562426518605,0.0919,0,6101.806320000001,
2026-09-08T04:18:20.107239+00:00,77.63332624011362,72.96654475571331,4.666781484400303,0.0918,0,6101.806320000001,
2026-09-08T04:18:21.109993+00:00,77.63129029565997,72.9477683096614,4.683521985998567,0.0991,0,6101.806320000001,
2026-09-08T04:18:22.145379+00:00,77.62921071505916,72.94051822546683,4.688692489592327,0.1014,0,6101.806320000001,
2026-09-08T04:18:23.116905+00:00,77.6230153053125,72.94356803066603,4.679447274646478,0.0974,0,6101.806320000001,
2026-09-08T04:18:24.123450+00:00,77.6239093817277,72.94427576000749,4.679633621720214,0.0974,0,6101.806320000001,
2026-09-08T04:18:25.127237+00:00,77.62631188889347,72.95029132950646,4.6760205593870126,0.0959,0,6101.806320000001,
2026-09-08T04:18:26.130360+00:00,77.6243955703664,72.94538479022194,4.679010780144466,0.0972,0,6101.806320000001,
2026-09-08T04:18:27.179673+00:00,77.62797594478971,72.9419881001317,4.685987844658015,0.1002,0,6101.806320000001,
2026-09-08T04:18:28.174266+00:00,77.62860355507802,72.91895306854508,4.7096504865329365,0.1105,0,6101.806320000001,
2026-09-08T04:18:29.200988+00:00,77.62630539248168,72.91864315358882,4.7076622388928655,0.1097,0,6101.806320000001,
2026-09-08T04:18:30.141212+00:00,77.62630539248168,72.91864315358882,4.7076622388928655,0.1097,0,6101.806320000001,
2026-09-08T04:18:31.144875+00:00,77.62479561478025,72.91416368027191,4.710631934508342,0.1109,0,6101.806320000001,
2026-09-08T04:18:32.184945+00:00,77.62771803641898,72.91600037965121,4.7117176567677745,0.1114,0,6101.806320000001,
2026-09-08T04:18:33.160515+00:00,77.62989741771051,72.91156958655213,4.718327831158376,0.1143,0,6101.806320000001,
2026-09-08T04:18:34.216600+00:00,77.6329652711979,72.91314852673582,4.719816744462079,0.115,0,6101.806320000001,
2026-09-08T04:18:35.157786+00:00,77.62999287833713,72.90258905669792,4.727403821639214,0.1183,0,6101.806320000001,
2026-09-08T04:18:36.161042+00:00,77.63016120895705,72.89644348571824,4.7337177232388115,0.121,0,6101.806320000001,
2026-09-08T04:18:37.178691+00:00,77.63238780884015,72.90006615613352,4.732321652706631,0.1204,0,6101.806320000001,
2026-09-08T04:18:38.174245+00:00,77.63814178825368,72.9080876438822,4.730054144371479,0.1194,0,6101.806320000001,
2026-09-08T04:18:39.173080+00:00,77.63804791610326,72.90940539540338,4.728642520699879,0.1188,0,6101.806320000001,
2026-09-08T04:18:40.305729+00:00,77.6389547073586,72.93109725867876,4.707857448679832,0.1097,0,6101.806320000001,
2026-09-08T04:18:41.184782+00:00,77.6389547073586,72.93109725867876,4.707857448679832,0.1097,0,6101.806320000001,
2026-09-08T04:18:42.208684+00:00,77.63887348073845,72.934038487175,4.704834993563452,0.1084,0,6101.806320000001,
2026-09-08T04:18:43.191110+00:00,77.6374074512034,72.93460123826462,4.702806212938782,0.1075,0,6101.806320000001,
2026-09-08T04:18:44.191480+00:00,77.63835444327198,72.92777524578244,4.710579197489537,0.1109,0,6101.806320000001,
2026-09-08T04:18:45.193533+00:00,77.6375920855834,72.92104782075216,4.716544264831242,0.1135,0,6101.806320000001,
2026-09-08T04:18:46.210696+00:00,77.63707006233872,72.93952567818538,4.697544384153346,0.1052,0,6101.806320000001,
2026-09-08T04:18:47.233471+00:00,77.63731488295332,72.92846034470317,4.708854538250151,0.1102,0,6101.806320000001,
2026-09-08T04:18:48.207827+00:00,77.63555917165544,72.91949656501987,4.716062606635575,0.1133,0,6101.806320000001,
2026-09-08T04:18:49.295744+00:00,77.6330026350267,72.9379081860276,4.6950944489991,0.1042,0,6101.806320000001,
2026-09-08T04:18:50.213649+00:00,77.63271877455564,72.92348507123786,4.7092337033177785,0.1103,0,6101.806320000001,
2026-09-08T04:18:51.213152+00:00,77.63402069493574,72.9295695698924,4.704451125043349,0.1083,0,6101.806320000001,
2026-09-08T04:18:52.259029+00:00,77.63765097314324,72.91863125755006,4.719019715593177,0.1146,0,6101.806320000001,
2026-09-08T04:18:53.222592+00:00,77.64038896435976,72.93085116232827,4.709537802031491,0.1105,0,6101.806320000001,
2026-09-08T04:18:54.226142+00:00,77.64261738052095,72.93609216840426,4.706525212116688,0.1092,0,6101.806320000001,
2026-09-08T04:18:55.227568+00:00,77.64112428834356,72.93720374970786,4.7039205386357,0.108,0,6101.806320000001,
2026-09-08T04:18:56.232195+00:00,77.63931149237466,72.93245025435903,4.706861238015634,0.1093,0,6101.806320000001,
2026-09-08T04:18:57.234049+00:00,77.63751838500349,72.9362167375947,4.701301647408783,0.1069,0,6101.806320000001,
2026-09-08T04:18:58.319496+00:00,77.64088360425144,72.93164153708642,4.709242067165022,0.1103,0,6101.806320000001,
2026-09-08T04:18:59.254898+00:00,77.63778151787747,72.94159663288472,4.696184884992746,0.1047,0,6101.806320000001,
2026-09-08T04:19:00.245621+00:00,77.63996524567023,72.9575985375836,4.682366708086619,0.0986,0,6101.806320000001,
2026-09-08T04:19:01.256170+00:00,77.63883902347577,72.9763449008782,4.662494122597565,0.09,0,6101.806320000001,
2026-09-08T04:19:02.260585+00:00,77.63764853322866,72.9939180362489,4.643730496979757,0.0818,0,6101.806320000001,
2026-09-08T04:19:03.312385+00:00,77.63634731841586,72.97960469705065,4.656742621365211,0.0875,0,6101.806320000001,
2026-09-08T04:19:04.256604+00:00,77.63645931239064,72.97647525559816,4.6599840567924815,0.0889,0,6101.806320000001,
2026-09-08T04:19:05.258390+00:00,77.63423800110178,72.9775720108859,4.656665990215885,0.0874,0,6101.806320000001,
2026-09-08T04:19:06.273336+00:00,77.63085176798965,72.98076659490432,4.65008517308533,0.0846,0,6101.806320000001,
2026-09-08T04:19:07.263907+00:00,77.6317825468754,72.98594327302888,4.645839273846519,0.0827,0,6101.806320000001,
2026-09-08T04:19:08.271470+00:00,77.63301020404762,72.97724307745028,4.65576712659734,0.087,0,6101.806320000001,
2026-09-08T04:19:09.272280+00:00,77.63217328304654,72.98069129613306,4.651481986913481,0.0852,0,6101.806320000001,
2026-09-08T04:19:10.274599+00:00,77.63459457738142,72.9723230820662,4.662271495315224,0.0899,0,6101.806320000001,
2026-09-08T04:19:11.282088+00:00,77.63840472070775,72.968550781077,4.669853939630755,0.0932,0,6101.806320000001,
2026-09-08T04:19:12.286055+00:00,77.63684365421231,72.97798158829886,4.658862065913453,0.0884,0,6101.806320000001,
2026-09-08T04:19:13.297106+00:00,77.63947715522318,72.98875173694803,4.650725418275144,0.0848,0,6101.806320000001,
2026-09-08T04:19:14.314718+00:00,77.64068969942139,72.98189258140495,4.658797118016437,0.0884,0,6101.806320000001,
2026-09-08T04:19:15.292225+00:00,77.64475080110584,72.9929410708048,4.651809730301039,0.0853,0,6101.806320000001,
2026-09-08T04:19:16.292390+00:00,77.6451020285734,72.98466816446597,4.660433864107432,0.0891,0,6101.806320000001,
2026-09-08T04:19:17.296097+00:00,77.64528800481035,72.98383404044674,4.661453964363616,0.0895,0,6101.806320000001,
2026-09-08T04:19:18.340174+00:00,77.64653310652402,72.97161013771367,4.67492296881035,0.0954,0,6101.806320000001,
2026-09-08T04:19:19.311490+00:00,77.64381873360938,72.9827555665593,4.661063167050074,0.0893,0,6101.806320000001,
2026-09-08T04:19:20.318204+00:00,77.64294153154012,72.98243987806616,4.660501653473958,0.0891,0,6101.806320000001,
2026-09-08T04:19:21.313167+00:00,77.64324803506382,72.97587183335523,4.667376201708592,0.0921,0,6101.806320000001,
2026-09-08T04:19:22.319774+00:00,77.64433381531833,72.97750367540385,4.666830139914481,0.0919,0,6101.806320000001,
2026-09-08T04:19:23.336396+00:00,77.64447669634802,72.96888221770459,4.675594478643433,0.0957,0,6101.806320000001,
2026-09-08T04:19:24.383720+00:00,77.64200198928373,72.97471619749703,4.667285791786696,0.0921,0,6101.806320000001,
2026-09-08T04:19:25.332963+00:00,77.64070708689957,72.99440891978912,4.646298167110444,0.0829,0,6101.806320000001,
2026-09-08T04:19:26.360511+00:00,77.64091261069173,72.99812135886583,4.642791251825898,0.0814,0,6101.806320000001,
2026-09-08T04:19:27.333434+00:00,77.64025264079149,72.98999505080218,4.650257589989309,0.0846,0,6101.806320000001,
2026-09-08T04:19:28.341889+00:00,77.63843773130712,72.9830359212035,4.655401810103626,0.0869,0,6101.806320000001,
2026-09-08T04:19:29.352020+00:00,77.63796857394819,72.97933004274553,4.658638531202655,0.0883,0,6101.806320000001,
2026-09-08T04:19:30.400631+00:00,77.63826339953508,72.96743526231735,4.670828137217725,0.0936,0,6101.806320000001,
2026-09-08T04:19:31.358481+00:00,77.63707044222893,72.96348871238412,4.673581729844813,0.0948,0,6101.806320000001,
2026-09-08T04:19:32.358107+00:00,77.6321104462468,72.9775198726589,4.654590573587896,0.0865,0,6101.806320000001,
2026-09-08T04:19:33.358150+00:00,77.63427863702182,72.97481341994644,4.659465217075379,0.0886,0,6101.806320000001,
2026-09-08T04:19:34.361896+00:00,77.63558419235295,72.96690130463446,4.668682887718489,0.0927,0,6101.806320000001,
2026-09-08T04:19:35.401116+00:00,77.63844750116367,72.96356837193451,4.674879129229154,0.0954,0,6101.806320000001,
2026-09-08T04:19:36.373219+00:00,77.63624991527716,72.97382818429871,4.662421730978451,0.0899,0,6101.806320000001,
2026-09-08T04:19:37.374861+00:00,77.63587335435317,72.98990423781623,4.645969116536932,0.0828,0,6101.806320000001,
2026-09-08T04:19:38.380690+00:00,77.63924907969023,72.98747417727974,4.651774902410494,0.0853,0,6101.806320000001,
2026-09-08T04:19:39.383148+00:00,77.64174621899026,72.99921456764635,4.642531651343916,0.0813,0,6101.806320000001,
2026-09-08T04:19:40.414213+00:00,77.6406837171202,72.98034996403631,4.66033375308389,0.089,0,6101.806320000001,
2026-09-08T04:19:41.393550+00:00,77.64162338159414,72.97582297903556,4.665800402558588,0.0914,0,6101.806320000001,
2026-09-08T04:19:42.395243+00:00,77.64245161684082,72.9837316378307,4.658719979010115,0.0883,0,6101.806320000001,
2026-09-08T04:19:43.400203+00:00,77.64437799547278,72.98368106394517,4.66069693152761,0.0892,0,6101.806320000001,
2026-09-08T04:19:44.405233+00:00,77.64459928911535,72.98373972616155,4.660859562953803,0.0893,0,6101.806320000001,
2026-09-08T04:19:45.405552+00:00,77.64475900638598,72.9888115117203,4.655947494665682,0.0871,0,6101.806320000001,
2026-09-08T04:19:46.454469+00:00,77.648115775045,72.98935229100142,4.658763484043575,0.0883,0,6101.806320000001,
2026-09-08T04:19:47.413811+00:00,77.64965971845984,73.00161670953709,4.648043008922755,0.0837,0,6101.806320000001,
2026-09-08T04:19:48.418478+00:00,77.64798312047937,73.00433732883772,4.643645791641646,0.0818,0,6101.806320000001,
2026-09-08T04:19:49.421346+00:00,77.65126178088995,72.99764215177868,4.653619629111276,0.0861,0,6101.806320000001,
2026-09-08T04:19:50.426089+00:00,77.65235283717064,72.99679861316909,4.655554224001548,0.0869,0,6101.806320000001,
2026-09-08T04:19:51.429571+00:00,77.65059845125676,73.00517408581676,4.645424365439993,0.0825,0,6101.806320000001,
2026-09-08T04:19:52.439639+00:00,77.65073607932588,73.00961945124854,4.6411166280773415,0.0807,0,6101.806320000001,
2026-09-08T04:19:53.444911+00:00,77.65312692217718,73.010358429427,4.642768492750179,0.0814,0,6101.806320000001,
2026-09-08T04:19:54.526891+00:00,77.65443834799586,73.00531136835485,4.649126979641011,0.0841,0,6101.806320000001,
2026-09-08T04:19:55.454163+00:00,77.65439722641699,72.99955437582479,4.654842850592203,0.0866,0,6101.806320000001,
2026-09-08T04:19:56.436254+00:00,77.65353954028598,73.00383317104175,4.649706369244228,0.0844,0,6101.806320000001,
2026-09-08T04:19:57.462768+00:00,77.65308698917002,72.98688857891693,4.666198410253088,0.0916,0,6101.806320000001,
2026-09-08T04:19:58.444665+00:00,77.65254843972407,72.99370435951545,4.658844080208624,0.0884,0,6101.806320000001,
2026-09-08T04:19:59.453497+00:00,77.65430786101615,72.98029358412198,4.6740142768941695,0.095,0,6101.806320000001,
2026-09-08T04:20:00.452756+00:00,77.65541815068343,72.99778654505262,4.657631605630812,0.0879,0,6101.806320000001,
2026-09-08T04:20:01.457517+00:00,77.65785550174273,73.001950892256,4.655904609486726,0.0871,0,6101.806320000001,
2026-09-08T04:20:02.456951+00:00,77.6573659457457,72.99911737407353,4.658248571672161,0.0881,0,6101.806320000001,
2026-09-08T04:20:03.489196+00:00,77.65522618419696,73.0105983645601,4.644627819636867,0.0822,0,6101.806320000001,
2026-09-08T04:20:04.463054+00:00,77.66115221214707,73.01995682437546,4.641195387771617,0.0807,0,6101.806320000001,
2026-09-08T04:20:05.464392+00:00,77.6623308329295,73.02369774405997,4.6386330888695255,0.0796,0,6101.806320000001,
2026-09-08T04:20:06.468992+00:00,77.66082906468894,73.03170146893419,4.629127595754753,0.0754,0,6101.806320000001,
2026-09-08T04:20:07.472432+00:00,77.6602895682857,73.02113250892268,4.639157059363029,0.0798,0,6101.806320000001,
2026-09-08T04:20:08.476033+00:00,77.66189541175787,73.0229001686281,4.63899524312977,0.0797,0,6101.806320000001,
2026-09-08T04:20:09.481564+00:00,77.65946928167266,73.02351231955305,4.635956962119607,0.0784,0,6101.806320000001,
2026-09-08T04:20:10.477964+00:00,77.66253549728548,73.02528126362311,4.637254233662361,0.079,0,6101.806320000001,
2026-09-08T04:20:11.484289+00:00,77.66124385993638,73.038948003703,4.622295856233379,0.0725,0,6101.806320000001,
2026-09-08T04:20:12.484591+00:00,77.66156274634817,73.03735514280207,4.624207603546097,0.0733,0,6101.806320000001,
2026-09-08T04:20:13.495915+00:00,77.6634373523016,73.02146919307972,4.641968159221875,0.081,0,6101.806320000001,
2026-09-08T04:20:14.487904+00:00,77.66364182361242,73.03400407907166,4.629637744540759,0.0757,0,6101.806320000001,
2026-09-08T04:20:15.497530+00:00,77.66477972598027,73.02677647611713,4.638003249863132,0.0793,0,6101.806320000001,
2026-09-08T04:20:16.498177+00:00,77.66873547395704,73.03958889096636,4.6291465829906855,0.0754,0,6101.806320000001,
2026-09-08T04:20:17.500898+00:00,77.67080954855182,73.04864060922795,4.6221689393238705,0.0724,0,6101.806320000001,
2026-09-08T04:20:18.504409+00:00,77.66710266238249,73.0346202351675,4.632482427214995,0.0769,0,6101.806320000001,
2026-09-08T04:20:19.527447+00:00,77.6623064096271,73.02407406353072,4.6382323460963875,0.0794,0,6101.806320000001,
2026-09-08T04:20:20.504227+00:00,77.66445193702918,73.0276126525269,4.636839284502287,0.0788,0,6101.806320000001,
2026-09-08T04:20:21.506998+00:00,77.66470496154685,73.02192096326262,4.64278399828423,0.0814,0,6101.806320000001,
2026-09-08T04:20:22.507470+00:00,77.66415740271529,73.0243323233825,4.639825079332795,0.0801,0,6101.806320000001,
2026-09-08T04:20:23.514653+00:00,77.66700028705147,73.02806643193908,4.638933855112384,0.0797,0,6101.806320000001,
2026-09-08T04:20:24.521689+00:00,77.66959420775736,73.02711935926646,4.642474848490892,0.0812,0,6101.806320000001,
2026-09-08T04:20:25.549067+00:00,77.66820576991582,73.03893361538616,4.629272154529659,0.0755,0,6101.806320000001,
2026-09-08T04:20:26.528777+00:00,77.66711393075103,73.02824135849424,4.638872572256787,0.0797,0,6101.806320000001,
2026-09-08T04:20:27.531152+00:00,77.66804927027965,73.03983424213763,4.628215028142023,0.075,0,6101.806320000001,
2026-09-08T04:20:28.530803+00:00,77.66865799718316,73.0358150314837,4.632842965699467,0.077,0,6101.806320000001,
2026-09-08T04:20:29.542478+00:00,77.66824215708864,73.04337386875844,4.624868288330205,0.0736,0,6101.806320000001,
2026-09-08T04:20:30.546371+00:00,77.67027965549129,73.04923242390738,4.621047231583901,0.0719,0,6101.806320000001,
2026-09-08T04:20:31.547948+00:00,77.66884027188482,73.03636416381902,4.632476108065802,0.0769,0,6101.806320000001,
2026-09-08T04:20:32.559515+00:00,77.66846770850715,73.04946360649456,4.619004102012596,0.071,0,6101.806320000001,
2026-09-08T04:20:33.553124+00:00,77.66822905033952,73.04563055218019,4.622598498159334,0.0726,0,6101.806320000001,
2026-09-08T04:20:34.553193+00:00,77.67193859666803,73.05200203220348,4.6199365644645525,0.0714,0,6101.806320000001,
2026-09-08T04:20:35.575584+00:00,77.66643179260302,73.05507227882133,4.611359513781693,0.0677,0,6101.806320000001,
2026-09-08T04:20:36.571023+00:00,77.66310885669107,73.0568050180755,4.606303838615574,0.0655,0,6101.806320000001,
2026-09-08T04:20:37.594792+00:00,77.6644665848469,73.04967602743767,4.614790557409236,0.0692,0,6101.806320000001,
2026-09-08T04:20:38.571972+00:00,77.66574791818425,73.03781061813689,4.627937300047364,0.0749,0,6101.806320000001,
2026-09-08T04:20:39.574033+00:00,77.6639089994499,73.02410147936993,4.6398075200799695,0.0801,0,6101.806320000001,
2026-09-08T04:20:40.576673+00:00,77.66542186667003,73.02167927933236,4.64374258733767,0.0818,0,6101.806320000001,
2026-09-08T04:20:41.579164+00:00,77.6652159648496,73.0209955943283,4.644220370521296,0.082,0,6101.806320000001,
2026-09-08T04:20:42.583518+00:00,77.66604848002888,73.00796614114313,4.658082338885748,0.088,0,6101.806320000001,
2026-09-08T04:20:43.586767+00:00,77.66769703119854,73.01346089135154,4.654236139847001,0.0864,0,6101.806320000001,
2026-09-08T04:20:44.588196+00:00,77.66862349106377,73.02043175385081,4.648191737212954,0.0837,0,6101.806320000001,
2026-09-08T04:20:45.599831+00:00,77.67118172343069,73.03051751827138,4.640664205159311,0.0805,0,6101.806320000001,
2026-09-08T04:20:46.604953+00:00,77.67147301351028,73.0411840730571,4.630288940453184,0.0759,0,6101.806320000001,
2026-09-08T04:20:47.599006+00:00,77.67190518113253,73.03314474399511,4.638760437137421,0.0796,0,6101.806320000001,
2026-09-08T04:20:48.601300+00:00,77.6727155998446,73.03867779148472,4.634037808359878,0.0776,0,6101.806320000001,
2026-09-08T04:20:49.603061+00:00,77.67355296113512,73.02999797712909,4.64355498400603,0.0817,0,6101.806320000001,
2026-09-08T04:20:50.654947+00:00,77.67753784601074,73.03279636861288,4.644741477397858,0.0822,0,6101.806320000001,
2026-09-08T04:20:51.685133+00:00,77.67746398094876,73.02230114383686,4.655162837111902,0.0868,0,6101.806320000001,
2026-09-08T04:20:52.614097+00:00,77.67691905775817,73.01365677768663,4.663262280071535,0.0903,0,6101.806320000001,
2026-09-08T04:20:53.614694+00:00,77.67707047639927,73.00772018051406,4.669350295885209,0.093,0,6101.806320000001,
2026-09-08T04:20:54.666767+00:00,77.6736197759739,73.00670518147155,4.666914594502359,0.0919,0,6101.806320000001,
2026-09-08T04:20:55.622061+00:00,77.67458012854561,73.01951180353778,4.655068325007832,0.0867,0,6101.806320000001,
2026-09-08T04:20:56.630091+00:00,77.67285604000195,73.0086817970255,4.6641742429764435,0.0907,0,6101.806320000001,
2026-09-08T04:20:57.630236+00:00,77.67652171889691,72.99258580058125,4.683935918315655,0.0993,0,6101.806320000001,
2026-09-08T04:20:58.660509+00:00,77.6754022542572,73.00331848223615,4.67208377202104,0.0941,0,6101.806320000001,
2026-09-08T04:20:59.634233+00:00,77.67711960079698,73.00768775911963,4.669431841677351,0.093,0,6101.806320000001,
2026-09-08T04:21:00.632746+00:00,77.67677521301366,73.00536352549612,4.6714116875175336,0.0939,0,6101.806320000001,
2026-09-08T04:21:01.642369+00:00,77.67629091148419,73.00301378189967,4.67327712958452,0.0947,0,6101.806320000001,
2026-09-08T04:21:02.643661+00:00,77.67549683085353,73.00533751507814,4.670159315775393,0.0933,0,6101.806320000001,
2026-09-08T04:21:03.648694+00:00,77.67300450548187,73.00746802000445,4.665536485477418,0.0913,0,6101.806320000001,
2026-09-08T04:21:04.654138+00:00,77.67560878961066,73.00494626849421,4.670662521116455,0.0935,0,6101.806320000001,
2026-09-08T04:21:05.653251+00:00,77.67670946932223,73.0101789570263,4.666530512295935,0.0917,0,6101.806320000001,
2026-09-08T04:21:06.656304+00:00,77.6801896645769,73.02347891416242,4.656710750414476,0.0874,0,6101.806320000001,
2026-09-08T04:21:07.660806+00:00,77.67850958504687,73.0208742107599,4.6576353742869685,0.0879,0,6101.806320000001,
2026-09-08T04:21:08.663936+00:00,77.67460897081578,73.02413602515948,4.650472945656304,0.0847,0,6101.806320000001,
2026-09-08T04:21:09.708329+00:00,77.676453565145,73.02622387740553,4.650229687739468,0.0846,0,6101.806320000001,
2026-09-08T04:21:10.670331+00:00,77.67804792930372,73.01871892167051,4.659329007633204,0.0886,0,6101.806320000001,
2026-09-08T04:21:11.672213+00:00,77.67683586118942,73.01369897885921,4.663136882330207,0.0902,0,6101.806320000001,
2026-09-08T04:21:12.677231+00:00,77.68140615855408,73.02797200742376,4.653434151130327,0.086,0,6101.806320000001,
2026-09-08T04:21:13.689263+00:00,77.68242717977998,73.01168317839448,4.670744001385501,0.0936,0,6101.806320000001,
2026-09-08T04:21:14.685879+00:00,77.67575839475217,73.00658517983277,4.669173214919397,0.0929,0,6101.806320000001,
2026-09-08T04:21:15.689579+00:00,77.67575681774214,73.01478513965161,4.660971678090533,0.0893,0,6101.806320000001,
2026-09-08T04:21:16.693134+00:00,77.67780895904335,73.0130976551663,4.664711303877041,0.0909,0,6101.806320000001,
2026-09-08T04:21:17.701198+00:00,77.6792764845374,73.02962933719435,4.649647147343046,0.0844,0,6101.806320000001,
2026-09-08T04:21:18.742276+00:00,77.6764331076038,73.03498366929047,4.64144943831333,0.0808,0,6101.806320000001,
2026-09-08T04:21:19.704760+00:00,77.67641885118273,73.026937092083,4.649481759099729,0.0843,0,6101.806320000001,
2026-09-08T04:21:20.707472+00:00,77.67530790578195,73.02498658874875,4.650321317033203,0.0847,0,6101.806320000001,
2026-09-08T04:21:21.705036+00:00,77.67352243167208,73.0292785430813,4.644243888590779,0.082,0,6101.806320000001,
2026-09-08T04:21:22.730385+00:00,77.67870080485531,73.02054667301448,4.658154131840831,0.0881,0,6101.806320000001,
2026-09-08T04:21:23.716179+00:00,77.68020644817314,73.00013150178188,4.680074946391258,0.0976,0,6101.806320000001,
2026-09-08T04:21:24.712239+00:00,77.68113216530071,72.99714651897573,4.6839856463249845,0.0993,0,6101.806320000001,
2026-09-08T04:21:25.716378+00:00,77.68016621544972,73.01232344623301,4.667842769216705,0.0923,0,6101.806320000001,
2026-09-08T04:21:26.751607+00:00,77.68247963523343,73.00146832524479,4.681011309988648,0.098,0,6101.806320000001,
2026-09-08T04:21:27.715524+00:00,77.68082624935833,72.99526529041879,4.685560958939547,0.1,0,6101.806320000001,
2026-09-08T04:21:28.718259+00:00,77.68401972978039,72.99272273409014,4.6912969956902515,0.1025,0,6101.806320000001,
2026-09-08T04:21:29.722912+00:00,77.6858024102848,72.98466167780651,4.7011407324782795,0.1068,0,6101.806320000001,
2026-09-08T04:21:30.765204+00:00,77.68269063062877,72.9771810541046,4.705509576524165,0.1087,0,6101.806320000001,
2026-09-08T04:21:31.729775+00:00,77.68440777266856,72.9849721210637,4.699435651604858,0.1061,0,6101.806320000001,
2026-09-08T04:21:32.735613+00:00,77.68474839844976,72.98093748830259,4.703810910147169,0.108,0,6101.806320000001,
2026-09-08T04:21:33.742292+00:00,77.68499503048179,72.99160304883694,4.693391981644851,0.1034,0,6101.806320000001,
2026-09-08T04:21:34.742890+00:00,77.68171424399786,72.99721777126639,4.6844964727314675,0.0996,0,6101.806320000001,
2026-09-08T04:21:35.748526+00:00,77.67957179910161,72.98123852500144,4.698333274100165,0.1056,0,6101.806320000001,
2026-09-08T04:21:36.750201+00:00,77.67906111901712,72.97692412390246,4.702136995114657,0.1072,0,6101.806320000001,
2026-09-08T04:21:37.783713+00:00,77.68091492582394,72.9867407739019,4.6941741519220415,0.1038,0,6101.806320000001,
2026-09-08T04:21:38.758797+00:00,77.68060867944978,72.98696766480161,4.693641014648165,0.1035,0,6101.806320000001,
2026-09-08T04:21:39.758999+00:00,77.68108444284914,72.99247799571705,4.688606447132088,0.1013,0,6101.806320000001,
2026-09-08T04:21:40.759353+00:00,77.67936636521378,72.9944262769011,4.684940088312686,0.0998,0,6101.806320000001,
2026-09-08T04:21:41.764491+00:00,77.68138731431114,72.97121291306422,4.710174401246917,0.1107,0,6101.806320000001,
2026-09-08T04:21:42.762015+00:00,77.6801834743889,72.97263432949934,4.707549144889555,0.1096,0,6101.806320000001,
2026-09-08T04:21:43.768576+00:00,77.679742767967,72.9796729949465,4.700069773020502,0.1063,0,6101.806320000001,
2026-09-08T04:21:44.772338+00:00,77.6776567416669,72.97848317942761,4.699173562239281,0.106,0,6101.806320000001,
2026-09-08T04:21:45.780291+00:00,77.67791249834303,72.9792528864494,4.698659611893632,0.1057,0,6101.806320000001,
2026-09-08T04:21:46.778768+00:00,77.67664849893488,72.96823005390922,4.708418445025657,0.11,0,6101.806320000001,
2026-09-08T04:21:47.822435+00:00,77.67925278672377,72.96981776297763,4.709435023746138,0.1104,0,6101.806320000001,
2026-09-08T04:21:48.787361+00:00,77.67963861684855,72.97366528825033,4.705973328598219,0.1089,0,6101.806320000001,
2026-09-08T04:21:49.784051+00:00,77.67959544647337,72.97486986359102,4.704725582882347,0.1084,0,6101.806320000001,
2026-09-08T04:21:50.814702+00:00,77.6800137413055,72.98108544114514,4.698928300160361,0.1058,0,6101.806320000001,
2026-09-08T04:21:51.802637+00:00,77.67758603558191,72.9913012416587,4.686284793923207,0.1003,0,6101.806320000001,
2026-09-08T04:21:52.799771+00:00,77.67699822436998,72.99158224901424,4.685415975355738,0.1,0,6101.806320000001,
2026-09-08T04:21:53.809786+00:00,77.67793151823683,72.99806902198934,4.679862496247495,0.0975,0,6101.806320000001,
2026-09-08T04:21:54.804909+00:00,77.67940733458224,73.00929297919203,4.670114355390211,0.0933,0,6101.806320000001,
2026-09-08T04:21:55.820948+00:00,77.67781567532964,73.0116078743114,4.6662078010182455,0.0916,0,6101.806320000001,
2026-09-08T04:21:56.808150+00:00,77.6761232975984,73.00890382327404,4.667219474324355,0.092,0,6101.806320000001,
2026-09-08T04:21:57.864252+00:00,77.67722413521406,73.01896201034718,4.65826212486688,0.0881,0,6101.806320000001,
2026-09-08T04:21:58.817603+00:00,77.67771711410938,73.0161887148876,4.66152839922178,0.0895,0,6101.806320000001,
2026-09-08T04:21:59.820334+00:00,77.67511774870343,73.0114047268351,4.6637130218683325,0.0905,0,6101.806320000001,
2026-09-08T04:22:00.820385+00:00,77.67350888843174,72.9938569098247,4.6796519786070405,0.0974,0,6101.806320000001,
2026-09-08T04:22:01.821211+00:00,77.67362929852581,72.99665927896216,4.6769700195636545,0.0963,0,6101.806320000001,
2026-09-08T04:22:02.821781+00:00,77.67409934198798,72.98582847126853,4.68827087071945,0.1012,0,6101.806320000001,
2026-09-08T04:22:03.830300+00:00,77.67174534982273,73.00160364859879,4.67014170122394,0.0933,0,6101.806320000001,
2026-09-08T04:22:04.835820+00:00,77.67173261879756,73.00508293239636,4.6666496864012,0.0918,0,6101.806320000001,
2026-09-08T04:22:05.840484+00:00,77.67341468578958,73.00981280492195,4.663601880867631,0.0905,0,6101.806320000001,
2026-09-08T04:22:06.840589+00:00,77.67511795096117,73.01397072225053,4.661147228710632,0.0894,0,6101.806320000001,
2026-09-08T04:22:07.846267+00:00,77.66991734176267,73.00095955171301,4.66895779004966,0.0928,0,6101.806320000001,
2026-09-08T04:22:08.863739+00:00,77.66946851418238,72.99720298368855,4.672265530493831,0.0942,0,6101.806320000001,
2026-09-08T04:22:09.862837+00:00,77.67122798225908,72.9880382647442,4.683189717514878,0.099,0,6101.806320000001,
2026-09-08T04:22:10.855603+00:00,77.66613041089201,72.99462211701255,4.671508293879455,0.0939,0,6101.806320000001,
2026-09-08T04:22:11.853668+00:00,77.66718068347507,72.99933105148207,4.667849631992993,0.0923,0,6101.806320000001,
2026-09-08T04:22:12.864697+00:00,77.66675873031718,72.99820928839736,4.668549441919822,0.0926,0,6101.806320000001,
2026-09-08T04:22:13.863704+00:00,77.66383964408337,72.98930095546109,4.6745386886222775,0.0952,0,6101.806320000001,
2026-09-08T04:22:14.890209+00:00,77.66306199284256,73.00330272912825,4.659759263714307,0.0888,0,6101.806320000001,
2026-09-08T04:22:15.872008+00:00,77.66182413414155,73.00815978133295,4.653664352808605,0.0861,0,6101.806320000001,
2026-09-08T04:22:16.879632+00:00,77.66156519847944,73.01641851135798,4.6451466871214535,0.0824,0,6101.806320000001,
2026-09-08T04:22:17.882999+00:00,77.66325940200178,73.02232015246466,4.640939249537126,0.0806,0,6101.806320000001,
2026-09-08T04:22:18.885157+00:00,77.660580203533,73.02356976650171,4.637010437031293,0.0789,0,6101.806320000001,
2026-09-08T04:22:19.881873+00:00,77.65856175588928,73.01197742929223,4.646584326597051,0.083,0,6101.806320000001,
2026-09-08T04:22:20.890032+00:00,77.66066673569121,73.0072726847812,4.653394050910009,0.086,0,6101.806320000001,
2026-09-08T04:22:21.887962+00:00,77.66536115119658,73.00150128506833,4.663859866128249,0.0906,0,6101.806320000001,
2026-09-08T04:22:22.897101+00:00,77.66332783139087,72.99410642131654,4.669221410074329,0.0929,0,6101.806320000001,
2026-09-08T04:22:23.900494+00:00,77.66534473970042,73.01028545680529,4.655059282895124,0.0867,0,6101.806320000001,
2026-09-08T04:22:24.900250+00:00,77.66750108388268,72.99061804403719,4.676883039845492,0.0962,0,6101.806320000001,
2026-09-08T04:22:25.900896+00:00,77.66646501868297,72.98106773440976,4.685397284273208,0.1,0,6101.806320000001,
2026-09-08T04:22:26.906265+00:00,77.66403369469595,72.98278882663362,4.681244868062322,0.0981,0,6101.806320000001,
2026-09-08T04:22:27.912592+00:00,77.66691966953026,73.00391718180163,4.663002487728633,0.0902,0,6101.806320000001,
2026-09-08T04:22:29.180641+00:00,77.66359358249252,72.9974912615408,4.6661023209517225,0.0915,0,6101.806320000001,
2026-09-08T04:22:29.919164+00:00,77.66312549293144,72.99489700580095,4.6682284871304915,0.0925,0,6101.806320000001,
2026-09-08T04:22:30.920476+00:00,77.66475789057598,72.99604713403956,4.668710756536427,0.0927,0,6101.806320000001,
2026-09-08T04:22:32.086062+00:00,77.66376747293819,72.99712232421197,4.666645148726218,0.0918,0,6101.806320000001,
2026-09-08T04:22:32.925325+00:00,77.66431495430622,73.00186631812727,4.662448636178951,0.0899,0,6101.806320000001,
2026-09-08T04:22:33.948563+00:00,77.66206134774052,73.0081952287201,4.653866119020421,0.0862,0,6101.806320000001,
2026-09-08T04:22:34.930911+00:00,77.66737649365271,73.01910334383982,4.648273149812894,0.0838,0,6101.806320000001,
2026-09-08T04:22:35.936199+00:00,77.67001275590366,73.00991010441865,4.660102651485005,0.0889,0,6101.806320000001,
2026-09-08T04:22:36.937366+00:00,77.67119096732281,73.00742548776527,4.66376547955754,0.0905,0,6101.806320000001,
2026-09-08T04:22:37.939781+00:00,77.67002023747673,73.00044697445766,4.669573263019075,0.0931,0,6101.806320000001,
2026-09-08T04:22:38.976420+00:00,77.67235667776434,72.98845657405803,4.683900103706307,0.0993,0,6101.806320000001,
2026-09-08T04:22:39.947674+00:00,77.67403539845694,72.99397809361345,4.680057304843487,0.0976,0,6101.806320000001,
2026-09-08T04:22:40.968044+00:00,77.67200919513614,72.99792920351969,4.674079991616452,0.095,0,6101.806320000001,
2026-09-08T04:22:41.982543+00:00,77.67594382825843,72.99905059871676,4.676893229541662,0.0962,0,6101.806320000001,
2026-09-08T04:22:42.987120+00:00,77.67731563253591,73.00935451169254,4.667961120843373,0.0924,0,6101.806320000001,
2026-09-08T04:22:43.956693+00:00,77.6726462308339,73.01443282900493,4.658213401828974,0.0881,0,6101.806320000001,
2026-09-08T04:22:45.008540+00:00,77.66972206698178,73.00844266673649,4.6612794002452915,0.0894,0,6101.806320000001,
2026-09-08T04:22:45.997910+00:00,77.66886317804266,73.00007968825894,4.668783489783721,0.0927,0,6101.806320000001,
2026-09-08T04:22:46.964503+00:00,77.66739050285972,73.00528251266648,4.662107990193235,0.0898,0,6101.806320000001,
2026-09-08T04:22:47.963985+00:00,77.66581986064405,72.99440158762307,4.671418273020976,0.0939,0,6101.806320000001,
2026-09-08T04:22:48.974939+00:00,77.66582258348623,72.99767318482127,4.668149398664966,0.0924,0,6101.806320000001,
2026-09-08T04:22:49.977181+00:00,77.66819977816286,73.01169984588765,4.65649993227521,0.0874,0,6101.806320000001,
2026-09-08T04:22:50.980268+00:00,77.6648521483037,73.01407582806927,4.650776320234428,0.0849,0,6101.806320000001,
2026-09-08T04:22:51.982308+00:00,77.6609755395778,73.00510569361731,4.6558698459604955,0.0871,0,6101.806320000001,
2026-09-08T04:22:53.029673+00:00,77.66373991841998,73.00431794909834,4.659421969321642,0.0886,0,6101.806320000001,
2026-09-08T04:22:53.996003+00:00,77.66247129819529,72.99725304536076,4.665218252834521,0.0912,0,6101.806320000001,
2026-09-08T04:22:54.996733+00:00,77.66072444122848,72.99238284390664,4.668341597321842,0.0925,0,6101.806320000001,
2026-09-08T04:22:56.016329+00:00,77.66368735031239,72.99200075579868,4.671686594513702,0.094,0,6101.806320000001,
2026-09-08T04:22:57.041626+00:00,77.66471440894486,72.99197064937111,4.672743759573748,0.0944,0,6101.806320000001,
2026-09-08T04:22:58.001733+00:00,77.66487119629204,73.00060397698995,4.66426721930209,0.0907,0,6101.806320000001,
2026-09-08T04:22:59.004863+00:00,77.66610550314329,72.99625556396585,4.669849939177439,0.0932,0,6101.806320000001,
2026-09-08T04:23:00.008600+00:00,77.66652882864072,73.01221738584151,4.654311442799212,0.0864,0,6101.806320000001,
2026-09-08T04:23:01.021426+00:00,77.66905487687109,73.01992715886648,4.649127718004607,0.0841,0,6101.806320000001,
2026-09-08T04:23:02.050436+00:00,77.66741771535236,73.02811756411802,4.6393001512343375,0.0799,0,6101.806320000001,
2026-09-08T04:23:03.054112+00:00,77.66501042534341,73.04915463064913,4.6158557946942835,0.0696,0,6101.806320000001,
2026-09-08T04:23:04.020855+00:00,77.66830242593093,73.04664838722832,4.621654038702616,0.0722,0,6101.806320000001,
2026-09-08T04:23:05.021528+00:00,77.66931721642435,73.05068017827338,4.618637038150965,0.0709,0,6101.806320000001,
2026-09-08T04:23:06.020135+00:00,77.67204862187934,73.04270004026155,4.629348581617791,0.0755,0,6101.806320000001,
2026-09-08T04:23:07.024568+00:00,77.67241576652002,73.0568365415364,4.61557922498362,0.0695,0,6101.806320000001,
2026-09-08T04:23:08.030020+00:00,77.66991845406947,73.04823000896994,4.621688445099537,0.0722,0,6101.806320000001,
2026-09-08T04:23:09.055416+00:00,77.67290276123853,73.03822405663374,4.634678704604795,0.0778,0,6101.806320000001,
2026-09-08T04:23:10.044589+00:00,77.67076589731398,73.03804068001612,4.63272521729786,0.077,0,6101.806320000001,
2026-09-08T04:23:11.049157+00:00,77.66729486823951,73.03686034459506,4.630434523644453,0.076,0,6101.806320000001,
2026-09-08T04:23:12.048871+00:00,77.6678150695963,73.02456981521792,4.643245254378385,0.0816,0,6101.806320000001,
2026-09-08T04:23:13.066077+00:00,77.66697381313125,73.02557559157384,4.641398221557409,0.0808,0,6101.806320000001,
2026-09-08T04:23:14.101560+00:00,77.66687257237508,73.0132174546126,4.653655117762483,0.0861,0,6101.806320000001,
2026-09-08T04:23:15.057256+00:00,77.66540899567177,73.00742996434627,4.657979031325496,0.088,0,6101.806320000001,
2026-09-08T04:23:16.056174+00:00,77.66963758117325,73.02597848344988,4.643659097723372,0.0818,0,6101.806320000001,
2026-09-08T04:23:17.062877+00:00,77.66749806443575,73.01785659827641,4.649641466159338,0.0844,0,6101.806320000001,
2026-09-08T04:23:18.066541+00:00,77.66395418995253,73.01820590795523,4.6457482819972995,0.0827,0,6101.806320000001,
2026-09-08T04:23:19.063316+00:00,77.66651310264774,73.01237506324264,4.6541380394050975,0.0863,0,6101.806320000001,
2026-09-08T04:23:20.065346+00:00,77.66425882890557,72.9997656259356,4.664493202969979,0.0908,0,6101.806320000001,
2026-09-08T04:23:21.066911+00:00,77.66290161390137,72.98858418853396,4.674317425367406,0.0951,0,6101.806320000001,
2026-09-08T04:23:22.115733+00:00,77.66510451508891,73.00104984607,4.66405466901891,0.0906,0,6101.806320000001,
2026-09-08T04:23:23.087932+00:00,77.66614529318922,72.99732485048263,4.66882044270659,0.0927,0,6101.806320000001,
2026-09-08T04:23:24.086368+00:00,77.6682143569648,73.00028276612942,4.66793159083538,0.0923,0,6101.806320000001,
2026-09-08T04:23:25.085154+00:00,77.66535538046857,73.00022704550993,4.665128334958638,0.0911,0,6101.806320000001,
2026-09-08T04:23:26.124194+00:00,77.66188226742958,73.00195890190605,4.659923365523525,0.0888,0,6101.806320000001,
2026-09-08T04:23:27.095600+00:00,77.66222239079606,73.01436400839592,4.647858382400145,0.0836,0,6101.806320000001,
2026-09-08T04:23:28.098536+00:00,77.66285035899885,73.01636800634681,4.646482352652043,0.083,0,6101.806320000001,
2026-09-08T04:23:29.108382+00:00,77.66456774148766,73.0300012711502,4.634566470337461,0.0778,0,6101.806320000001,
2026-09-08T04:23:30.103154+00:00,77.66494993815999,73.0169847771871,4.647965160972888,0.0836,0,6101.806320000001,
2026-09-08T04:23:31.106443+00:00,77.66306580642177,73.02469765405962,4.638368152362148,0.0795,0,6101.806320000001,
2026-09-08T04:23:32.109181+00:00,77.6648131822068,73.0126184222515,4.652194759955293,0.0855,0,6101.806320000001,
2026-09-08T04:23:33.115995+00:00,77.6674783661268,73.02670073892271,4.640777627204088,0.0805,0,6101.806320000001,
2026-09-08T04:23:34.118620+00:00,77.66672002151772,73.01798028126986,4.648739740247862,0.084,0,6101.806320000001,
2026-09-08T04:23:35.121380+00:00,77.66538875200722,73.03376306032153,4.631625691685684,0.0765,0,6101.806320000001,
2026-09-08T04:23:36.162693+00:00,77.66229990966538,73.03779349084934,4.62450641881604,0.0734,0,6101.806320000001,
2026-09-08T04:23:37.122896+00:00,77.66277701105776,73.04527952228098,4.6174974887767775,0.0704,0,6101.806320000001,
2026-09-08T04:23:38.161846+00:00,77.66090917703143,73.84420979530417,3.816699381727261,-0.2786,0,6101.806320000001,
2026-09-08T04:23:39.128541+00:00,77.66086423531442,74.81106419668339,2.849800038631031,-0.7,0,6101.806320000001,
2026-09-08T04:23:40.147441+00:00,77.66150143560704,75.8320870863023,1.8294143493047414,-1.1447,0,6101.806320000001,
2026-09-08T04:23:41.140193+00:00,77.66088635136832,76.81828348231153,0.8426028690567904,-1.5748,0,6101.806320000001,
2026-09-08T04:23:42.147407+00:00,77.66084350640556,77.82029932780861,-0.15945582140305703,-2.0115,0,6101.806320000001,
2026-09-08T04:23:43.137468+00:00,77.66107505795011,78.81023256453105,-1.1491575065809343,-2.4428,0,6101.806320000001,
2026-09-08T04:23:44.146438+00:00,77.6639010261865,79.83251914631192,-2.16861812012543,-2.8871,0,6101.806320000001,
2026-09-08T04:23:45.148983+00:00,77.66296920512808,80.83360496330391,-3.170635758175834,-3.3238,0,6101.806320000001,
2026-09-08T04:23:46.156259+00:00,77.66467427020716,81.83104637114404,-4.166372100936883,-3.7578,0,6101.806320000001,
2026-09-08T04:23:47.297145+00:00,77.66570828973464,82.85849853642378,-5.1927902466891425,-4.2051,1,6101.806320000001,buy 75x BTC-MINI; sell 75x ETH-MINI
2026-09-08T04:23:48.165130+00:00,77.66529381587742,83.85840571074829,-6.193111894870867,-4.641,1,5289.992277141201,
2026-09-08T04:23:49.184175+00:00,77.66642908476251,84.89111493225175,-7.224685847489241,-5.0906,1,5212.526079726272,
2026-09-08T04:23:50.175857+00:00,77.67075707035039,85.8955152778291,-8.224758207478715,-5.5265,1,5137.6252409972485,
2026-09-08T04:23:51.182473+00:00,77.66938085273014,86.89203118125796,-9.22265032852782,-5.9614,1,5062.785406160204,
2026-09-08T04:23:52.188040+00:00,77.67156746300593,87.89747310223935,-10.225905639233417,-6.3986,1,4987.599783657989,
2026-09-08T04:23:53.212260+00:00,77.6740720781556,88.90975475356177,-11.235682675406167,-6.8387,1,4911.790402734583,
2026-09-08T04:23:54.231618+00:00,77.67281534432367,89.91984582937465,-12.247030485050985,-7.2794,1,4835.982625746116,
2026-09-08T04:23:55.192156+00:00,77.67255173110122,90.87329345427554,-13.200741723174318,-7.6951,1,4764.4020513366495,
2026-09-08T04:23:56.200322+00:00,77.67401074992179,91.88795093803009,-14.213940188108296,-8.1366,1,4688.20602976311,
2026-09-08T04:23:57.200791+00:00,77.67160312754756,92.89977693970438,-15.228173812156825,-8.5786,1,4612.32692420207,
2026-09-08T04:23:58.196508+00:00,77.67318605533545,93.91270558241726,-16.23951952708181,-9.0194,1,4536.497202915307,
2026-09-08T04:23:59.202582+00:00,77.67487884955023,94.91367294184828,-17.23879409229805,-9.4549,1,4461.590699250133,
2026-09-08T04:24:00.204786+00:00,77.67741547636948,95.90053270377727,-18.223117227407798,-9.8839,1,4387.65998041901,
2026-09-08T04:24:01.206092+00:00,77.67755913812415,96.90837803292584,-19.230818894801686,-10.323,1,4312.1569565378695,
2026-09-08T04:24:02.220781+00:00,77.67528998536768,97.93337571032218,-20.258085724954498,-10.7707,1,4235.659436780528,
2026-09-08T04:24:03.268952+00:00,77.67264441804973,98.9551503470291,-21.282505928979376,-11.2172,1,4158.2944301056,
2026-09-08T04:24:04.223041+00:00,77.67478374559214,99.9388465688194,-22.264062823227263,-11.645,1,4084.6744622675847,
2026-09-08T04:24:05.221347+00:00,77.67158160744496,100.95221106024327,-23.28062945279831,-12.088,1,4008.430105384839,
2026-09-08T04:24:06.221606+00:00,77.67042778972662,101.93809280779713,-24.267665018070517,-12.5182,1,3934.4184418365458,
2026-09-08T04:24:07.221175+00:00,77.66520808232589,102.94996428130024,-25.28475619897435,-12.9614,1,3858.1458300677696,
2026-09-08T04:24:08.234311+00:00,77.66393726034738,99.40487517080172,-21.740937910454335,-11.417,1,4123.951304143926,
2026-09-08T04:24:09.229260+00:00,77.6637101766098,95.12710212014295,-17.463391943533153,-9.5528,1,4445.129273245482,
2026-09-08T04:24:10.232017+00:00,77.66524255006948,90.82207301271247,-13.156830462642986,-7.6759,1,4767.807719126589,
2026-09-08T04:24:11.235031+00:00,77.66524641831644,87.52190034341122,-9.856653925094776,-6.2377,1,5015.368711278119,
2026-09-08T04:24:12.237078+00:00,77.66478757668752,89.4695649762004,-11.804777399512886,-7.0867,1,4868.757204929984,
2026-09-08T04:24:13.235957+00:00,77.66681303748145,95.21340409303485,-17.546591055553407,-9.589,1,4439.055509078647,
2026-09-08T04:24:14.242629+00:00,77.66336069077016,100.95620750862027,-23.292846817850105,-12.0933,1,4007.1987967157916,
2026-09-08T04:24:15.256900+00:00,77.66372560120199,110.5594245225923,-32.895698921390306,-16.2784,1,3287.2974812523257,
2026-09-08T04:24:16.270542+00:00,77.66322252926541,120.71777401524174,-43.05455148597633,-20.7057,1,2524.741596884143,
2026-09-08T04:24:17.259806+00:00,77.6637373306121,130.6107345972035,-52.94699726659141,-25.017,1,1782.6145078471363,
2026-09-08T04:24:18.302582+00:00,77.66358682006847,141.03049079151725,-63.36690397144878,-29.5581,1,1001.2822587097944,
2026-09-08T04:24:19.321587+00:00,77.66535691505943,151.22268012913122,-73.55732321407179,-33.9992,1,237.21288883917896,
2026-09-08T04:24:20.264948+00:00,77.66636675679013,160.65626184653183,-82.98989508974171,-38.1101,1,-470.39755049252835,
2026-09-08T04:24:21.264029+00:00,77.6637563504316,170.63947264444244,-92.97571629401084,-42.462,1,-1219.1422734611815,
2026-09-08T04:24:22.268776+00:00,77.66250719627637,180.6947737204127,-103.03226652413635,-46.8448,1,-1973.2311912485466,
2026-09-08T04:24:23.268268+00:00,77.66407776210467,190.6944992015301,-113.03042143942544,-51.2021,1,-2723.090127686216,
2026-09-08T04:24:24.283948+00:00,77.66060617984087,200.83005301831884,-123.16944683847797,-55.6208,1,-3483.1064758219427,
2026-09-08T04:24:25.274019+00:00,77.66060617984087,210.72567574857396,-133.0650695687331,-59.9335,1,-4226.032954207868,
2026-09-08T04:24:26.278277+00:00,77.65796251195314,220.7515376254695,-143.09357511351635,-64.304,1,-4978.056607962578,
2026-09-08T04:24:27.283034+00:00,77.65550104056689,230.79384305911822,-153.13834201855133,-68.6817,1,-5731.671617905627,
2026-09-08T04:24:28.289414+00:00,77.65195340915484,240.83167167033974,-163.17971826118492,-73.0578,1,-6484.705456296629,
2026-09-08T04:24:29.331015+00:00,77.65032222708604,251.21553641466892,-173.56521418758288,-77.584,1,-7264.0096109205215,
2026-09-08T04:24:30.300837+00:00,77.65032222708604,260.9529302707175,-183.30260804363147,-81.8276,1,-7993.979768066975,
2026-09-08T04:24:31.332591+00:00,77.64944012679724,271.2392396026287,-193.58979947583146,-86.3109,1,-8766.457541009317,
2026-09-08T04:24:32.353619+00:00,77.6495303449388,281.51493477864165,-203.86540443370285,-90.7892,1,-9535.66235384393,
2026-09-08T04:24:33.302908+00:00,77.6495303449388,290.9691374306191,-213.31960708568033,-94.9094,1,-10245.719433635953,
2026-09-08T04:24:34.307869+00:00,77.6517174986201,301.04856542412045,-223.39684792550037,-99.3012,1,-11000.922053011309,
2026-09-08T04:24:35.330214+00:00,77.65166058035479,311.1970350461093,-233.54537446575452,-103.7241,1,-11762.155778473763,
2026-09-08T04:24:36.316061+00:00,77.64707538156632,321.14544442349893,-243.49836904193262,-108.0617,1,-12508.49590360851,
2026-09-08T04:24:37.323500+00:00,77.64573990225736,331.19257132779455,-253.5468314255372,-112.441,1,-13262.367153213963,
2026-09-08T04:24:38.343612+00:00,77.64458710001497,341.42258706531624,-263.77799996530126,-116.8998,1,-14029.517933134895,
2026-09-08T04:24:39.330004+00:00,77.64707612028842,351.2981143256022,-273.6510382053138,-121.2026,1,-14770.029596969427,
2026-09-08T04:24:40.334791+00:00,77.64675627670564,361.3517076981789,-283.7049514214733,-125.5843,1,-15524.102234852682,
2026-09-08T04:24:41.342675+00:00,77.64869716006324,364.3499016877538,-286.70120452769055,-126.8901,1,-15747.766045307468,
2026-09-08T04:24:42.337060+00:00,77.64804311974952,337.7283879431899,-260.0803448234404,-115.2884,1,-13748.056809400456,
2026-09-08T04:24:43.336718+00:00,77.64940336282775,294.75025933074585,-217.1008559679181,-96.5573,1,-10526.151592810358,
2026-09-08T04:24:44.372470+00:00,77.64799072604862,250.38236848337164,-172.73437775732302,-77.2219,1,-7198.107061195197,
2026-09-08T04:24:45.381075+00:00,77.64717774080106,207.3384819557044,-129.69130421490334,-58.4631,1,-3966.6119139698794,
2026-09-08T04:24:46.352086+00:00,77.64932001748659,165.60647548038617,-87.95715546289958,-40.2749,1,-847.4458905880883,
2026-09-08T04:24:47.366012+00:00,77.64795222246977,122.54934137289796,-44.90138915042819,-21.5106,1,2391.396367028042,
2026-09-08T04:24:48.361647+00:00,77.64852767360846,85.65308008666351,-8.004552413055052,-5.4305,1,5162.187121255282,
2026-09-08T04:24:49.512260+00:00,77.65254603340813,73.10413893422349,4.548407099184644,0.0402,0,6095.677852438849,sell 75x BTC-MINI; buy 75x ETH-MINI
2026-09-08T04:24:50.370810+00:00,77.65374145686094,73.10151470410584,4.552226752755104,0.0419,0,1965.2088999999999,
2026-09-08T04:24:51.372609+00:00,77.65531629289262,73.09767490965731,4.557641383235307,0.0443,0,1965.2088999999999,
2026-09-08T04:24:52.382988+00:00,77.65450282938346,73.09003142335483,4.56447140602863,0.0473,0,1965.2088999999999,
2026-09-08T04:24:53.419294+00:00,77.65411512957654,73.08823646946722,4.56587866010932,0.0479,0,1965.2088999999999,
2026-09-08T04:24:54.381555+00:00,77.65402299876708,73.0846375343858,4.56938546438127,0.0494,0,1965.2088999999999,
2026-09-08T04:24:55.386847+00:00,77.655474893468,73.0814445130912,4.574030380376797,0.0514,0,1965.2088999999999,
2026-09-08T04:24:56.380936+00:00,77.65883083468611,73.09021999458226,4.568610840103858,0.0491,0,1965.2088999999999,
2026-09-08T04:24:57.905193+00:00,77.65940810064029,73.08862231980451,4.570785780835777,0.05,0,1965.2088999999999,
2026-09-08T04:24:58.389397+00:00,77.65722543820554,73.09325957143218,4.5639658667733585,0.047,0,1965.2088999999999,
2026-09-08T04:24:59.396354+00:00,77.66149217092457,73.08774424288855,4.573747928036028,0.0513,0,1965.2088999999999,
2026-09-08T04:25:00.450307+00:00,77.66001343616809,73.10079798436334,4.5592154518047465,0.045,0,1965.2088999999999,
2026-09-08T04:25:01.399832+00:00,77.66271679237684,73.09602557132443,4.566691221052409,0.0482,0,1965.2088999999999,
2026-09-08T04:25:02.400330+00:00,77.66543436670868,73.08174906169661,4.583685305012068,0.0556,0,1965.2088999999999,
2026-09-08T04:25:03.421742+00:00,77.66503752108237,73.0719131565894,4.593124364492965,0.0597,0,1965.2088999999999,
2026-09-08T04:25:04.412698+00:00,77.66635082422529,73.07651989077488,4.589830933450415,0.0583,0,1965.2088999999999,
2026-09-08T04:25:05.415926+00:00,77.6649478772947,73.08392644109537,4.581021436199322,0.0545,0,1965.2088999999999,
2026-09-08T04:25:06.445965+00:00,77.66256180037071,73.0860136685194,4.576548131851311,0.0525,0,1965.2088999999999,
2026-09-08T04:25:07.422576+00:00,77.66001143795513,73.07025233898662,4.589759098968514,0.0583,0,1965.2088999999999,
2026-09-08T04:25:08.416150+00:00,77.66261224284818,73.06454791705806,4.598064325790119,0.0619,0,1965.2088999999999,
2026-09-08T04:25:09.422166+00:00,77.66194162760941,73.08142837146247,4.5805132561469435,0.0542,0,1965.2088999999999,
2026-09-08T04:25:10.425765+00:00,77.65914919131535,73.09149826960771,4.567650921707639,0.0486,0,1965.2088999999999,
2026-09-08T04:25:11.429506+00:00,77.65833649200248,73.08937232022024,4.568964171782241,0.0492,0,1965.2088999999999,
2026-09-08T04:25:12.430210+00:00,77.66015388485539,73.10611258725152,4.554041297603874,0.0427,0,1965.2088999999999,
2026-09-08T04:25:13.434340+00:00,77.66132267364367,73.10343831311182,4.557884360531844,0.0444,0,1965.2088999999999,
2026-09-08T04:25:14.439813+00:00,77.66050319626838,73.10951700771929,4.550986188549089,0.0414,0,1965.2088999999999,
2026-09-08T04:25:15.439588+00:00,77.6604238861605,73.12478862370837,4.535635262452132,0.0347,0,1965.2088999999999,
2026-09-08T04:25:16.442502+00:00,77.66229089364612,73.13538937589723,4.5269015177488825,0.0309,0,1965.2088999999999,
2026-09-08T04:25:17.443674+00:00,77.66373915207123,73.13074379939471,4.532995352676522,0.0335,0,1965.2088999999999,
2026-09-08T04:25:18.450024+00:00,77.66482400861814,73.12412570415786,4.540698304460278,0.0369,0,1965.2088999999999,
2026-09-08T04:25:19.450067+00:00,77.66459503307784,73.11444963180278,4.55014540127506,0.041,0,1965.2088999999999,
2026-09-08T04:25:20.465389+00:00,77.66467193575019,73.10683253403357,4.55783940171662,0.0444,0,1965.2088999999999,
2026-09-08T04:25:21.456832+00:00,77.66922037786252,73.11616726245644,4.5530531154060725,0.0423,0,1965.2088999999999,
2026-09-08T04:25:22.464498+00:00,77.67063524815227,73.10641010466837,4.564225143483895,0.0471,0,1965.2088999999999,
2026-09-08T04:25:23.470401+00:00,77.67216484618851,73.09585017722719,4.576314668961317,0.0524,0,1965.2088999999999,
2026-09-08T04:25:24.473166+00:00,77.67155907785724,73.09582167675055,4.575737401106693,0.0522,0,1965.2088999999999,
2026-09-08T04:25:25.479726+00:00,77.67350310811746,73.09028742821769,4.583215679899766,0.0554,0,1965.2088999999999,
2026-09-08T04:25:26.509561+00:00,77.67043244612076,73.077807385605,4.592625060515758,0.0595,0,1965.2088999999999,
2026-09-08T04:25:27.486745+00:00,77.66873131650158,73.07949137512968,4.5892399413719005,0.058,0,1965.2088999999999,
2026-09-08T04:25:28.595537+00:00,77.66897432125032,73.06255204004441,4.606422281205909,0.0655,0,1965.2088999999999,
2026-09-08T04:25:29.488968+00:00,77.66657685543016,73.05465713263418,4.611919722795989,0.0679,0,1965.2088999999999,
2026-09-08T04:25:30.500830+00:00,77.66945503929036,73.05905262353735,4.610402415753001,0.0673,0,1965.2088999999999,
2026-09-08T04:25:31.489742+00:00,77.66905196709324,73.04940944480128,4.619642522291954,0.0713,0,1965.2088999999999,
2026-09-08T04:25:32.500388+00:00,77.67107132773894,73.05360677792235,4.617464549816589,0.0703,0,1965.2088999999999,
2026-09-08T04:25:33.505779+00:00,77.66979856427471,73.05649178473128,4.613306779543436,0.0685,0,1965.2088999999999,
2026-09-08T04:25:34.506940+00:00,77.67202624346044,73.06397626129971,4.608049982160722,0.0662,0,1965.2088999999999,
2026-09-08T04:25:35.513041+00:00,77.67370633432199,73.0668361295216,4.606870204800387,0.0657,0,1965.2088999999999,
2026-09-08T04:25:36.514364+00:00,77.67467258753001,73.0704357634017,4.604236824128307,0.0646,0,1965.2088999999999,
2026-09-08T04:25:37.527095+00:00,77.67385870883741,73.07429965686492,4.599559051972491,0.0625,0,1965.2088999999999,
2026-09-08T04:25:38.520773+00:00,77.67481118571752,73.08067706565522,4.594134120062293,0.0602,0,1965.2088999999999,
2026-09-08T04:25:39.532711+00:00,77.67474245490007,73.08086012241947,4.593882332480604,0.0601,0,1965.2088999999999,
2026-09-08T04:25:40.531121+00:00,77.67394876361698,73.08704305127932,4.5869057123376535,0.057,0,1965.2088999999999,
2026-09-08T04:25:41.531446+00:00,77.67388558432097,73.08132122239077,4.592564361930201,0.0595,0,1965.2088999999999,
2026-09-08T04:25:42.534236+00:00,77.67464717643968,73.08040208671376,4.594245089725916,0.0602,0,1965.2088999999999,
2026-09-08T04:25:43.537034+00:00,77.67681526101995,73.08039959128605,4.596415669733901,0.0612,0,1965.2088999999999,
2026-09-08T04:25:44.536756+00:00,77.6814272164,73.08463172372889,4.596795492671106,0.0613,0,1965.2088999999999,
2026-09-08T04:25:45.549431+00:00,77.68036923983198,73.08717917105571,4.593190068776266,0.0598,0,1965.2088999999999,
2026-09-08T04:25:46.547097+00:00,77.68199969542489,73.09961456531617,4.582385130108719,0.0551,0,1965.2088999999999,
2026-09-08T04:25:47.551894+00:00,77.68099398321196,73.0950794908068,4.585914492405166,0.0566,0,1965.2088999999999,
2026-09-08T04:25:48.553877+00:00,77.68007135990321,73.09593031437352,4.584141045529691,0.0558,0,1965.2088999999999,
2026-09-08T04:25:49.556806+00:00,77.68102239111478,73.0990989267968,4.581923464317981,0.0549,0,1965.2088999999999,
2026-09-08T04:25:50.559956+00:00,77.68159211075942,73.08841070069322,4.593181410066208,0.0598,0,1965.2088999999999,
2026-09-08T04:25:51.568250+00:00,77.68172566449135,73.09676578131837,4.584959883172985,0.0562,0,1965.2088999999999,
2026-09-08T04:25:52.565170+00:00,77.68044977258494,73.10676857302674,4.5736811995581945,0.0513,0,1965.2088999999999,
2026-09-08T04:25:53.700575+00:00,77.681281256846,73.11816482284416,4.5631164340018415,0.0467,0,1965.2088999999999,
2026-09-08T04:25:54.582779+00:00,77.68029690331188,73.1165438968355,4.563753006476389,0.0469,0,1965.2088999999999,
2026-09-08T04:25:55.683152+00:00,77.68044643742792,73.10192475318614,4.578521684241778,0.0534,0,1965.2088999999999,
2026-09-08T04:25:56.597694+00:00,77.67807705075344,73.08488797674904,4.5931890740044,0.0598,0,1965.2088999999999,
2026-09-08T04:25:57.582262+00:00,77.675383209723,73.08962010294975,4.585763106773243,0.0565,0,1965.2088999999999,
2026-09-08T04:25:58.585122+00:00,77.67467178774145,73.07503075308007,4.599641034661374,0.0626,0,1965.2088999999999,
2026-09-08T04:25:59.589653+00:00,77.67558158912405,73.08297887510665,4.592602714017403,0.0595,0,1965.2088999999999,
2026-09-08T04:26:00.594865+00:00,77.67385309914724,73.09018794468973,4.583665154457506,0.0556,0,1965.2088999999999,
2026-09-08T04:26:01.598840+00:00,77.67403697580691,73.09927005122414,4.574766924582775,0.0517,0,1965.2088999999999,
2026-09-08T04:26:02.600799+00:00,77.67026964618702,73.0718073878937,4.598462258293324,0.0621,0,1965.2088999999999,
2026-09-08T04:26:03.602068+00:00,77.67132440465929,73.08621480802385,4.585109596635434,0.0562,0,1965.2088999999999,
2026-09-08T04:26:04.600111+00:00,77.67015258161044,73.09110313465294,4.579049446957498,0.0536,0,1965.2088999999999,
2026-09-08T04:26:05.636510+00:00,77.6683208050707,73.0755047106485,4.592816094422204,0.0596,0,1965.2088999999999,
2026-09-08T04:26:06.603270+00:00,77.67224966880775,73.07559210444848,4.596657564359276,0.0613,0,1965.2088999999999,
2026-09-08T04:26:07.608844+00:00,77.6750256721601,73.09304839302236,4.581977279137746,0.0549,0,1965.2088999999999,
2026-09-08T04:26:08.610626+00:00,77.67703134686947,73.08558583765016,4.591445509219312,0.059,0,1965.2088999999999,
2026-09-08T04:26:09.622419+00:00,77.67938211334048,73.06964049670123,4.609741616639255,0.067,0,1965.2088999999999,
2026-09-08T04:26:10.623448+00:00,77.6764637953734,73.05766993008972,4.618793865283678,0.0709,0,1965.2088999999999,
2026-09-08T04:26:11.621620+00:00,77.67730191968198,73.06017153771978,4.617130381962198,0.0702,0,1965.2088999999999,
2026-09-08T04:26:12.620994+00:00,77.6759451326214,73.0504829862126,4.625462146408793,0.0738,0,1965.2088999999999,
2026-09-08T04:26:13.621389+00:00,77.68003419327587,73.04713600723927,4.6328981860365985,0.0771,0,1965.2088999999999,
2026-09-08T04:26:14.648495+00:00,77.67985498010194,73.01558948223729,4.664265497864648,0.0907,0,1965.2088999999999,
2026-09-08T04:26:15.690091+00:00,77.6823359067648,73.02865060221313,4.653685304551672,0.0861,0,1965.2088999999999,
2026-09-08T04:26:16.653721+00:00,77.68236722837315,73.03290364442209,4.649463583951061,0.0843,0,1965.2088999999999,
2026-09-08T04:26:17.664568+00:00,77.6851461714768,73.02077992480727,4.66436624666953,0.0908,0,1965.2088999999999,
2026-09-08T04:26:18.646507+00:00,77.68774576866895,73.01227829694719,4.67546747172176,0.0956,0,1965.2088999999999,
2026-09-08T04:26:19.646110+00:00,77.68708017477114,73.01291533113705,4.674164843634088,0.0951,0,1965.2088999999999,
2026-09-08T04:26:20.642756+00:00,77.68615414960325,73.01128444695395,4.674869702649303,0.0954,0,1965.2088999999999,
2026-09-08T04:26:21.645628+00:00,77.68189415716904,72.99754910731608,4.684345049852965,0.0995,0,1965.2088999999999,
2026-09-08T04:26:22.648475+00:00,77.67881219710162,73.00985691423965,4.6689552828619725,0.0928,0,1965.2088999999999,
2026-09-08T04:26:23.651176+00:00,77.67832626039323,73.01590368857266,4.662422571820571,0.0899,0,1965.2088999999999,
2026-09-08T04:26:24.661649+00:00,77.67709234444891,73.0184745713129,4.658617773136015,0.0883,0,1965.2088999999999,
2026-09-08T04:26:25.661859+00:00,77.64649993869747,73.03354597317306,4.612953965524412,0.0684,0,1965.2088999999999,
2026-09-08T04:26:26.663082+00:00,77.61158607770292,73.0442237069352,4.567362370767725,0.0485,0,1965.2088999999999,
2026-09-08T04:26:27.664863+00:00,77.57975359611628,73.05297469126474,4.52677890485154,0.0308,0,1965.2088999999999,
2026-09-08T04:26:28.663583+00:00,77.54428421784705,73.04906676853226,4.495217449314794,0.0171,0,1965.2088999999999,
2026-09-08T04:26:29.667435+00:00,77.50336767769976,73.04721190557633,4.456155772123424,0.0,0,1965.2088999999999,
2026-09-08T04:26:30.729464+00:00,77.46709340798898,73.06984892855276,4.397244479436225,-0.0256,0,1965.2088999999999,
2026-09-08T04:26:31.672709+00:00,77.4328564124735,73.07574496565387,4.35711144681963,-0.0431,0,1965.2088999999999,
2026-09-08T04:26:32.688289+00:00,77.4024187168926,73.0745907824898,4.327827934402791,-0.0559,0,1965.2088999999999,
2026-09-08T04:26:33.678419+00:00,77.3687828018892,73.08375255989354,4.285030241995656,-0.0745,0,1965.2088999999999,
2026-09-08T04:26:34.681684+00:00,77.33691393829159,73.08328825209684,4.253625686194752,-0.0882,0,1965.2088999999999,
2026-09-08T04:26:35.685677+00:00,77.30192204001139,73.09503603251322,4.20688600749817,-0.1086,0,1965.2088999999999,
2026-09-08T04:26:36.687013+00:00,77.26499767494504,73.09197317845965,4.173024496485382,-0.1233,0,1965.2088999999999,
2026-09-08T04:26:37.698670+00:00,77.22828846947,73.08976559500636,4.138522874463646,-0.1384,0,1965.2088999999999,
2026-09-08T04:26:38.696736+00:00,77.19445309152978,73.10131263918498,4.093140452344798,-0.1582,0,1965.2088999999999,
2026-09-08T04:26:39.727251+00:00,77.1629662279378,73.08897985798738,4.073986369950418,-0.1665,0,1965.2088999999999,
2026-09-08T04:26:40.704797+00:00,77.12604302205462,73.07813929632763,4.047903725726982,-0.1779,0,1965.2088999999999,
2026-09-08T04:26:41.711214+00:00,77.08919436233255,73.07336321870049,4.015831143632056,-0.1919,0,1965.2088999999999,
2026-09-08T04:26:42.711270+00:00,77.05671684760132,73.0779976975442,3.978719150057117,-0.208,0,1965.2088999999999,
2026-09-08T04:26:43.715139+00:00,77.0243634491174,73.06989600183948,3.9544674472779207,-0.2186,0,1965.2088999999999,
2026-09-08T04:26:44.762237+00:00,76.98940610543964,73.07856058139959,3.910845524040056,-0.2376,0,1965.2088999999999,
2026-09-08T04:26:45.717157+00:00,76.95910396972111,73.0761876779933,3.8829162917278097,-0.2498,0,1965.2088999999999,
2026-09-08T04:26:46.722451+00:00,76.923351280676,73.09499863848076,3.8283526421952416,-0.2736,0,1965.2088999999999,
2026-09-08T04:26:47.722723+00:00,76.88934608954784,73.09383852304359,3.7955075665042557,-0.2879,0,1965.2088999999999,
2026-09-08T04:26:48.724207+00:00,76.85237487432398,73.09764546040024,3.754729413923741,-0.3056,0,1965.2088999999999,
2026-09-08T04:26:49.730233+00:00,76.81693540680286,73.08849508342158,3.728440323381278,-0.3171,0,1965.2088999999999,
2026-09-08T04:26:50.733015+00:00,76.78116883166994,73.07883764654323,3.7023311851267096,-0.3285,0,1965.2088999999999,
2026-09-08T04:26:51.733374+00:00,76.74613790439379,73.07231197819814,3.673825926195647,-0.3409,0,1965.2088999999999,
2026-09-08T04:26:52.737320+00:00,76.71170697540455,73.08835081206902,3.6233561633355293,-0.3629,0,1965.2088999999999,
2026-09-08T04:26:53.742649+00:00,76.67414801793858,73.08643010227992,3.587717915658658,-0.3784,0,1965.2088999999999,
2026-09-08T04:26:54.747984+00:00,76.64015653340468,73.08580611561302,3.554350417791653,-0.393,0,1965.2088999999999,
2026-09-08T04:26:55.753176+00:00,76.60458788955525,73.07749059598197,3.527097293573277,-0.4049,0,1965.2088999999999,
2026-09-08T04:26:56.761926+00:00,76.56932020519477,73.07491971733297,3.494400487861796,-0.4191,0,1965.2088999999999,
2026-09-08T04:26:57.761905+00:00,76.53741802786958,73.078421653357,3.45899637451258,-0.4345,0,1965.2088999999999,
2026-09-08T04:26:58.767583+00:00,76.50152742450445,73.07664031996406,3.424887104540389,-0.4494,0,1965.2088999999999,
2026-09-08T04:26:59.767339+00:00,76.4693022815551,73.08295580076759,3.386346480787509,-0.4662,0,1965.2088999999999,
2026-09-08T04:27:00.783361+00:00,76.43263904546912,73.09249585545074,3.340143190018381,-0.4863,0,1965.2088999999999,
2026-09-08T04:27:01.778897+00:00,76.40375350242847,73.09656864633337,3.3071848560951054,-0.5007,0,1965.2088999999999,
2026-09-08T04:27:02.778052+00:00,76.3718130231792,73.1093265836437,3.2624864395354933,-0.5202,0,1965.2088999999999,
2026-09-08T04:27:03.783697+00:00,76.34095170227918,73.11421237870944,3.2267393235697455,-0.5358,0,1965.2088999999999,
2026-09-08T04:27:04.788833+00:00,76.30887896645612,73.12788290455465,3.1809960619014674,-0.5557,0,1965.2088999999999,
2026-09-08T04:27:05.851878+00:00,76.27509853263624,73.14376356058658,3.1313349720496575,-0.5773,0,1965.2088999999999,
2026-09-08T04:27:06.793546+00:00,76.23833078154087,73.15282771609574,3.085503065445124,-0.5973,0,1965.2088999999999,
2026-09-08T04:27:07.812953+00:00,76.2043840472827,73.14321770210076,3.0611663451819453,-0.6079,0,1965.2088999999999,
2026-09-08T04:27:08.798207+00:00,76.16708387741514,73.14062500059917,3.0264588768159655,-0.623,0,1965.2088999999999,
2026-09-08T04:27:09.820586+00:00,76.13182072075685,73.13702531839259,2.994795402364261,-0.6368,0,1965.2088999999999,
2026-09-08T04:27:10.804477+00:00,76.09752923035946,73.15414454427702,2.943384686082439,-0.6592,0,1965.2088999999999,
2026-09-08T04:27:11.811938+00:00,76.21535460173777,73.15968524665368,3.055669355084092,-0.6103,0,1965.2088999999999,
2026-09-08T04:27:12.843793+00:00,76.44649874045987,73.14665620619367,3.2998425342662046,-0.5039,0,1965.2088999999999,
